filament_id,segmentation_rle
20110120105534Ch_1,\_`h28ho1000004l0PO000008LL0000040L000004L00000004L000004L0000008H0000000000000040L000004L00000004L0000040L0000040L0000004L00000000000004L0000004L0000000000000040L0000040L000000000000040L0000000000000000000004L00000000000000000000004H400000X^WP1
20110120105534Ch_2,`ahf14lo100000L4lPN0Xn10hQN0Xn10hQN0Xn10hQN0Tn18`QN0`n10`QN0`n10`QN0`n10`QN0\m10hRN4H0dm1LdRN4H0dm1LdRN4H0dm1LdRN4H0`m1l0dRNTO\m1l0dRNTO\m1l0dRNTO\m1l0dRNTO\m1h0hRNTO\m1l0dRNTO\m1l0dRNTO\m1l0dRNTO\m10`RN08L\m14\RN08L\m14\RN08L\m14\RN08L\m1HlRN4Tn1LlQN4Tn1LlQN4Tn1LlQN4T^YW2
20110120105534Ch_3,liXQ2<do100000@<400000H4400000H4400000H4400000H4400000LL800000H0800000TO`0<000000L4000000H800000L0400000000000000TOdQN4\n1LdQN4\n1LdQN4\n1LdQN4\n1HP100000PYoj1
20110130110334Ch_1,PXXn1d0\o100000L<H00000L<H0000004L0000004L00000h0\OL00000<D0000004L0000004D800000lf_o1
20110130110334Ch_2,T_`d28ho1000000`0@000000<D0000008H000000hNhQNP1Pn1POPRNP1Pn1POPRNP1Pn1POPRNP1dn10L0000044H0000040L0000044H000008LL00000<LH0000008H000004<@000008H0000008H0000004H4000004L00000040L000004L00000040L000004L00000004L000004L0000004L00000004L000000000000040L0000040L00000000000004L0000000000000004L00000000000004L00000004L0000040L0000040L0000040L0000004L0000040L000004L00000040L000004L00000004L000004L0000008LL00000<LH0000040L000004L000000X[Wo0
20110214175414Mh_1,T]`[2<do100000D`0L00000L8L00000TOl0000000L8L00000L4000000LXOlRNPOPm1P1PSNPOPm1P1PSNPOPm1P1PSNPOPm1P1TSNlNll1T1TSNlNll1T1TSNlNll1T1TSNlNll1T1P10000004L000004POPRNLlm14TRNLlm14TRNLlm14TRNLTn1HTRN4lm1LTRN4lm1LTRN4lm1LTRN4To1D400000PcWa1
20110214175414Mh_2,\^hd28ho10000004L00000L40000000000000000000000000000000000000040L000000000000040L0000004L000004L00000004L000004L00000004L000000000000000000000000000004L0000000000000040L0000004L000004L00000004L000004L000000000000000000000040L00000000000004L0000008H000000X`_S1
20110214175414Mh_3,hYYg2<do100000H`0H00000L4000000H4400000LL800000H80000000H800000LL8000000H800000L040000000000000L040000000000000000000000L4000004H4000004L000000\g^T1
20110329082654Uh_1,hVXc1h0Xo10000008H0000040L000008LL0000040L000004L00000040L000004L00000040L0000044H0000040L0000040L000004L000000hg_Y2
20110329082654Uh_2,P_hn0<do100000L400000000000000L040000000000000L040000000000000L0400000L40000000L400000000000000L400000000000000000000000000000L40000000L4000000L40000000000000L40000000000000000000000L04000000L400000000000000000000004L000000000000004L0000000000000Pbgi2
20110329082654Uh_3,l_PT28ho100000000000000000000040`QNLll14TSNLll14TSNLll14TSNLPm1`0PRN<dm1D\RN<dm1D\RN<dm1D\RN<dm1P10000004dNPRN<Tn1DlQN<Tn1DlQN<Tn1DlQN<To1D400000h^oi1
20110329082654Uh_4,\b`Y14lo100000L40000004L00000004L0000004L000000000000004L000000000000004L000004L00000040L0000004L000004L00000040L0000004L000004L00000004L000004L0000004L00000004L000004L00000004L000004L00000004L0000044H0000040L00000X\o_2
20110329082654Uh_5,Xe`a18ho10000004L00000L400000000000000L4000000000000004L000000000000000000000000000000000000004L000000L40000000000000000000000L040000000000000L40000000H800000L40000000L400000L0400000000000000L400000\[_X2
20110329082654Uh_6,Xlh\28ho1000000000000004L000000000000004L000000000000040L0000004L0000004L0000040L0000008H0000044H0000040L000000000000040L000004XOd000000PSW_1
20110329082654Uh_7,`WaU1h0Xo100000Ll0XO00000L`0D00000H<L00000L4000000LhN`SNTOdl1l0\SNTOdl1l0\SNTOdl1l0\SNTO`l1<l100000LL8000000L400000L04000000L400000@<400000HL<000000L400000\jnf2
20110329082654Uh_8,lWQc28ho10000040L0000004L0000004L0000004L00000000000000000000004L00000@`0000000H440000000000000LL800000LL800000LH<000000L400000L40000000L400000L40000000L400000000000000L400000L4000000L4000000H4400000000000000\Od0000000H800000liVV1
20110329082654Uh_9,`YYc2<do10000004L0000004L0000008H00000L4000000L0400000L0400000L0400000LL8000008D400000lfVZ1
20110329082654Uh_10,h\Y`18ho100000L8L0000004L000000000000004L0000004L0000004L000000000000040L000008H0000004L000000000000004L000000000000000000000000000000000000000L4000000L4000000L400000hbfZ2
20110408083214Th_1,`i`c28ho100000L8L0000004L00000L8L00000L<H00000L8L0000008H0000044H0000048D000000000000004L000000L400000L04000000\Od0000000L400000\NhN`TNT1dk1lN\TNT1dk1lN\TNT1dk1lN\TNT1\k1XO\TNh0hk1XOXTNh0hk1XOXTNh0hk1XOXTNh0Tk1LdTN0hk10XTN0hk10XTN0hk10XTN0dk10\TNLlk14TTNLlk14TTNLlk14TTNLhk18TTNHPl18PTNHPl18PTNHPl18PTNHlk1<lSNHXl18hSNHXl18hSNHXl18hSNHPl1T2400000\O`0400000L04000000L4000000dLhSNd2dl1\M\SNd2dl1\M\SNd2dl1\M\SNd2hm1dNd000000`0TO<000008@800000lXWU1
20110408083214Th_2,\khj0d0\o100000@P1@00000H<L00000@`0000000D<000000\OXO\100000H08000000D<00000LL800000L0400000D<000000DHhRN\N\m1d1dRN\N\m1d1dRN\N\m1d1dRN\NTm1h1d000000LL800000LH<00000LL800000LL800000LH<000000\Od000000PY_P3
20110408083214Th_3,\h`n1<4`0`n1@`QN`0`n1@`QN`0`n1@`QN`0`n1l0D000000`NPRN\1dm1dN\RN\1dm1dN\RN\1dm1dN\RN\1\n14dQNhNXm1X1hRNhNXm1X1hRNhNXm1X1hRNhNdm1d1000000`0@0000008H000000<@4000008H0000008D400000lTon1
20110408083214Th_4,TkhW3<do100000POh1XO00000D<000000L04000000L4000000H800000l0dN`000000`U_f0
20110408083214Th_5,dXQ]14lo100000H8000000L4000000D8400000D8400000L0400000LL8000000H800000L0400000L0400000L04000000L400000L0400000L4000000L0400000L04000000L400000L04000000L4000000L400000hin]2
20110408083214Th_6,XXaR24lo100000H<L00000L400000000000000L0400000L0400000L0400000L0400000L0400000D48000000H800000Tifj1
20110408083214Th_7,d[aX1`0`o100000L4000000L04000000L400000H4400000L0400000000000000L400000L0400000L4000000L0400000L0400000L04000000L4000000H800000defc2
20110424064534Lh_1,l^hh0<do100000LP1TO0000044H000004`0\O000008T1dN00000`0HH0000080H00000<HL00000`0@000000T1POL00000<D0000008H0000008H00000040L00000P]gS3
20110424064534Lh_2,h`hX1d0\o1000004`0\O000008LL0000004L0000008H0000004L0000004L000000POlQN8Pn1HPRN8Pn1HPRN8Pn1HPRN8Tn1@TRN`0hm1@XRN`0hm1@XRN`0hm1@XRN`0ln10H0000040L0000080H0000040L000008LL0000080H0000040L0000040L000008H0000004L0000000000000040L000000000000004L000008D400000d[Wa2
20110424064534Lh_3,lgh=T1ln100000Hd0D00000Ll0XO00000P1LTO00000`0DL00000X1`N800000hUg`3
20110424064534Lh_4,`j`l1`0`o100000L8L000000d0\O000000`0@0000044H000004L0000004L0000004L0000000L400000000000004H4000004H400000000000004L00000000000000000000000000000040L000004<@0000048D0000044H0000004L000004H4000004hNT100000PT_m1
20110424064534Lh_5,P]Yf18ho10000004L00000000000000L4000000L400000H8000000L0400000L8L00000L4000000L0400000L4000000L4000000L0400000L4000000H0800000H4400000H0800000H0800000LL800000TNTO\TNl0lk1TOTTNl0lk1TOTTNl0lk1TOTTNl0lk1\OhSN`0`l1@`SN`0`l1@`SN`0`l1@`SN`0dl1DPSN4\m1LdRN4\m1LdRN4\m1LdRN4dm1l04000008\O<00000d0XO400000Pf^S2
20110424064534Lh_6,X]Ql0`0`o100000H<L00000L<H0000004L000008LL00000d0@L0000040L000008LL000004L00000040L000000000000040L000004L00000040L00000000000004L000000Tano2
20110429120534Ch_1,\]PZ2`0`o10000008H000004<@0000004L000008LL000004L0000004H400000PbWd1
20110429120534Ch_2,P`hn2`0`o1000000`0@0000004L000004L000000000000004L00000040L0000040L0000040L0000040L0000040L0000004L0000044H0000044H0000044H0000004L0000044H000008LL00000`0DL000008LL000008H0000008H000000T]gk0
20110429120534Ch_3,`c`\2<do10000008H0000040L00000000000004L0000004L00000004L00000000000004L00000004L000000000000004L000004L00000004L000000L4000000L4000000L400000l[W_1
20110429120534Ch_4,Td`R28ho100000L8L000000h0XO000008LL00000<LH0000080H00000<HL0000040L000008LL0000040L0000044H000008LL0000044H0000044H0000040L0000044H000008H0000008LL0000040L000004L00000040L0000004L0000000000000`Xgg1
20110429120534Ch_5,`n`:`0`o100000Dl0@00000L4000000L0400000L04000000L400000LXOl000000L0400000H4400000L4000000L4000000L8L00000L4000000L4000000L@d0000000H800000L4000000L0400000L0400000L0400000L0400000D84000000L4000000L4000000000000000000000H0800000HL<00000TOh0400000XOh0000000HH`000000L0400000H4400000POl0400000D4800000D<000000H4400000DPOdTNTN\k1l1dTNTN\k1l1dTNTN\k1l1dTNTNTk1l1XUNlMlj1T2TUNlMlj1T2TUNlMlj1T2TUNlMdj1`1\2000008\O<000000D<000004@<00000hYgZ3
20110429120534Ch_6,\ghP1`0`o100000L<H0000008H0000080H00000<<dQN\Olk1d0TTN\Olk1d0TTN\Olk1d0TTN\OPl1X20000008H000000<POhRN`NXm1`1hRN`NXm1`1hRN`NXm1`1hRN`Ndn10`QN4\n1LdQN4\n1LdQN4\n1LdQN4Po1400000004L000000L400000\UWl2
20110429120534Ch_7,dmPY2<do100000L8L00000L0400000\Od0000000dMXOdTN`1`k1`N`TN`1`k1`N`TN`1`k1`N`TN`1Tk1h1400000LL800000LL8000000XMdSNP1Xm1POhRNP1Xm1POhRNP1Xm1POhRNP1\m1lNdRN8Xn1HhQN8Xn1HhQN8Xn1HhQN8\n1@dQN0Po10PQN0Po10PQN0Po10PQN0`o1L400000`Uoc1
20110429120534Ch_8,llhQ1l0To100000lNP2TO0000004L000000`M`SNl1Tl1TNlSNl1Tl1TNlSNl1Tl1TNlSNl1Tl1PNPUN\1dj1dN\UN\1dj1dN\UN\1dj1dN\UN\1\m1\OL0000040L00000d0DH00000<HL00000<D000000PPgk2
20110429120534Ch_9,P[Qm0`0`o100000L8L00000L4000000L0400000L04000000L400000L40000000L40000000000000L0400000D<000000L0400000L040000000000000L4000000d0\O000000<D000000`efn2
20110429120534Ch_10,\^Q]24lo100000000000000000000004L00000L400000004L000000000000004L0000000000000L4000000D<000000D8400000lMPOPTNP2Xl1PNhSNP2Xl1PNhSNP2Xl1PNhSNP2Tl1h08000004H400000<lNh0000008hNP100000Tdf^1
20110529063154Uh_1,\_Xj28ho100000D<00000004L000000L400000000000000000000040L000000000000004L0000040L0000004L000004\O`000000d`gR1
20110529063154Uh_2,lbPj1<do100000L8L0000004L00000L8L0000000000000L040000000000000L0400000L040000000000000000000000L400000L04000000H8000000L4000004H400000h]oQ2
20110529063154Uh_3,`b`i0<do100000L`0D000000<D0000048D00000`0LD0000088@00000<HL00000h0\OL000008H00000040L00000X[oS3
20110529063154Uh_4,``i]2<do100000L8L00000000000000000000000000000000000000000000040L000000000000004L0000004L000000L40000000000000L0400000L4000000L4000000000000000L4000004L000000L0400000000000000L400000L40000000L400000L40000000L400000L04000000L4000000H80000000000000X`fZ1
20110529063154Uh_5,TcaT2<do10000008H0000008H00000000000004L000000000000000L40000000000000L4000000L4000000H8000000L4000000L040000000000000L0400000LL800000LH<000000H8000004H400000h]ff1
20110529063154Uh_6,TcYa14lo100000L<H00000L8L0000004L0000004L0000044H0000040L0000004L0000040L0000040L000004L0000004L00000004L00000L400000004L000000000000040L000004L00000040L0000080H0000040L000000000000040L0000040L000000000000040L0000004L000004L00000040L000004L0000004L0000008LL000008H0000000000000004L0000000000000H<L00000L400000004L0000000000000000000004L0000004L0000004L0000004L00000040L000000L400000L40000000L40000000000000000000004H4000000H800000TZ^Q2
20110531070514Th_1,dZPP1d0\o100000H<L00000L8L00000H`0H00000`00@000008LL000004l0PO000008LL00000`0DL0000080H0000040L0000040L000004L00000040L000004L00000044H0000008H0000044H0000048D000000PNPSNT1ll1lNTSNT1ll1lNTSNT1ll1lNTSNT1Pm1`N`SN\1\l1dNdSN\1\l1dNdSN\1\l1dNdSN\1hm1H00000040L0000080H000008`0XO0000044H000004L0000004L0000008H0000004L0000008D400000P`Wh2
20110531070514Th_2,PbP\14lo100000L8L0000008H0000084D0000080H0000044H0000044H0000080H000008`0XO0000080H000004L000000<@400000T\o`2
20110531070514Th_3,`cP\24lo10000000000000L8L0000000000000L40000000000000000000000000000000000000000000000L40000000L400000000000000L400000000000000000000004L000000000000000000000000000000000000004L0000004L00000L04000000H800000L4000000L400000000000000H<L00000H44000000L4000000L400000L40000000H8000000D<000004H400000h]oZ1
20110531070514Th_4,TcXg08ho100000L<H0000004L000004L00000004L0000040L0000044H0000048D000004<@0000080H00000<HL00000`0HH00000<HL000004L00000000000000000000000000000004L000004L00000040L0000044H000004d0XO00000000000004D800000TZgR3
20110531070514Th_5,hYYh04lo100000L400000004L000000000000000000000L4000000L0400000H8000000H4400000POl0400000L04000000D<00000LTOP100000\h^T3
20110531070514Th_6,haQP34lo100000XOh0000000L4000000L4000000000000000L400000000000004L000000L4000000H8000000L40000000L4000000L4000000L4000000L4000000L400000000000000L4000004L000000000000008D400000X_fj0
20110531070514Th_7,Xcie24lo100000L8L0000004L000000000000004L000000000000004L0000004L00000000000000L400000\O@dQN`0`n1@`QN`0`n1@`QN`0`n1@`QN`0\n1d0000000L400000000000000L40000000L4000000L40000000000000L04000000XOh000000LL8000004H400000P^fT1
20110531070514Th_8,TcYS2<do100000L<H0000008H0000004L0000004L0000040L00000`0@00000040L0000048D0000004L0000004L000000000000040L0000040L0000004L0000004L000008H00000040L000004L000000000000000000000040L000000000000040L0000004L000000000000004L000004L00000000000000L8L0000004L0000040L00000<D00000040L000004L0000000POXQNl0dn1TO\QNl0dn1TO\QNl0dn1TO\QNl0Po1L00000004L0000004L00000@d0L0000000000000`0@000000<D0000008LL000004L0000004L0000004L0000004L0000004L000000hX^`1
20110603123034Ch_1,d[`i1d0\o100000\Od00000000L4000000L400000000000000L4000000000000040L000004L0000004L00000004L000004`0\O0000004L000004L0000000L4000004H4000000L400000000000000L400000L8L0000004L0000004L00000L400000000000000L`0D0000008H0000040L000008H0000004L0000000L4000004L0000004L00000040L0000044H0000044H0000040L00000000000000000000040L000000000000008H0000004L0000004L0000044H0000040L000004L00000004L000000L4000000L4000000`NTRNl0lm1TOTRNl0lm1TOTRNl0lm1TOTRNl0hn1D4000008LL0000008H000004L0000004L0000004H4000004H40000004L0000000000000Xagg1
20110603123034Ch_2,X_`h04lo100000L8L00000L8L0000008H000000000000004L000000L400000L400000000000000L40000000L40000004L00000000000008LL0000044\QN@Xm1`0hRN@Xm1`0hRN@Xm1`0hRN@dm1\1L000008H0000008\O<00000P`oR3
20110603123034Ch_3,X_PY24P1<\m1DdRN<\m1DdRN<\m1DdRN<Xm14PRN<lm1DTRN<lm1DTRN<lm1DTRN<Pn1h00000000H8000004H4000008\O<00000\`_e1
20110603123034Ch_4,Xb`d04lo10000004L000004L00000008H00000L<H000000<D000004<lQNdNdl1\1\SNdNdl1\1\SNdNdl1\1\SNdNll1l2XO0000048D0000004L00000d0DH0000084D000004\N\SNH`l18`SNH`l18`SNH`l18`SNH`m1POPSNl0ll1TOTSNl0ll1TOTSNl0ll1TOTSNl0Xn10H00000<HL0000044dQN\Oll1d0TSN\Oll1d0TSN\Oll1d0TSN\OPm1l1L0000000000000`0@0000000@`0000008\O<00000`XoU3
20110603123034Ch_5,\chg14lo100000H`0H0000004L00000L8L00000L40000000L40000000000000000000000000000004L0000004L000000000000000000000000000004L0000000000000040L0000008H000008LL000004L0000008LL0000044H0000080XQNPOPn1P1PRNPOPn1P1PRNPOPn1P1PRNPOXn1\1L000008LL000004H4000008H0000004L00000040L000004L00000040L0000004L000004L000000000000004L000000000000004L00000004L0000040L000000000000040L000004L00000004L000004L00000040L000008H000000XYgl1
20110603123034Ch_6,hd`Y3<do1000000<D00000L`0D000000T1lN00000L8L0000004L000008LL000008`MhRNP2Pm1PNPSNP2Pm1PNPSNP2Pm1PNPSNP2Tn1L@00000<HL000008H0000008H0000008LL00000d0@L0000008H0000044H000008LL0000084D000008XO`000000XWga0
20110603123034Ch_7,djXe0h0Xo1000000d0\O000008LL00000`0DL00000<LH0000044H0000044H0000080H000008LL000008LL000004L00000040L000004L0000004L000000000000004L000000dRgV3
20110603123034Ch_8,hYil18ho100000L4000000L4000000L4000000L0400000H4400000L0400000D8400000D8400000L0400000HL<00000LD`000000LL800000L04000000L400000LL8000000L400000L0400000L4000000Pi^n1
20110603123034Ch_9,`YQV18ho100000H`0H00000H8000000D<000000H0800000LH<000000L400000LD`0000000L400000L40000000L400000L4000000000000004L00000000000000000000004L00000000000000000000000000000040L000000000000040L000004L000000`gnc2
20110603123034Ch_10,l`io0h0Xo10000004L00000L4000000000000000000000000000000L4000000000000004L0000004H400000T_fm2
20110706164014Mh_1,hcPe28ho100000H`0H0000040L000008LL0000044hPNHXn18hQNHXn18hQNHXn18hQNH\n1P1L000004H4000004H4000004H4000004L0000004L0000008H000000P[oW1
20110706164014Mh_2,hnXi2l0To100000Ll0XO0000008H0000040L00000\1hNL000008LL000000000000040L00000000000004H4000004H400000XonS1
20110706164014Mh_3,d[Ya04lo100000L8L000000000000004L0000000000000L8L00000L4000000000000000000000000000000L0400000L4000000H4400000@<400000@`0000000D<000000POP1000000HXOP100000HL<00000L40000000L4000008@800000h0PO8000004H4000008D400000lf^X3
20110706164014Mh_4,\Za[2<do100000L8L00000H4400000H4400000H0800000L0400000H4400000H0800000LH<000000L4000000L4000000L4000004H400000TgVa1
20110706164014Mh_5,hbYU2d0\o100000L0400000000000004L0000000000000040L0000004L000004L00000040L0000040L00000000000004H400000d\fg1
20110811121534Ch_1,l\`P1<do100000L8L00000000000000000000004L0000004L0000000000000000000000000000000000000000000000000000008PQNXOXn1h0hQNXOXn1h0hQNXOXn1h0hQNXOXn1X10000000L4000004H4000004H4000000H8000004H4000000000000000000000000000004L000000hbgi2
20110811121534Ch_2,h^`j0h0Xo100000L8L0000008H0000008H000000000000040L000004L00000044H0000044H00000<HL000008h0PO0000044H00000<HL00000<D0000000POhQN8Xn1HhQN8Xn1HhQN8Xn1HhQN8To1H4000008@800000X^WQ3
20110811121534Ch_3,`a`o1<do10000004L00000L400000004L000000000000004L000008LL000004L00000000000000000000000L40000004L000000000000040L0000000000000000000000L4000004H400000P^ok1
20110811121534Ch_4,dcPP2d0\o100000L8L00000L8L00000L400000004L00000L0400000L4000000L`0D00000L`0D000000000000004L0000044H00000<HL00000h0@H00000T1TOH0000044H0000044H000004T1hN0000008H00000<8\O00000h0\OL0000084D00000T1POL00000<D0000008H0000004L0000004D800000TWWi1
20110811121534Ch_5,hghU38ho100000lN0TRN8hm1HXRN8hm1HXRN8hm1HXRN8Xk1DPVNh0TN0lk1XOPVNh0TN0lk1XOPVNh0TN0lk1XOPVNh0TN0Pk1d0`UNP1hj1POXUNP1hj1POXUNP1hj1POXUNP1hj1XOlTNh0Xk1XOhTNh0Xk1XOhTNh0Xk1XOhTNh0`k14PUNTNTk1l1lTNTNTk1l1lTNTNTk1l1lTNTNXk1\1XUNXNPk1h1PUNXNPk1h1PUNXNPk1h1PUNXNTl1<l100000X[Wh0
20110811121534Ch_6,Pjhn0<do100000L4000000L40000000L400000L40000000L40000000000000L4000000L040000000000000L04000000L4000000L400000000000000L400000L4000000L400000000000000L0400000D8400000H4400000L0400000L0400000L0400000H4400000H4400000D8400000H0800000H0800000lNl0800000D48000000H800000`0XO8000008@8000004D800000TZ_h2
20110811121534Ch_7,hg`a0T1ln100000D`0L00000H8000000HXOhRN\OTm1d0lRN\OTm1d0lRN\OTm1d0lRN\Oll1`0hSNTO\l1l0dSNTO\l1l0dSNTO\l1l0dSNTOXl1h0d100000LL800000LL8000004H400000dYW\3
20110811121534Ch_8,Xi`]3`0`o100000L8L0000004XQN\Olm1d0TRN\Olm1d0TRN\Olm1d0TRN\OPn1l1\O000008<\O000000<D0000040L000008LL000004L0000004@<000008`N\RNHPn18PRNHPn18PRNHPn18PRNHdSi?
20110811121534Ch_9,TWQR2`0`o100000L4000000000000000L4000004H4000000L400000L4000000L4000000L40000000L4000000L400000000000000L400000L0400000L4000000L4000000L40000000L400000000000000H800000hinh1
20110811121534Ch_10,lXYS3`0`o100000L0400000H8000000L0400000L0400000H4400000LL800000H4400000L0400000LL8000000H800000L04000000L40000000000000000000004L000000dhfh0
20110811121534Ch_11,h]Qf18ho100000L4000000L0400000H4400000D8400000L0400000L40000000L400000LL800000L0400000L0400000L0400000H4400000L0400000L0400000H4400000L0400000L4000000H4400000L0400000L0400000LL800000LD`0000000L400000L0400000L0400000L0400000000000000L4000000L400000Pf^R2
20110811121534Ch_12,P[al28ho100000L4000000L4000000L8L00000H8000000L40000004H4000000L4000000L4000000L40000000000000L040000000000000L040000000000000L04000000L4000000L400000Pfnn0
20110811121534Ch_13,haaa28ho100000L4000000L40000000L400000L4000000L40000000L400000L4000000H4400000D<000000L0400000L400000000000000L0400000L0400000@`0000000L040000000000000L40000000L400000H0800000LL8000000L4000000L4000000L400000L0400000L0400000L04000004D800000<\O800000PanV1
20110811121534Ch_14,XcY^2<do100000L40000000000000004L0000004L00000L4000000L0400000L40000000000000000000000L@`QNDdn1<\QNDdn1<\QNDdn1<\QNDdn18d000000000000000L400000\]V^1
20110819131834Ch_1,deXY14lo100000L40000000000000000000000000000000000000004L00000000000004L00000004L0000000000000L4000000L040000000000000L40000000L40000000000000L4000000L4000000L4000000L40000000L400000L4000000LL80000000000000L400000004L0000000000000L40000000L400000LL800000LL800000L4000000L04000000H800000L04000000L400000000000000L400000L40000000L400000000000004H400000\\o[2
20110819131834Ch_2,\jXe0T1ln100000\O`2TN00000\Oh0L00000D8400000\O`0400000L0400000LPM`UN`N4T1`j1<\UN`N4T1`j1<\UN`N4T1`j1<\UN`N4T1\j18dWNdNdh1\1\WNdNdh1\1\WNdNdh1\1\WNdN`h1h0XXNTOlg1l0TXNTOlg1l0TXNTOlg1l0TXNTOhg1l0h300000L04000000XOdQNL\n14dQNL\n14dQNL\n14dQNLXn14PRNHPn18PRNHPn18PRNHPn18PRNHlm18P100000L4000000L04000000L400000L04000000L400000L0400000000000000L4000004L00000000000000XYgT3
20110819131834Ch_3,XkPQ2<do1000000000000004L00000000000000000000004L0000004L0000004L0000040L0000040L0000044H0000008H00000L8L0000004L0000004L00000d0@L00000<LH0000040L0000048D0000044H000008H000000<D0000004L000000\RWi1
20110819131834Ch_4,T^aQ18ho10000004L000000`1`N000004L0000004H4000000L4000008\O<00000\afl2
20110819131834Ch_5,Xhie14lo100000L8L00000L4000000L8L00000H8000000L040000000000000000000000L4000004L0000004L0000000L4000004L000000L400000004L00000000000000000000000000000000000004L00000004L000000000000000000000000000000000000000000000000000000000000000000000000000004L00000004L000000000000040L0000004L0000040L000004L0000000000000040L00000000000004L0000000000000040L000004L0000004H400000PWnn1
20110827141254Bh_1,\a`X3<do100000\O`0400000H4400000L4000000L40000000000000040L0000008H0000044H0000004L0000004L000004L000000000000004L0000008LL000004L0000004L00000040L000008@8000008\O<00000T^_b0
20110827141254Bh_2,\g`Z3d0\o100000\O\1XO00000L8L00000L<H0000004L000000hM`SNT1\l1lNdSNT1\l1lNdSNT1\l1lNdSNT1\l1dN\TNT1\k1lNdTNT1\k1lNdTNT1\k1lNdTNT1\m10H0000080H0000004L0000048D00000`0HH00000<LH0000040L00000<LH000008LL0000080H0000040L0000044H0000084D0000080H0000080XRNlNTl1T1lSNlNTl1T1lSNlNTl1T1lSNlN`l1T1lRNXOPm1h0PSNXOPm1h0PSNXOPm1h0PSNXOXm1d10000008DPSNXNPl1h1PTNXNPl1h1PTNXNPl1h1PTNXN\l1`1XSNlNdl1T1\SNlNdl1T1\SNlNdl1T1\SNlNhl1T20000008H0000008D4000008D4000004D8000004H4000004H4000008D400000`Qo<
20110827141254Bh_3,TmPX24lo100000L4000000000000000L400000L8L00000L400000040L0000004L000004L00000040L000000000000040L0000004L0000044H0000048D0000044H00000<LH000008LL000008D400000`QWc1
20110912142254Bh_1,\[XX2d0\o100000H8000000lNXOhRNT1Tm1lNlRNT1Tm1lNlRNT1Tm1lNlRNT1Xl1l1L00000LP1TO0000044H00000000000004L000000<D000000`1\N400000X1dN4000004H400000`cgd1
20110912142254Bh_2,\dhg0`0`o100000@P1@0000004L0000040L00000l0XOL000008LL000008LL000004L00000004L000000T1lN0000004L000004XNXRNX1`m1hN`RNX1`m1hN`RNX1`m1hN`RNX1dn1DL000008LL000008LL000004L0000004L000000000000004H400000\X_S3
20110912142254Bh_3,Te`c2`0`o1000004L00000004L0000004L00000000000004L0000000000000004L0000004L0000004L0000000000000000000008H00000040L0000040L0000040L0000040L0000004L0000040L0000040L000008LL0000040L0000040L0000040L0000040L0000040L000004L0000008H000000\X_U1
20110912142254Bh_4,`nPa24lo100000lN8hQN4Tn1LlQN4Tn1LlQN4Tn1LlQN4Pn1P100000004L000008H0000008H000000d0XO400000dQW]1
20110912142254Bh_5,h]Q\24lo100000H<L00000L400000000000000L400000000000000000000004L0000000000000000000000000000000000000000000000000000000000000000000000000000004H4000000000000000000000000000004L000000\b^^1
20110912142254Bh_6,haiS24lo100000L4000000L8L00000L400000000000000L40000000L400000L040000000000000L40000000L400000L40000000L400000L4000000L0400000H4400000D<000000H0800000L0400000L0400000L0400000L0400000D4800000H0800000L04000000L400000L04000000H8000000H8000000H8000000L400000da^d1
20110912142254Bh_7,laaf1d0\o100000D<000000@`0000000H44000000H8000000H8000000D<000004H4000000L40000000000000T_nV2
20110912142254Bh_8,lbYo14lo100000H<L0000000000000L040000000000000000000000000000000000000L40000000L400000L4000000L4000000L40000000L4000004L0000004D800000h]fl1
20110912142254Bh_9,TfQa1d0\o100000L`0D0000004L00000000000004L00000040L000004L000000000000000000000000000000000000000L40000000000000L0400000L400000004L00000H800000000000000L0400000L40000000000000000000000000000004H40000000000000L40000000L400000L8L00000L0400000L4000000L4000000POhNPSN\1Tm1dNlRN\1Tm1dNlRN\1Tm1dNlRN\1Pm1h04000000L4000000L4000000L4000004D800000l[fU2
20111015063134Lh_1,XbXh08ho10000008H000000<D00000000000004LTQNDTn1<lQNDTn1<lQNDTn1<lQNDTn18dQN8<XOXm1`0\RN8<XOXm1`0\RN8<XOXm1`0\RN8<XOXm1`0\RN<4@Xm14dRN<4@Xm14dRN<4@Xm14dRN<4@\m1L`RNd1X1\N\j10\TNd1X1\N\j10\TNd1X1\N\j10\TNd1X1\N`j1H`TN`2LXN`k1XOdTN`2LXN`k1XOdTN`2LXN`k1XOdTN`2LXNPl1l2000000<HL000004L000000000000004`MPTNl0lk1TOTTNl0lk1TOTTNl0lk1TOTTNl0lk1hNdTNLXO`0Pl1DhTNLXO`0Pl1DhTNLXO`0Pl1DhTNLXO`0Pl1\OPUN4POd0lk1XOTUN4POd0lk1XOTUN4POd0lk1XOTUN4POd0To1@L000000`0@0000040L0000000000000`0\O400000\X_R3
20111015063134Lh_2,\dhl1<do100000L8L00000L`0D00000D`0L00000@`00000000POP1000000H8000000H8000000H800000H4400000L40000000L4000000L400000T]oo1
20111015063134Lh_3,PcPT3<do100000L8L0000000000000L40000000000000008H0000004L0000004L0000004L000004L00000040L000004L0000004L0000000000000040L000004L0000008LL0000044H000004L0000008H0000008D400000`[gf0
20111015063134Lh_4,hcPS28ho10000004L0000004L00000000000000000000000000000000000000000000004L000004L000000000000004L00000004L000004L00000004L000000000000040L00000L400000004L00000000000004L000000000000004L000000000000004L00000004L0000040L0000004L0000004L000004L0000000000000004L00000000000004L0000000000000000000000000000000L400000000000000000000004L000004L000000000000000000000000000000000000004L0000000000000004L000000000000040L000000000000000000000000000004L00000004L00000000000000000000040L00000000000004L00000040L000004L000000TZW]1
20111015063134Lh_5,`hPm0<do10000008H00000L4000000000000000000000004L000004L00000004L0000040L0000004L000008LL0000040L000004L0000008H00000004L000004L000000L4000000@<4000004L0000000H8000000L400000L40000000L400000L40000000L400000L0400000\W_l2
20111015063134Lh_6,\jPU14lo1000000<D0000008H0000040L000004L00000004L000004<@0000044H0000044H00000<LH00000<0D00000<HL00000<D0000004L0000004L000000000000000000000000000000000000004L0000004L000000PSge2
20111015063134Lh_7,`Qio1<do100000L4000000H4400000H0800000H4400000\O`0400000L04000000L400000TPWn1
20111015063134Lh_8,\VQ>`0`o100000L8L00000L400000004L00000000000000L400000000000000L4000000000000000000000L04000000000000000000000L040000000000000L040000000000000L040000000000000L4000000000000000000000000000000L40000000000000004L0000004L0000004L00000L40000000POlQN4Tn1LlQN4Tn1LlQN4Tn1LlQN4To1L000000000000004L000000difY3
20111015063134Lh_9,lUij0`0`o100000@d0L00000L8L0000004L0000004L000000POPRN0Pn10PRN0Pn10PRN0Pn10PRN0Po1000000040L00000000000004L0000004L0000004L000000XiVR3
20111015063134Lh_10,XZQd24lo100000H<L00000000000000h0XO00000000000004H4000000L4000004H4000000L4000004L000000000000004H400000`enX1
20111015063134Lh_11,T^al1<do100000L40000000000000000000000000000004L00000000000000L8L00000000000000000000004L0000004L0000004L000008H00000000000000D<000000L0400000L0400000L04000000H800000LH<00000L0400000L04000000L400000000000000H800000lbnl1
20111015063134Lh_12,PbQT24lo100000L8L0000004L0000000000000L400000000000000000000000000000000000000L4000000L40000000L400000L4000000L4000000L04000000000000000000000L40000000L40000000000000000000004L0000000L40000000000000L4000000H8000000L0400000L0400000L0400000L0400000L0400000L04000000@`000000L0400000000000000L400000T`nb1
20111015063134Lh_13,Tai_18ho100000L400000004L0000004L0000040L0000004L0000040L0000004L000004L000000000000004L0000004L00000000000000000000004H4000000L400000X^V\2
20111015063134Lh_14,\cak1<do100000L400000000000000L4000000D8400000L04000000L4000000H800000L4000000L04000000000000040L000004L0000004L000000000000000000000000000000X]VP2
20111017113714Th_1,h^`U1`0`o10000008H0000008H000008LL0000080H0000040L000004L0000004L0000004L000000X`Wh2
20111017113714Th_2,hb`\2X1hn100000\Ol0H00000@d0L00000L04000000`N`100000L@d000000LL8000000L4000000H800000h^Wa1
20111017113714Th_3,PdXn28ho10000000000000L8L000000000000000000000000000000000000004L0000000000000000000004L0000000000000004L0000000000000L400000004L0000000000000000000000000000000000000000000000L4000000L400000000000004L00000004L000004L00000004L0000040L000000000000040L0000000000000000000004L000000<D000000T[oh0
20111017113714Th_4,df`a18ho10000004L0000004L0000004L0000040L0000004L0000040L0000044H00000<HL000004L00000004L000004L00000004L000004L00000004L000004L0000004H400000PXWZ2
20111017113714Th_5,`iPf1<do100000L8L00000L8L0000044H000008LL000008LL0000040L0000040L0000044H0000004L0000004L00000H<L00000L40000000L4000000H8000004L0000004L00000040L00000000000004L0000000000000004L00000000000004L0000000L4000004L000000000000004L000000L40000004H400000XU_R2
20111017113714Th_6,hPQm1`0`o100000L8L0000000000000L8L0000000000000L40000000L4000000L4000004H4000004H400000\o^P2
20111017113714Th_7,XTaj2h0Xo100000H<L00000L8L00000Lh0\O00000L4000000dN\NXTNh1hk1XNXTNh1hk1XNXTNh1hk1XNXTNh1dk1X1400000L04000000L4000000H8000000`NPTN`N`l1`1`SN`N`l1`1`SN`N`l1`1`SN`Nll1l0X1000008XO`000000\mVR1
20111017113714Th_8,hVQ[3<do100000D`0L00000H8000000H8000000D4800000L04000004H40000000000000l0PO400000difb0
20111017113714Th_9,daih2<do100000L400000000000000000000000000000000000000L40000000000000000000000L0400000000000000L40000000000000L0400000L4000000L400000000000000000000004H400000L400000000000000L40000000L400000L40000000L400000L40000000L40000000000000L0400000L0400000L04000000H8000004L000000h_nn0
20111114063134Lh_1,X\XW28ho10000004L000000000000004L0000040L000000000000004L000000000000004L000004<@00000`0DL000004L0000000L400000lb_e1
20111114063134Lh_2,h\`k0l0To100000L<H0000008H0000004L0000004L00000000000004L0000004H4000008D4000004L00000044H0000040L000004L00000040L000008H00000004L000004L00000040L000000000000004L0000044H000000<D0000040L000004L00000040L00000000000004L0000000L4000000L4000000L400000000000000L400000000000000000000000000000Tagk2
20111114063134Lh_3,TbPj28ho10000000000000L8L00000L040000000000000L0400000L4000000H80000000L400000L40000000H8000000L400000L040000000000000000000000000000000000000000000000000000000000000000000004L00000004L00000000000004L0000000000000004L0000040L0000004L00000000000004L00000000000000000000000000000000000000L04000004L00000000000000\^_l0
20111114063134Lh_4,PbPV1<do100000D`0L00000H<L000004L0000008H0000000L4000004L000000000000000000000004L000000000000008H0000004L00000000000004L0000000L4000000L4000004H4000000000000004L000000000000040L0000004L0000044H0000044H0000040L0000044H0000004L00000h0@H0000040L000008LL0000040L0000040L0000004L0000080H0000040L0000044H000004L000000000000004H40000000000000000000000000000040L0000004L0000040L000004L00000004L0000040L000000000000000000000000000000000000000000000000000000000000040L000000000000040L0000040L0000040L0000040L000004L00000004L0000040L0000040L000000000000040L00000000000004L0000000000000040L000000000000004L00000000000000000000000000000000000008LL0000040L0000040L0000004L0000040L0000004L0000040L0000040L000004L00000000000000000000004L00000000000000000000000000000040L000004L0000000000000040L00000hWgQ2
20111114063134Lh_5,hfX_2<do100000L8L00000L4000000L0400000LL800000L04000000L400000L40000000L400000H440000000000000L04000000L40000000000000L040000000000000L040000000000000L40000000L40000000000000L04000000000000000000000000000000000000000000000L40000000L40000000000000000000000000000000000000L400000004L0000000000000L8L0000000000000L400000000000000000000000H80000000000000000000004L0000000000000004XQN\Olm1d0TRN\Olm1d0TRN\Olm1d0TRN\Olm1d0TRN\Olm1d0TRN\Olm1d0TRN\Olm1d0TRN\OPn1`0PRNDlm1<TRNDlm1<TRNDlm1<TRNDlm1`0lQN@Xn1`0hQN@Xn1`0hQN@Xn1`0hQN@Xn1T100000040L000000000000044H0000040L00000d0@L0000040L00000`0DL0000044PQNHhm18XRNHhm18XRNHhm18XRNHlm1X1L000004H4000004D800000<@4000008D400000\XgP1
20111114063134Lh_6,`RQ`1T1ln10000004L00000L400000000000000L04000000L4000000POhQN0`n10`QN0`n10`QN0`n10`QN0XlX^2
20111114063134Lh_7,T^aS3<do100000H<L00000H<L00000L0400000H4400000LL800000LL8000000L400000L0400000H8000000LL800000L0400000LL800000H4400000LL800000H4400000LL800000D84000000L400000LL800000L0400000L0400000L04000000L4000000L400000H0800000L0400000H4400000L0400000H8000000L0400000L0400000LL800000H4400000L4000000L0400000L0400000H0800000D4800000LL8000000L400000LL800000H4400000H0800000H4400000LL800000H0800000L04000000H8000000H800000`in?
20111114063134Lh_8,lZYZ2P1Po100000D`0L00000D8400000H0800000XO0h000000\O<800000HL<00000LL800000LH<000000TOl000000LH<00000H0800000L04000000L400000`hVb1
20111114063134Lh_9,\_Y_24lo10000004L00000L400000000000000000000000000000000000000L40000000000000000000000L40000000L400000L40000000000000004L000000L400000000000000000000000000000000000000L40000000000000L400000000000000L0400000L4000000L0400000L4000000L0400000\O`0400000L0400000L04000000L400000L04000000L400000LL800000L0400000H0800000D8400000LL800000HH`000000H0800000LH<00000`dnU1
20111114063134Lh_10,P_QU1T1ln100000H4400000LL800000H0800000XO`0800000L04000000L4000000L4000000L4000000L4000000D<000000L4000000000000000000000L0400000000000004L00000000000000000000000000000000000000000000000000000000000000L4000000000000000L400000L4000000L40000000L40000000000000L040000000000000000000000L40000000000000000000004L00000000000000000000004H400000hbf`2
20111114063134Lh_11,d]ig0`0`o100000L8L00000L<H00000L`0D00000`04\O0000084D0000088@000008H000000h0XO000000d0TO800000T`fU3
20111114063134Lh_12,`aYg18ho100000L400000000000000L40000000L400000\O`0400000L0400000@Hh000000000000000000000004L00000000000008@800000h_^U2
20111122063134Lh_1,`\Po2`0`o100000Hd0D00000LL800000LL8000000@`0000000000000044H000000000000000000000000000004H400000000000000000000004L0000040L0000004L0000008H0000004L0000044H0000004L00000000000000`0@0000040L000004L0000004H400000l0lN800000Xb_j0
20111122063134Lh_2,PdPc04`0<\n1DdQN<\n1DdQN<\n1DdQN<lm1X1L00000H<L00000H8000000D<000000D<000000@`0000000L0400000LH<00000L\NTTNTOTl1l0lSNTOTl1l0lSNTOTl1l0lSNTOPl1l0TTNhNXl1X1hSNhNXl1X1hSNhNXl1X1hSNhNXl1T1PTNdNTl1\1lSNdNTl1\1lSNdNTl1\1lSNdNXl18hTND\k1<dTND\k1<dTND\k1<dTNDPZiY3
20111122063134Lh_3,\cXU18ho10000004L000000000000004L0000004L000004L00000004L0000040L000000`0@0000008H000004L0000000L4000000H8000004H4000000000000040L000000000000040L0000004L0000040L000004L00000040L0000004L0000040L0000040L00000000000004L0000004L00000004L0000040L000004L00000004L0000040L0000040L0000084D000000<D000004<@000004<@00000d0@L0000088@000008H000000d0\O0000008H00000040L000004L00000004L000004L00000004L000004L00000040L0000004L0000040L000004L000000TW_]2
20111122063134Lh_4,ddXm08ho1000000000000004L000000000000004L000000000000004L00000000000004L00000040L0000004L0000040L0000040L0000040L0000004L0000044H0000040L0000044H0000040L00000<HL0000040L0000080PQN\OTn1d0lQN\OTn1d0lQN\OTn1d0lQN\OXn1\1H000004L0000004L000000TY_l2
20111122063134Lh_5,hfXc28ho10000004L0000040L000000000000004L000004L00000000000000000000000000000040L0000000000000000000000000000004L000004L00000008H0000040L000004L0000004L00000004L000004L0000004L000000000000004L000000PXgV1
20111122063134Lh_6,liPT34lo10000008H000000<D0000048D000000<D00000<LH0000088@0000040L0000040L000004L000000d0@L000008LL0000040L000004L000000<@400000`SWh0
20111122063134Lh_7,Tn`i1<do10000008PRN@Pl1`0PTN@Pl1`0PTN@Pl1`0PTN@lk1l0`SN\Odl1d0\SN\Odl1d0\SN\Odl1d0\SN\Odl1l0PSNXOPm1h0PSNXOPm1h0PSNXOPm1h0PSNXO\m1d1L000004L00000040L0000044H0000040L0000040L000004L0000004H400000<DTSNPOhj1P1XUNPOhj1P1XUNPOhj1P1XUNPOhj1T1PUNTOX2H`d1T1XYNTOX2H`d1T1XYNTOX2H`d1T1XYNTOX2Hdd1X3\XN\M@\Od0<`g1l2\XN\M@\Od0<`g1l2\XN\M@\Od0<`g1l2\XN\M@\Od0<`g1X2hWN84hMTh1P2hWN84hMTh1P2hWN84hMTh1P2hWN84hMXh1\6400000P1lN400000<@400000<@4000004H400000d0lM`TN\Ndk1d1\TN\Ndk1d1\TN\Ndk1d1\TN\NPl18TTNPOh0L\k1T1lSNPOh0L\k1T1lSNPOh0L\k1T1lSNPOh0Lhk18d200000ll^P2
20111122063134Lh_8,hZQa28ho10000000000000@8800000H8000000L0400000L4000000L0400000LL8000000L400000L0400000L4000000L0400000H4400000L0400000H4400000L0400000L04000000H800000H4400000D84000000L4000000L4000000L4000004H400000XhnX1
20111124153054Bh_1,Pd`W1<do100000PNHlSNh0Pl1XOPTNh0Pl1XOPTNh0Pl1XOPTNh0hk1DPTN`0Pl1@PTN`0Pl1@PTN`0Pl1@PTN`0lk1HlSN`0Pl1@PTN`0Pl1@PTN`0Pl1@PTN`0lk1DlSNh0Pl1XOPTNh0Pl1XOPTNh0Pl1XOPTNh0dk1P2000000H8000000L\OXTNXMhk1h2XTNXMhk1h2XTNXMhk1h2XTNXMdk1d2lTNTMTk1l2lTNTMTk1l2lTNTMTk1l2lTNTMlj1P3T100000L0400000L0400000H0800000LH<00000L@d000000L40000000L4000000L4000008H0000008D400000h0XO000000<@400000l^ob2
20111124153054Bh_2,XcXo14lo10000004L00000L400000004L000000000000004L000004L0000000000000004L000004L0000000000000004L000004L00000004L000004L00000004L0000040L0000040L0000004L0000004L0000040L0000004L0000004L0000040L00000000000000000000000000000000000004L00000000000000000000000000000040L00000000000004L000000000000000000000040L00000000000004L00000040L00000000000004L000000000000004L00000004L000004L0000004L00000040L00000`Z_d1
20111124153054Bh_3,lc`g1<do100000L<H0000004L000000000000004L000000000000040L000004L00000004L000004L000000000000004L0000004L00000040L0000040L0000004L0000040L000008LL00000`08XO000004L00000004L000000000000040L0000040L0000044H0000044H0000080H0000048D0000048D0000080H00000<LH00000d0L@00000TX_P2
20111124153054Bh_4,\e`b1h0Xo10000008H0000048D00000<LH00000<HL000008LL0000040XQN@hm1`0XRN@hm1`0XRN@hm1`0XRN@lm1`0PRNDlm1<TRNDlm1<TRNDlm1<TRNDPn18PRNHPn18PRNHPn18PRNHPn18PRNHTn1P100000044H0000040L00000h0\OL000008LL0000044H000008LL0000044H000008LL000004L000000lVgX2
20111124153054Bh_5,dhX[1d0\o1000000<D0000044H0000080H000008LL000008LL000008LL000004L00000040L000004L00000040L00000000000000L400000L40000000L4000000L4000000L400000lU_`2
20111124153054Bh_6,dm`g2`0`o10000044H0000040L0000004L000004h0TO0000044H000000h0`SNlMdi1T2\VNlMdi1T2\VNlMdi1T2\VNlMhi1T2dUN`NXj1`1hUN`NXj1`1hUN`NXj1`1hUN`Ndj1`3H0000008H0000044H000000l0TO000008<\O00000d0DH00000`0DL000004L0000004TN\UNXN`j1h1`UNXN`j1h1`UNXN`j1h1`UNXNXk1`0XVN`Nhi1`1XVN`Nhi1`1XVN`Nhi1`1XVN`NPj14hTN@h1<\i14lTN@h1<\i14lTN@h1<\i14lTN@h1<Tm10000000000000004H400000hjnR1
20111124153054Bh_7,\\YV28ho100000Hd0D00000L<H000000<D0000040L000008H000000d0\O000000<@400000dbfg1
20111128175514Mh_1,X_`S18ho100000L40000000000000004L000000HdPN8Po1HPQN8Po1HPQN8Po1HPQN8ln1LTQN8hn1HXQN8hn1HXQN8hn1HXQN8hn1`00000004L0000004L00000040L000000L4000004L00000000000000000000004L00000004L0000040L0000004L000004L00000040L000000000000004L0000040L0000040L000008LL000004L0000008H000000T_ge2
20111128175514Mh_2,XaXc2d0\o100000Hh0@00000POXOdRNT1Tm1lNlRNT1Tm1lNlRNT1Tm1lNlRNT1Pm1P100000000000000L8L0000000\TNXMPj1h2PVNXMPj1h2PVNXMPj1h2PVNXMPj1d4H00000LdLXUN\2Tj1dMlUN\2Tj1dMlUN\2Tj1dMlUN\2Tj1P2H0000040L000000hKTVN\2li1dMTVN\2li1dMTVN\2li1dMTVN\2li1`MlVN8\OTOTj1d0`VN8\OTOTj1d0`VN8\OTOTj1d0`VN8\OTOPj1`0X400000000000000L400000000000000L4000000H80000000000000L4000000L0400000L4000000L400000000000000L040000000000000000000000L40000000000000000000000L400000000000000L4000000000000004L0000004L0000004L00000000000004L000000000000000000000000000000000000004L000000000000000000000004L000004L00000040L000004L0000004H4000004H400000T`_o0
20111128175514Mh_3,T`Pm1<do100000L400000000000000000000000000000004L000004L0000000000000040L000004L00000004L000004L00000004L0000040L000004L00000004L000004L000000T_gn1
20111128175514Mh_4,lcXQ3<84dn1L\QN4dn1L\QN4dn1L\QN4`n1T1D00000L<H0000008H00000L<H0000004L000000TNPSNl0ll1TOTSNl0ll1TOTSNl0ll1TOTSNl0ll1lNXSN`1`l1`N`SN`1`l1`N`SN`1`l1`N`SN`1`l1`N\SN08d0Xl1\O`SN08d0Xl1\O`SN08d0Xl1\O`SN08d0Xl1@`SNDd0h00POhj1d0dTNDd0h00POhj1d0dTNDd0h00POhj1d0dTNDd0h00POhj1d0PVN\1li1dNTVN\1li1dNTVN\1li1dNTVN\1li1dN\VNX1`i1hN`VNX1`i1hN`VNX1`i1hN`VNX1di1hN`VNT1\i1lNdVNT1\i1lNdVNT1\i1lNdVNT1\i1POhVNl0Ti1TOlVNl0Ti1TOlVNl0Ti1TOlVNl0Ti1TOdWN<Th1DlWN<Th1DlWN<Th1DlWN<Th1D\XN0`g10`XN0`g10`XN0`g10`XN0`g10dXN4Tg1LlXN4Tg1LlXN4Tg1LlXN4Tg1LTYN0hf10XYN0hf10XYN0hf10XYN0lf1LXYN4df1L\YN4df1L\YN4df1L\YN4hf1H`YN8Xf1HhYN8Xf1HhYN8Xf1HhYN8Xf1LlYN0Pf10PZN0Pf10PZN0Pf10PZN0Tf10PZNLle14TZNLle14TZNLle14TZNLPf14TZNHhe18XZNHhe18XZNHhe18XZNHle18XZN@he1`0XZN@he1`0XZN@he1`0XZN@le1`0h40000008H0000048D0000048D0000040L000004L0000008LL0000040L0000048D0000080H0000044H0000040L00000d0@L00000<HL00000<HL0000080H0000040L00000<@400000PXWd0
20111128175514Mh_5,Xf`e2l0To10000040L0000040L0000080H0000080H0000040L000008LL000004L000000`X_X1
20111128175514Mh_6,Xh`l2d0\o10000008H0000044H0000080H00000`0DL0000040L0000040L0000040L000008LL0000040L0000040L0000040L0000040L000008H00000044H0000040L000004L00000040L00000PUon0
20111128175514Mh_7,PPQh24lo100000L8L00000TN<XSNLdl14\SNLdl14\SNLdl14\SNLdl1h0hRNXOXm1h0hRNXOXm1h0hRNXOXm1h0hRNXOXm1l0dRNTO\m1l0dRNTO\m1l0dRNTO\m1l0dRNTO`m1d1000000000000004L0000008D4000008`NdQNh0`n1XO`QNh0`n1XO`QNh0`n1XO`QNh0Xo1D000000000000008D400000XPgT1
20111208173814Mh_1,h]he24lo100000L8L000000000000004L000000000000000000000L40000000000000004L0000000000000L400000004L000000L40000000000000000000000000000004L000004L0000000000000040L0000004L000004L00000040L000000000000004L000004L000000d0\O00000004L0000004L000000000000040L0000004L000000<D0000004L00000L8L0000004L00000L8L0000008H0000008H0000004L000000D<000000L4000004L000000<HlQNhNXm1X1hRNhNXm1X1hRNhNXm1X1hRNhN\m1P2L000004L0000004L0000004L0000004H4000008@8000004D8000008@800000h_Wm0
20111208173814Mh_2,T^`S2<do100000L8L0000000000000000000004L0000000L400000000000004L00000040L0000004L00000L4000000000000000000000000000000000000000000000004L00000L40000000000000004L00000000000000000000004L0000004L0000000000000000000000000000000000000L400000000000000000000000000000000000000000000000000000000000000000000000L40000040L000008LL0000040L0000044H0000004L0000004L000004L0000000000000000000000000000004L0000000000000000000000000000004L00000004L000004L00000040L00000000000004L00000004L000004L00000040L000004L00000040L0000040L0000008H0000040L0000044H0000084D0000040L0000040L000004L00000040L000008LL000008LL0000080H0000040L0000080H0000040L000008LL000004L000000\]_X1
20111208173814Mh_3,XdX\18ho100000D<000000H4400000L0400000LL800000L4000000L0400000D8400000H0800000L04000000L400000`MXO\UNP1hj1POXUNP1hj1POXUNP1hj1POXUNP1hj1TOlTNP1Xk1POhTNP1Xk1POhTNP1Xk1POhTNP1Tk1XO\TNP1hk1POXTNP1hk1POXTNP1hk1POXTNP1hk1POlSNT1\l1lNdSNT1\l1lNdSNT1\l1lNdSNT1\l1T14000004L0000000L4000004H4000004H4000004D800000`0TO<00000<\O800000l^o]2
20111208173814Mh_4,lcPR1`0`o10000004L0000004L000004L00000004L0000040L0000040L000004L00000040L00000000000004L0000000000000040L00000000000000000000040L000000000000040L0000044H000000<D000004L000000000000004H4000004L0000004L00000040L0000000000000000000004L00000004L000004L000000000000004L000000lYge2
20111208173814Mh_5,TeXe08ho10000004L0000040L00000000000000000000004L0000000000000L400000000000000L040000000000000000000000L4000000000000000000000000000000L4000000L4000000L400000P[oU3
20111208173814Mh_6,Tehb2<do10000004L0000044H0000044H000004L00000040L000008LL0000004L0000040L0000040L0000080H0000044H0000040L000008LL0000040L000004L00000040L0000040L0000040L0000004L0000044H00000<HL000008LL0000040L000004H400000`WoV1
20111208173814Mh_7,heP\2<do10000004L0000004L0000044H0000044H0000048D000008LL0000040L0000080H000008LL000008LL0000044H000008LL0000040L0000080H0000040L000008LL000004L00000040L0000008H0000040L000008LL0000040L0000040L000004L00000040L00000000000004L0000000000000004L000000000000004L000004L000000000000004L000000000000004L00000000000000PV_Z1
20111208173814Mh_8,hPY`28ho100000L400000004L00000L4000000000000000000000004L0000000\QN0Xm10hRN0Xm10hRN0Xm10hRN0Xm1d1H000000L4000000L4000000L4000000L4000000L4000000@`0000004POl000000\of[1
20111208173814Mh_9,lVYc2`0`o100000H<L00000L4000000@<400000H0800000L0400000LL8000000L4000000L400000L0400000000000000H8000000L400000L04000000H800000hjnX1
20111208173814Mh_10,`]Qb1<do10000000000000000000000000000000000000L8L000000000000000000000L040000000000000L400000000000000L0400000L0400000L4000000H08000000L400000L4000000L0400000L0400000H8000000L0400000H4400000L0400000LL800000LL800000L0400000L0400000D8400000L0400000LL800000LL800000L0400000L40000000L4000000L400000000000000L400000000000000L400000L04000000L4000000L400000L40000000L4000004L000000Xf^R2
20111216103234Ch_1,l[Xh14lo10000004L0000000000000L8L0000004L000000000000000000000L4000000H44000008H00000000000000000000004L0000000000000004L0000040L0000004L0000040L00000000000004L0000008H00000044H000000000000004L000004L000000\c_Q2
20111216103234Ch_2,\```28ho100000L8L00000L40000000000000000000000L8L0000000000000L40000000L400000L4000000L0400000000000000000000000000000000000000L4000000000000004L000004L0000000000000040L00000000000000000000004L000000000000000000000T`oX1
20111216103234Ch_3,\bPZ1l0To100000dMD\TNDTO`1Tl1lNhTNDTO`1Tl1lNhTNDTO`1Tl1lNhTNDTO`1lk1d1XTNTMdk1l2\TNTMdk1l2\TNTMdk1l2\TNTMdk1`2PUN\Mlj1d2TUN\Mlj1d2TUN\Mlj1d2TUN\MTk1P2\UNPN`j1P2`UNPN`j1P2`UNPN`j1P2`UNPNdj1`1hUN`NXj1`1hUN`NXj1`1hUN`NXj1`1hUN`N\j1d0l2000000@`000000h_oc2
20111216103234Ch_4,`fh[28ho100000H8000000L4000000dMD\SN8h04Pl1DXSN8h04Pl1DXSN8h04Pl1DXSN8h04hk1T1hSNlN\l1T1dSNlN\l1T1dSNlN\l1T1dSNlN\l1X2400000L0400000L0400000L0400000LL800000LH<000000H8000000@`000000l0hN<000004D800000T\_`1
20111216103234Ch_5,`cXa0<do1000000l0TO000004d0XQN`N`m1`1`RN`N`m1`1`RN`N`m1`1`RN`Ndm1\2@00000h0\OL00000`0DL00000`1dNL0000040L000004L0000000000000000000000000000000000000000000000XYW[3
20111216103234Ch_6,XjPf04lo100000@<400000L40000000L400000L40000000L400000L04000000L400000L40000000L400000000000004H40000008H0000044H0000040L0000040L0000040L0000040L0000040L000004L000000hUoT3
20111216103234Ch_7,hgi_1`0`o100000@LTQN4ln1LTQN4ln1LTQN4ln1LTQN4ln1d0L00000d0\O00000000000000L400000040L000004L0000004L000000000000004L0000004L000000dWV]2
20111216174914Mh_1,d[Pl1<do10000004L00000L400000000000000000000004L0000000000000000000000000000004L00000004L0000004L000004L0000000H800000Td_P2
20111216174914Mh_2,X`Pc28ho100000L8L00000L400000004L00000L400000004L00000L4000000L40000000L400000L40000000L400000000000000L400000000000000000000000000000000000000000000000000000000000004L0000000000000000000000000000004H4000000H8000004L000000T`WV1
20111216174914Mh_3,dbP]1d0\o100000H`0H00000TN\O`SN`1`l1`N`SN`1`l1`N`SN`1`l1`N`SN`1Pl1`10000000H8000004POl0000004XOd0000004hNT100000d_o`2
20111216174914Mh_4,\f`_2<do100000H8000000`MHlSN<D0dl1DhSN<D0dl1DhSN<D0dl1DhSN<D0`l1X2400000L40000000L400000L40000000H8000000H8000000L4000000H8000004D8000004@<000004D8000004XOd000000X\g\1
20111216174914Mh_5,`ihg04lo10000000000000L8L00000000000000000000000000000L40000000000000000000000L4000000000000000L4000000000000000000000000000000000000040L0000004L0000040L000004L00000040L000004L0000004L000000TV_R3
20111216174914Mh_6,d\Ye2<do100000L<H00000L8L00000D<000000L40000000@`0000004@<00000PdnX1
20120107063134Lh_1,d[Xi1l0To100000H<L00000Hd0dQN`N`m1`1`RN`N`m1`1`RN`N`m1`1`RN`NPm1d2L00000L4000000L4000000LTNdSN`0Xl1@hSN`0Xl1@hSN`0Xl1@hSN`0Tl1TOhTNd0Tk1\OlTNd0Tk1\OlTNd0Tk1\OlTNd0Tk1TO`UNl0Tj1TOlUNl0Tj1TOlUNl0Tj1TOlUNl0lh1`N`VN`0l0T1\h1\NhVN`0l0T1\h1\NhVN`0l0T1\h1\NhVN`0l0T1Xh1POXVNLP2l0dg1XO\VNLP2l0dg1XO\VNLP2l0dg1XO\VNLP2l0`g1DTVNDd2`0Xg1LTVNDd2`0Xg1LTVNDd2`0Xg1LTVNDd2`0Xg1d0PYNPOXg1P1hXNPOXg1P1hXNPOXg1P1hXNPO\g1d0TYNlNTg1T1lXNlNTg1T1lXNlNTg1T1lXNlNXg1P1l3000008D400000d0XO400000Xf_R2
20120107063134Lh_2,\]hY18ho100000L8L0000004L0000004L000004L00000040L000000000000040L0000044H0000004L0000040L0000040L000004L00000040L0000008H0000004L0000008H000000POlQN8Pn1HPRN8Pn1HPRN8Pn1HPRN8To1LL00000000000000h0XO000004POXQNh0`n1XO`QNh0`n1XO`QNh0`n1XO`QNh0ln18PRNXOXl1h0hSNXOXl1h0hSNXOXl1h0hSNXO\l1P24000004H400000d0XO400000<@400000l^__2
20120107063134Lh_3,XiX>8ho100000@T1\QN\O0Ddk1P1\TN\O0Ddk1P1\TN\O0Ddk1P1\TN\O0Ddj1`4L00000H8000000@`0000000@<400000H8000000L4000000LlMlWNdLTh1\3lWNdLTh1\3lWNdLTh1\3lWNdLPh1X3dXNPLhg1P4XXNPLhg1P4XXNPLhg1P4XXNPLdg1T4T200000H4400000H@h000000LlNlTN\M\k1d2dTN\M\k1d2dTN\M\k1d2dTN\MXk1\2\1000000L400000L\Oh000000LL8000000L4000000L400000LL800000LH<000000L400000L04000000L400000L04000000L400000L04000000L4000000L400000L40000000H800000P\gY3
20120107063134Lh_4,de`h1d0\o100000000000004L00000004L000000000000040L000008LL0000040L000004L00000048D0000004L0000000000000000000000L4000000L4000004H40000000000000\YWS2
20120107063134Lh_5,`ihk1h0Xo100000\Od0000000L04000000L4000000L400000\OPOTRNl0Tn1TOlQNl0Tn1TOlQNl0Tn1TOlQNl0Tn1<4000004H4000008@800000`WoQ2
20120107063134Lh_6,Xih]3<do100000L4000000L4000000L4000000L8L0000008H00000L8L0000004L0000004L0000040L0000004L0000040L0000040`RNdNTl1\1lSNdNTl1\1lSNdNTl1\1lSNdN\l1X1\SNTO\l1l0dSNTO\l1l0dSNTO\l1l0dSNTO\l1`2H000008H000000<D000000<@4000008\O<00000P1dN<00000`TW=
20120107063134Lh_7,hmXb0`0d0HPn18PRNHPn18PRNHPn18PRNHlm1\1L00000L4000000000000004L0000004D800000XRW\3
20120107063134Lh_8,doPi1`0`o100000L8L00000L8L0000004L00000H`0H00000H`0H000000dN`RN<\m1DdRN<\m1DdRN<\m1DdRN<\m1\OTSNh0`l1XO`SNh0`l1XO`SNh0`l1XO`SNh0`l1TOlSNP1hk1POXTNP1hk1POXTNP1hk1POXTNP1`m10L000008H000000<@400000hnnS2
20120107063134Lh_9,dZYk14lo100000H<L0000004L0000004L000000000000004L0000008PQNTO\n1l0dQNTO\n1l0dQNTO\n1l0dQNTO\n1\1L0000000000000L0400000000000000L4000000@`000000L4000000L400000000000000L4000000\O`04000000D<000004H4000000L4000000L4000000H800000L04000000L4000000L400000000000000L4000004H400000df^m1
20120107063134Lh_10,X_ah1<do100000L8L00000L4000000L4000000L0400000dMHhTN8`k1H`TN8`k1H`TN8`k1H`TN8`k10PTN0Xl10hSN0Xl10hSN0Xl10hSN0Xl14\SN0hl10XSN0hl10XSN0hl10XSN0hl1d1000000<D0000004H4000004H4000008D4000008\O<00000`bnS2
20120111191454Bh_1,X[X`2<do100000L<H0000004L000004L00000004L0000004L0000004L0000048D00000000000000000000040L0000040L00000000000004L000000000000000L4000004L00000040L000008H000000000000004L00000004L000000<D000000000000004L000000000000040L0000044H000000000000040L0000004L000008H00000004L0000040L0000004L0000040L000004L00000040L000008LL000008LL000008LL000008LL0000004L000004L0000008LL0000040L0000004L0000040L000004L0000004L00000004L0000040L0000040L0000004L000000000000040L0000004L0000048D0000040L0000044H0000004L000008LL0000080H0000084D000008LL0000084D000008LL0000080H000004L0000008H000000`0@000000X]om0
20120111191454Bh_2,T\Pc1<do100000H8000000L8XQNH`m18`RNH`m18`RNH`m18`RNH\m1h1H00000L4000000L0400000000000000H8000000L4000004L0000000000000040L000004L00000048D0000040L0000040L000004L0000000000000004L000004L00000004L000004L0000004L000000000000004L0000000L4000000L4000000L400000000000004L000000<D00000004L000000000000004L00000000000004L000000000000000000000004L000000d0\O0000040L0000004L000004D8000000H8000000\Od0000000L400000000000004H400000XboP2
20120111191454Bh_3,T_hk08ho100000Ld0@000000`0@0000084D00000h0\OL000008LL000008LL000008LL0000040L000004L00000004L000004L0000008LL000004L000000`^gP3
20120111191454Bh_4,l`h^28ho1000000000000040L000000000000004L000000000000040L0000004L0000040L000000000000080H0000008H0000040L000004L0000008LL000008LL000008LL000004L000000\]g\1
20120111191454Bh_5,`c`k28ho10000004L0000004L0000040L0000040L0000044H0000040L0000040L0000048D0000044H0000080H0000080H0000044H000008LL00000<HL000008LL000008H000000lYWP1
20120111191454Bh_6,\hhQ28ho100000H<L00000lNT1000000XNhNXTNh1H\Nlj1L\UNh1H\Nlj1L\UNh1H\Nlj1L\UNh1H\Nlj1P3lTNXMPk1h2PUNXMPk1h2PUNXMPk1h2PUNXMXj1@dUNd4\j1\KdUNd4\j1\KdUNd4\j1\KdUNd4Xj1`04000000L400000L8L000000PLhWN<Th1DlWN<Th1DlWN<Th1DlWN<Th1\OTYNHhf18XYNHhf18XYNHhf18XYNHdf1DXVN\OT4<de18XVN\OT4<de18XVN\OT4<de18XVN\OT4<`e18\500000LL8000000L400000L40000000L4000000L400000000000000L40000000000000X\oh1
20120111191454Bh_7,lk`V24lo100000L`0hPNLlm14TRNLlm14TRNLlm14TRNLlm1`1D000004L0000004L0000000H8000004TOh0000004L00000004L0000040L0000040L0000040L000004L0000000000000004L000004L00000040L000000L400000PSod1
20120111191454Bh_8,Xfac1`0`o1000000000000004L00000000000000000000040L00000L4000000L8L00000L8L0000004L00000000000004L0000000L4000004L000000000000004L000000000000000L400000L40000000L4000004H400000dYVW2
20120111191454Bh_9,hfY\14lo10000004L00000000000000000000004L0000004L0000004L000000000000000000000000000000L400000000000000000000000000000000000000000000000000000000000000L40000000000000000000000L400000XYV^2
20120115063134Lh_1,lY`i1l0To100000H8000000L4000000L4000000000000000L400000L40000000L40000000000000000000004L0000000000000000000000000000004L000000000000004L0000004L00000040L000000000000040L000004L0000000000000040L000000000000004L000004L00000040L0000040L0000040L0000000000000000000000L400000XeWn1
20120115063134Lh_2,X_Pn18ho100000H`0H00000XOl0L0000004L0000008H00000000000008LL000008LL000008LL000008H00000040L0000040L000004L00000040L0000000000000d0@L000004L00000040L000000000000040L000000000000040L000000000000044H0000040L000008LL0000040L000008LL000008H000000P^gj1
20120115063134Lh_3,lmPd0<do100000lNT1000000\Od0000000POP1000000D<000000\Od0000000TOh0400000D\OdUNXL`j1h3`UNXL`j1h3`UNXL`j1h3`UNXLdi1l2`VNlL\k1T3dTNlL\k1T3dTNlL\k1T3dTNlLPe1L``NX3``1hL`_NX3``1hL`_NX3``1hL`_NX3\`1TMT_NP3Pa1PMP_NP3Pa1PMP_NP3Pa1PMP_NP3Pa1TMd^N\2Tb1dMl]N\2Tb1dMl]N\2Tb1dMl]N\2Xb1dMh\NT3\c1lLd\NT3\c1lLd\NT3\c1lLd\NT3`c1hLX\NT2lLPNlf1LX\NT2lLPNlf1LX\NT2lLPNlf1LX\NT2lLPNlf14P[NH`MX2T1`M`f1`0lZNH`MX2T1`M`f1`0lZNH`MX2T1`M`f1`0lZNH`MX2T1`Mdf1d0\ZN`2Xg1`MhXN`2Xg1`MhXN`2Xg1`MhXN`2\g1\N\WNd1lh1\NTWNd1lh1\NTWNd1lh1\NTWNd1Xi1X24000004H400000000000008D400000d0TO8000008\O<000008@8000008\O<00000h0PO8000008@8000004D800000hZoT3
20120115063134Lh_4,XcXW14lo10000008H0000000000000000000000000000004L000004L0000000000000004L000004L00000004L000000000000044H0000040L0000040L000004L00000040L0000004L000004L0000000000000040L00000000000000L4000000000000004L00000000000004L0000000000000004L000004L0000008H000000T[o`2
20120115063134Lh_5,dcXf1d0\o1000000<D0000008H0000080H00000<HL000008LL0000040L000008H0000004L00000040L0000004L000004L00000004L000004L00000004L000004L0000000000000040L000000000000040L0000000000000XZ_T2
20120115063134Lh_6,TfXY3h0<DTn1<lQNDTn1<lQNDTn1<lQNDlm1\1000000L8L00000L<lSNXN`i1h1`VNXN`i1h1`VNXN`i1h1`VNXN\i1d0XUNd04POdj1<XUNd04POdj1<XUNd04POdj1<XUNd04PO`j18dUNT2\j1lMdUNT2\j1lMdUNT2\j1lMdUNT2\j1hMhUNT2\j1lMdUNT2\j1lMdUNT2\j1lMdUNT2`j1dMhUNT2\j1lMdUNT2\j1lMdUNT2\j1lMdUNT2dl1@0000004L00000048D000000TNhRN`1hl1`NXSN`1hl1`NXSN`1hl1`NXSN`1hl1`NXSNd1l0lM`j1`0dTNd1l0lM`j1`0dTNd1l0lM`j1`0dTNd1l0lMPk1h2\TNhM`k1X2`TNhM`k1X2`TNhM`k1X2`TNhM`k1\300000000000000L8L000000000000040L000000TL\TN0<`2Xk1`M\TN0<`2Xk1`M\TN0<`2Xk1`M\TN0<`2hl1L0000008H0000004H4000004L0000004dN\RN0hm10XRN0hm10XRN0hm10XRN0TSa`0
20120115063134Lh_7,`nP_38ho100000L400000000000000L8L000000L400000L4000000L4000000000000000000000000000000000000004L0000004L0000004L000000dQ_=
20120115063134Lh_8,\XY`04lo100000D<000000@d0L00000L8L00000XOh0000000L4000000L4000000lNTNlSNl1\l1TNdSNl1\l1TNdSNl1\l1TNdSNl1Tl1P1400000LhMXTNHH\OPl1l0XTNHH\OPl1l0XTNHH\OPl1l0XTNHH\Ohk1P1PUNPOPl1P1PTNPOPl1P1PTNPOPl1P1PTNPOhk1d0T2000000D<00000dk^\3
20120115063134Lh_9,\XiR18ho10000004L0000004L000004L00000004L0000040L000000000000040L00000000000004L000000L40000000L400000L4000000L04000000000000000000000L0400000000000000L400000dg^h2
20120218152654Bh_1,`[hg1<do10000008H0000004L0000044H0000040L0000080H000008H00000040L0000040L000004L00000040L0000044H0000044H000008LL000008H000000`b_T2
20120218152654Bh_2,h^hn24lo100000L8L00000L8L000000000000004L0000004L000000000000000000000L0400000000000000L4000004L00000004L00000000000004L00000004L000004L00000040L0000004L000000000000040L000004L0000008LL000008H000000\`Wk0
20120218152654Bh_3,l_hX18ho10000004L0000004L0000004L0000000000000H<L00000L4000000L40000000000000000000000L4000000L04000000L4000000L400000L04000000L400000L04000000L4000000L400000000000000000000004L0000000000000000000004H400000Pao`2
20120218152654Bh_4,PaPo04lo100000H80000000000000004L000000000000000000000L400000000000000L0400000L4000000L04000000L40000000000000L4000000000000000000000000000000L4000000000000000L400000L040000000000000000000000000000004L00000L400000000000000L04000000L400000L0400000000000000L4000000L400000000000004H400000\`Wh2
20120218152654Bh_5,l`Xb1<do100000L8L0000040L0000004L0000000lPNl1\l1TNdSNl1\l1TNdSNl1\l1TNdSNl1`l1l0L00000000000004L0000000\Od000000h0PO8000008lNl000000l]oZ2
20120218152654Bh_6,`eXQ24lo100000L8L00000000000004L0000000000000004L000004L00000004L0000040L000000000000004L000000000000004L00000000000004L00000040L000008D400000hY_j1
20120218152654Bh_7,XZaf24lo100000L400000000000000L04000000000000000000000L400000004L00000000000000L400000L400000000000000L040000000000000L0400000L0400000L0400000000000000L40000000000000000000000L4000000L400000hffS1
20120218152654Bh_8,dZi?h0Xo100000Dd0H00000H8000000LL8000000H800000LH<000000H8000000D<00000000000000L400000Xff]3
20120218152654Bh_9,l[QU28ho1000000d0\O00000L8L0000004L0000004L000004L0000004H4000004L0000000L4000004L000000000000004L0000000000000000000000000000004H400000`cnf1
20120218152654Bh_10,PeQY1`0`o1000000<D00000L8L000000000000004L000004lN`QN`0`n1@`QN`0`n1@`QN`0`n1@`QN`0Xo1H00000004L000004H400000TZfd2
20120218152654Bh_11,\fYS28ho10000004L0000000000000000000000000000004L000004L0000000000000004L000000000000000000000000000000000000000000000000000000000000000000000000000000L400000000000000000000000000000000000004H400000\Yff1
20120218152654Bh_12,`fa_2<8Lln14TQNLln14TQNLln14TQNLhn1l0L0000004L00000000000008H000000<HL000000000000004L000000000000004L00000L4000000000000000L400000L400000004L00000L400000000000000000000004H400000000000000000000000000000000000000L4000000\O\QNHhn18XQNHhn18XQNHhn18XQNHhn18`000000XYnY1
20120402105814Th_1,PcPi0`0`o100000Dh0D0000004L0000080H00000h0\OL000008H00000040L00000000000004L000000000000000000000040L000000000000004L0000000000000000000000000000000000000L0400000000000000L400000000000000000000040L0000080H0000048D000008LL000008LL000008H000000dZgo2
20120402105814Th_2,Xc`X18ho10000004L0000004L000004L00000004L000004L0000000000000004L00000L040000000000000000000000L400000L400000000000000L40000000L4000000000000000000000000000000000000004L000008H0000004L000000`\ga2
20120402105814Th_3,PTiQ2`0`o100000L4000000H8000000L0400000LL8000000L400000000000000L4000000000000000000000000000000L400000000000004L00000004L00000L8L00000000000004L00000004L0000040L0000004L000004d0XO0000040L0000004L0000040L00000000000000lNXRN0hm10XRN0hm10XRN0hm10XRN0ln100000000L400000ljnf1
20120402105814Th_4,`Vao08ho100000H<L00000L8L00000L4000000L04000000D<00000L0400000L04000000L4000000L400000000000000L400000\j^m2
20120402105814Th_5,`ZaV3<do100000Dl0@00000Dd0H00000L<H0000008H000000TNXSNh0`l1XO`SNh0`l1XO`SNh0`l1XO`SNh0`l1TOhSNP1Pl1POPTNP1Pl1POPTNP1Pl1POPTNP1Tn1\O000000<HL00000<@400000`cnf0
20120402105814Th_6,T_im2<do100000XKHdYN8`f1H`YN8`f1H`YN8`f1H`YN8`f1LlXNd0Tg1\OlXNd0Tg1\OlXNd0Tg1\OlXNd0Xg1@\XNd0dg1\O\XNd0dg1\O\XNd0dg1\O\XNd0dg1@hWNP1Xh1POhWNP1Xh1POhWNP1Xh1POhWNP1\h1lNXWN`1hh1`NXWN`1hh1`NXWN`1hh1`NXWN`1hh1dNdVNl1\i1TNdVNl1\i1TNdVNl1\i1TNdVNl1`i1TNXVNl1li1TNTVNl1li1TNTVNl1li1TNTVNl1li1\NhUN`1`j1`N`UN`1`j1`N`UN`1`j1`N`UN`1dj1`N\TNH0T1\l1TOdSNH0T1\l1TOdSNH0T1\l1TOdSNH0T1dl1l0d0000004D8000004H4000008H0000008@800000Td^n0
20120402164214Mh_1,Xc`k0<do10000008H0000040L0000040L000004L00000040L00000000000004L00000004L00000000000004L00000004L0000000000000000000000000000004L00000000000000L400000L0400000000000004H40000004L000000000000040L0000048D0000044H0000040L000008LL000004L00000040L000004L00000040L0000040L000000000000040L000004L0000004L000000XZWk2
20120402164214Mh_2,dSaU24lo100000L8L00000L4000000000000000000000000000000000000004L0000000000000000000000000000000000000040L000000000000004L0000004L000004L00000040L0000008H0000044H0000040L00000000000004L000000<HL0000040L00000XkVd1
20120402164214Mh_3,lYQn28ho10000004L0000040L0000040L000004L00000004L0000040L0000040L0000004L000004L00000004L0000040L0000040L0000004L0000040L0000044H0000044H000008LL000004L00000040L000008D400000Pdfl0
20120402164214Mh_4,T[Q\18ho100000L8L00000L40000000000000000000000000000004L0000000000000000000000000000000000000000000000L40000000L40000000000000L40000000L400000L0400000L04000000L4000000L4000000L400000L400000000000000den]2
20120402164214Mh_5,P[YX3`0<L\n14dQNL\n14dQNL\n14dQNL\n1T1H0000040L0000040L000008H000000P1lN400000`cVf0
20120402164214Mh_6,X^ag28ho100000H4400000@<400000H4400000L4000000L400000000000000L04000000L400000L4000000L4000000d0XO400000hb^U1
20120402164214Mh_7,d^ao2`0`o10000000000000L4000000L4000000D8400000L04000000000000000000000\O\OhQNh0Xn1XOhQNh0Xn1XOhQNh0Xn1XOhQNh0Xn1`0000000L04000004POl0000000L4000004L0000004H400000`bfl0
20120405130014Th_1,T_Pg1h0Xo100000XOT1D00000Hl0\O00000L<H00000HdN`SNL\l14dSNL\l14dSNL\l14dSNL\l1XOXUN8`j1H`UN8`j1H`UN8`j1H`UN8dm1HH0000040L0000040L0000080H000008LL0000040L000004L00000040L0000040L000004L00000040L0000040L0000004L0000040L0000040L0000044H0000040L0000040L0000040L000004L0000004L0000004L00000004L000000000000000000000000000000000000000000000L40000000L40000000000000L4000000000000000000000004L000000H800000000000000L400000000000000000000004L0000000PQND\n1<dQND\n1<dQND\n1<dQND\n1`0`QND\n1<dQND\n1<dQND\n1<dQND`n1<XQNHhn18XQNHhn18XQNHhn18XQNHln1h0L000004L0000004L0000004L0000008H00000040L000000000000040L000000<D0000040L000008LL0000040L000004L00000040L0000040L000004L00000040L0000040L0000044H0000040L0000048D0000048D0000044H000008H0000004L00000040L0000040L000008LL000008LL0000040L0000040L0000040L00000000000004L00000040L0000000000000L8L0000000000000L4000000LL8000000H800000000000000H800000XXga1
20120405130014Th_2,`_Xo08ho10000004L0000004L00000000000004L00000004L00000000000000000000004L0000004L000000000000004L0000000000000L4000000000000000L400000000000004L00000000000000L400000000000000L40000000L4000004L00000000000000L40000000000000000000000000000000000000000000000L40000000000000000000000L400000000000000000000004L000000000000004L0000004H4000000000000000000000000000004L00000004L000004L00000040L000004L000000P`_d2
20120405130014Th_3,dTiW38ho100000L8L0000004L000000<D0000008H0000004L000004L000000000000004L0000004H4000004D8000004L000000ljVe0
20120405130014Th_4,X[aY28ho100000L400000004L000000000000000000000000000000000000000000000000000000000000004L00000000000000000000000000000000000000000000004L00000L0400000L4000000L40000000L40000000000000000000004H4000000L400000000000008H00000000000000L4000000L0400000L40000000L400000Xe^^1
20120405130014Th_5,\^aP38ho10000004L0000004L000000000000000000000L4000000L0400000H4400000L40000000L4000000H8000000H800000Xb^l0
20120405130014Th_6,P`af14lo100000L4000000L4000000000000000L400000L40000000000000000000000L400000000000000L4000000H800000000000000L0400000L040000000000000L4000000L4000000L04000000XOh0000000L400000`aVT2
20120405130014Th_7,XfiX14lo1000000000000000000000L4000000000000000000000000000000000000000000000004L0000000000000L0400000L40000000000000004L000004L00000000000000000000000000000000000000L40000000L400000L40000000L400000L4000000L0400000L04000000L400000L0400000000000000L4000000L400000hZV_2
20120512063234Lh_1,XgPm2`1`n100000L8L0000000000000\1hNL000004L00000040L000000L400000XWWQ1
20120512063234Lh_2,lh`S3<do100000L<H00000L8L0000044H00000<HL000008LL0000040L0000040L0000040L0000040L0000044H000008LL0000040L0000044H0000040L000004L000000XU_h0
20120512063234Lh_3,\XQR1`0`o100000Dd0H00000@<400000TOl0000000DDh000000H0800000LL800000LXOl0000000D<00000L0400000L0400000L0400000L040000000000000000000004L0000000000000000000000L400000000000000L0400000L4000000L0400000D8400000L04000000H800000LL8000000H800000000000000L4000000L400000L0400000L400000004L00000000000000000000040L0000040L000004L0000004L000000`knc2
20120512063234Lh_4,hZai0h0Xo100000L8L00000L4000000D8400000D4800000L04000000H800000LL8000000L4000004D8000004@<00000XffS3
20120512063234Lh_5,lZYc0d0\o10000008H0000044H0000044\QN0hl10XSN0hl10XSN0hl10XSN0ll1h1H000008LL0000044H000008H000000<XNhRN4Tm1LlRN4Tm1LlRN4Tm1LlRN4ln1D000000<@400000danY3
20120512063234Lh_6,l^Qj14lo100000H<L00000L8L0000004L00000L40000000000000004L00000000000004L0000000L400000L40000000L4000004L00000004L000000L400000L4000000L4000000H4400000H8000000L4000000L0400000000000004H4000000H800000L0400000LL800000H4400000L0400000H0800000L0400000@<400000L0400000H0800000L0400000LTOdQN4dn1L\QN4dn1L\QN4dn1L\QN4`n1Ll0000000L400000ddfl1
20120512063234Lh_7,\^QY2<do10000004L000000000000000000000000000000000000004L0000000000000L400000000000000L4000000L40000000L400000LL800000L040000000000000L0400000L4000000L0400000LL800000LL800000L40000000L400000000000000L400000L40000000L400000L4000000L04000000000000000000000000000004H400000000000000000000004L000000000000004L000004L00000000000000000000000L40000000000000000000000L400000Tcf[1
20120512063234Lh_8,h]il2<do100000Hd0D00000Dd0H00000D`0L00000L8L0000040L00000h1\NL000008LL00000000000004L00000000000000L4000000L4000000L4000000L04000000H800000LL800000hann0
20120512063234Lh_9,`_ac2<do10000004L0000004L000004L00000000000000L04000000L400000L0400000L4000000L040000000000000L0400000H4400000H4400000@<400000LL800000Tb^X1
20120512063234Lh_10,TfaR28d08Pn1HPRN8Pn1HPRN8Pn1HPRN8Pn1h04000000L4000000L4000004L0000004L0000004L0000000000000008H0000040L00000000000000000000040L0000040L0000008H000004H4000000L400000000000000000000040L000000<D0000000000000000000000L4000000000000000000000000000008H0000008H00000000000000000000004L000000000000004L00000000000000TXfd1
20120528063154Uh_1,\aPY28ho10000008H00000L400000004L000000000000004L0000040L0000040L000008LL000004L0000004L00000040L00000000000004L000000000000000000000040L00000000000000000000040L0000040L000004H400000X]_a1
20120528063154Uh_2,\d`o14lo100000Hd0D0000008H0000040L0000044H000004L000000<HL000008H000000lZ_n1
20120528063154Uh_3,PhXR34lo100000L8L0000004L0000004L0000004L000004L00000004L0000040L0000040L0000004L0000040L0000080H0000080H0000044H0000004L0000040L00000`0DL0000040L0000040L000008H00000040L0000004L000004L0000008LL00000\Ugg0
20120528063154Uh_4,X[QW2h0Xo100000D<000000@<400000L0400000LH<00000LH<00000H0800000LL800000TOh0400000LL800000LXOl000000L0400000L0400000L0400000L0400000L0400000L0400000L04000000L400000L4000000L04000000L400000L040000000000000L040000000000000L040000000000000L040000000000000L4000000L04000000L400000L40000000L400000L4000000L04000000L4000000L400000hiV_1
20120528063154Uh_5,PZYa2d0\o100000L0400000H4400000H4400000LL800000L0400000L04000000L4000000L400000L40000000L400000000000000L400000L400000000000000000000000L400000000000000L40000000000000XgfY1
20120528063154Uh_6,`^a^1`0`o10000004L000004L000000000000000000000040L00000000000004L000000000000000000000004L00000L400000000000000L4000000L0400000L0400000L4000000L0400000H4400000H0800000L0400000LL800000LL800000L04000000L4000000L40000000000000000000000000000000000000000000000000000040L000004L00000040L00000`bfX2
20120606063154Uh_1,Xk`^1d0\o100000@h0H00000H`0H00000H<L00000HTOhRNDTm1<lRNDTm1<lRNDTm1<lRNDPm18dSN\O\l1d0dSN\O\l1d0dSN\O\l1d0dSN\OXl1`0TTN@hk1`0XTN@hk1`0XTN@hk1`0XTN@dk1`0dTN\O\k1d0dTN\O\k1d0dTN\O\k1d0dTN\OTk1d0TUN\Olj1d0TUN\Olj1d0TUN\Olj1d0TUN\Odj1l0`UNPO`j1P1`UNPO`j1P1`UNPO`j1P1`UNPO\j1l0lUNPOXj1P1hUNPOXj1P1hUNPOXj1P1hUNPOXj1h0lUNXOXj1h0hUNXOXj1h0hUNXOXj1h0hUNXOXj1<TVNDli1<TVNDli1<TVNDli1<TVNDli18XVNHhi18XVNHhi18XVNHhi18XVNHhi18XVNHhi18XVNHhi18XVNHhi18XVNHhi14\VN0`i10`VN0`i10`VN0`i10`VN0`i14\VNHhi18XVNHhi18XVNHhi18XVNHhi18XVNDli1<TVNDli1<TVNDli1<TVNDPj1<h200000000000004L000000000000000000000000000000hV_[2
20120606063154Uh_2,\YYn2`0`o100000H<L00000`N8hRNHXm18hRNHXm18hRNHXm18hRNHTm1`140000000000000L04000000L4000000POhRNTO\m1l0dRNTO\m1l0dRNTO\m1l0dRNTOXm1l0P1000000H8000000L4000000000000040L00000000000008H0000008D400000Thfm0
20120606063154Uh_3,l]YP1<do100000L8L0000004L0000004L00000L4000000@<400000D840000000000000L04000000L4000000L4000004@<000004D8000004H400000PcVl2
20120606063154Uh_4,lbYn0h0Xo100000lNT10000000L400000000000008@8000004H4000004D800000h]no2
20120622063154Uh_1,`]`f28ho100000L400000040L000000000000040L000000000000000000000H8000000L8L0000004L00000000000004L000000000000004L0000000000000000000000L40000000000000000000000000000000000000000000000L0400000000000000000000004L0000004L000004L00000004L000000000000000000000L40000000L400000000000000L4000004H40000004L000000000000004L0000004L0000000000000000000000L4000004L0000000000000040L0000040L0000008H00000L8L0000004L0000000000000000000004H4000000L4000000H800000L040000000000000000000004L000000000000004L0000000000000044H0000004L0000040L0000040L0000044H0000040L0000040L0000004L0000040L00000000000004H4000004L0000004H400000l`gf0
20120622063154Uh_2,`ehk1<do100000D<00000000000000L04000000L400000H8000000D840000000000000000000000000000040L000004L00000004L0000000000000000000000L4000000L4000000L4000004L00000040L000000000000040L000000000000040L000000000000040L0000004L000004L00000040L0000040L0000040L000000000000040L000000000000004L000000000000004L0000040L0000004L0000004L0000004L0000040L000000000000004L0000004L000004L0000000H8000004H400000000000004L00000004L000004L0000004L00000040L000008D400000lX_f1
20120622063154Uh_3,ldXd0`0`o10000040L0000004L000004L00000004L000000000000040L000000000000000000000000000004L000000000000004L00000040L00000000000004H400000XZgW3
20120622063154Uh_4,Pihe18ho1000000d0\O000000d0\O000000<D0000004L00000`0HH0000044H00000l0XOL0000080H0000080H0000040L000008LL00000<LH0000040L0000040L00000PT_V2
20120622063154Uh_5,XZaU3h0Xo100000L8L000000L40000000000000lNXOlRNl0Tm1TOlRNl0Tm1TOlRNl0Tm1TOlRNl0Pm1@dRNd0\m1\OdRNd0\m1\OdRNd0\m1\OdRNd0\m1l04000000000000004L00000000000000XOh000000LL800000\N\18000000L400000LL800000L0400000TNTNPUN\2Tk1dMlTN\2Tk1dMlTN\2Tk1dMlTN\2hj1\NdTNh1`k1XN`TNh1`k1XN`TNh1`k1XN`TNh1\k1X1800000H0800000LH<00000LD`000000LL800000L0400000LL800000@8800000LL800000LD`000000LL800000LXOl000000D4800000LL800000LH<00000L04000000L4000000H8000000H80000000000000L0400000H8000000H0800000\OhN`RNl0lm1TOTRNl0lm1TOTRNl0lm1TOTRNl0hm1`08000000D<00000LL800000LD`000000HL<000000H8000004D800000loV>
20120622063154Uh_6,\Zij0`0`o100000L4000000L4000000L0400000L0400000XODdQN<dn1D\QN<dn1D\QN<dn1D\QN<dn1<400000L04000000L400000L04000000H800000LL8000000L400000XgnQ3
20120622063154Uh_7,\\Yg14lo100000L<H000000000000040L0000004L000008LL0000004L000004<@000000<D0000048D0000040L00000P1TOL000004L0000008H0000004H400000`anT2
20120707070914Th_1,Pc`V14lo100000L8L0000004L0000040L0000004L0000004L000000000000040L000008LL0000040L000000000000040L00000000000000L400000000000000L400000\\_e2
20120707070914Th_2,\hX\1<do1000000`0@0000044H0000044H0000044H0000044H0000040L00000<HL00000<HL000008LL0000040L000008LL00000dUg`2
20120707070914Th_3,X[i`1<do100000L04000000L400000L040000000000000L40000000000000000000000L040000000000000L4000000000000000000000000000000000000000000000000000000L40000000L40000000000000L40000000L4000000000000000000000L400000004L00000000000000L400000000000000L400000L40000000L40000000000000L400000000000000L04000000000000000000000L40000000L400000L040000000000000L40000000L40000000000000L040000000000000L0400000L040000000000000L4000000L0400000L40000000L40000000000000L0400000000000000000000000000000L400000000000000000000000L400000000000000000000000000000000000004L000000000000000000000000000000L400000000000000L04000000L400000L400000000000000000000000L400000LL8000004H400000hgnj1
20120707070914Th_4,\dad1<do100000L`0D00000000000004H400000000000000000000000000000L4000000L0400000L04000000L4000004L000000L04000000000000000000000L8L0000000000000H8000000L400000000000000L400000000000000H8000000L400000000000000L400000000000000L4000000L400000000000000000000000L400000000000000L400000000000000L400000L400000004L00000L040000000000000L04000000L4000000000000000000000L40000000000000000000000L400000004L0000000000000L4000000H4400000LL800000L0400000\O`04000000L4000000L400000L0400000D<0000000L400000L04000000000000000000000000000000L400000H80000000H800000D4800000D8400000@`0000000L04000000L4000000H8000000L400000LL8000000L400000L0400000L04000000L4000000H8000000\Od0000000L4000000H8000004L0000000L4000004L000000dane1
20120707070914Th_5,``Qi0d0\o100000L0400000L0400000L0400000lNT10000000H8000004D8000008@800000d`nT3
20120707070914Th_6,TgiQ2<do10000004L0000004L000000<D0000004L0000040L0000004L000004L00000040L000004L0000004L00000040L0000000000000000000004L0000000000000000000000000000000000000000000000L400000000000000000000000L400000000000000000000000000000000000000000000000000000000000000000000000000000000000004L0000000000000000000000L8L00000000000000000000000000000000000000L400000000000000000000004L0000000000000L400000000000000L4000000L40000000L4000004L0000004L0000000L4000004L000000000000004L0000000L4000004L000000lWV_1
20120710063134Lh_1,PdXW14lo100000L8L0000000000000L40000000000000000000000L40000000000000000000000L4000000000000000000000000000000000000004L000000000000004L0000000000000004L00000000000008LL000004H400000l[Wc2
20120710063134Lh_2,Xhhg0d0\o100000DP1\O00000D`0L00000L4000000DXOPSNXOPm1h0PSNXOPm1h0PSNXOPm1h0PSNXOhl1h0\100000L04000000H800000L04000000L4000000H800000L0400000000000000L40000000000000L40000000L40000000000000000000000000000000000000000000004L000000000000000L40000004L000004L00000040L0000004L0000040L000000000000044H0000040L00000<HL0000040L0000004L0000040L000004L00000004L000004L00000040L0000004L000004L00000040L0000004L0000040L0000040L0000040L0000040L000004L00000004L000004L0000000000000040L0000004L000004L00000004L000004L00000008H0000040L0000004L0000044H000008LL00000<D0000008H000000`Uog2
20120710063134Lh_3,lkXj1h0Xo100000@`1PO00000Hh0@00000L`0D000000XMPTNd1lk1\NTTNd1lk1\NTTNd1lk1\NTTNd1lk1TNdTNHD`1Xk1hNTUNHD`1Xk1hNTUNHD`1Xk1hNTUNHD`1Xk1`NlVNd0\i1\OdVNd0\i1\OdVNd0\i1\OdVNd0\nPT2
20120710063134Lh_4,l`ic14lo100000H`0H00000L4000000L4000000\O`0400000DL`000000H4400000LD`000000LH<00000L04000000H800000L04000000L4000000L400000\afX2
20120710063134Lh_5,Pci`18ho1000000000000004L00000000000000000000000000000L40000000000000000000000L0400000L4000000L4000000000000000L4000000L4000004H400000\]V[2
20120710063134Lh_6,\eao18ho100000L8L000000000000004L000000000000004L000004L0000000000000040L00000000000004L00000000000000L400000004L00000000000004L0000000000000000000000000000000000000000000000L40000000L400000000000000H8000000L400000000000000L400000`Z^i1
20120730072014Th_1,hb`j28ho100000`Nd1L00000L0400000L40000000H8000000L400000H\O\RNXOhm1h0XRNXOhm1h0XRNXOhm1h0XRNXOhm1h0h000000000000004L0000004H4000004L0000004L0000004L000000d^oQ1
20120730072014Th_2,hePY24lo100000D`0L00000\Od0000000H4400000H0800000LD`000000LH<00000P\We1
20120730072014Th_3,`eh[3d0\o100000H8000000L04000000L400000H4400000H0800000H44000004D800000`[Wb0
20120730072014Th_4,XehW1<do10000004L000004L00000004L000004L00000040L00000000000004L00000004L0000004L0000040L0000004L0000048D00000<D0000008LL000004L0000000000000040L000004L000000PY_c2
20120730072014Th_5,PiXo08ho10000000000000L04000000000000000000000L4000000L400000000000000L040000000000000L40000000L4000000000000000000000000000000L4000000000000000000000000000000000000040L000000000000040L0000000000000000000004L00000004L0000040L0000044PQNHhm18XRNHhm18XRNHhm18XRNHhm1X10000004D8000008@800000dVgh2
20120730072014Th_6,lkPe18ho100000000000004L00000004L00000000000000000000004L00000L4000000000000000000000000000000L04000000000000000000000L40000000L4000000000000000000000L04000000000000000000000000000000L400000000000000L400000000000000L400000`TWT2
20120730072014Th_7,lQY\28ho100000@d0L00000L4000000L4000000000000000000000004L000000L4000000L4000000H8000000000000000000000000000000L40000000000000000000000000000000000000000000000L400000L400000000000000L0400000L4000000000000000L4000004L0000000L4000004L0000000L400000PoV\1
20120730072014Th_8,lTah1<do10000004L0000000000000L400000004L00000L4lQNXOPm1h0PSNXOPm1h0PSNXOPm1h0PSNXOPm1l0hRN\OTm1d0lRN\OTm1d0lRN\OTm1d0lRN\OPm1l0hRNXOXm1h0hRNXOXm1h0hRNXOXm1h0hRNXOXm1h10000000L40000000000000000000000000000004L0000004L000000POdRN\O\m1d0dRN\O\m1d0dRN\O\m1d0dRN\O\m1h0`RN\O\m1d0dRN\O\m1d0dRN\O\m1d0dRN\O`m1`100000004L0000040L0000040L0000040L00000000000000H8000004L00000080H0000084dUNhNXe1X1hZNhNXe1X1hZNhNXe1X1hZNhNhe1P1dYN\O\f1d0dYN\O\f1d0dYN\O\f1d0dYN\Olf14`XN0Ph10PXN0Ph10PXN0Ph10PXN0Xh1L\WN0Pi10PWN0Pi10PWN0Pi10PWN0Ti1LdVN4di1L\VN4di1L\VN4di1L\VN4Tj1\OdUNd0dj1\O\UNd0dj1\O\UNd0dj1\O\UNd0dj1\OXTN@H`1Xl1POPTN@H`1Xl1POPTN@H`1Xl1POPTN@H`1Xl1POPTNT1\l1lNdSNT1\l1lNdSNT1\l1lNdSNT1\l1PO\SNh0Pm1XOPSNh0Pm1XOPSNh0Pm1XOPSNh0Pm1h0<00000LD`0000000H8000000L4000000hNlQN`0Xn1@hQN`0Xn1@hQN`0Xn1@hQN`0lf`m1
20120730072014Th_9,`]Q`18ho100000D<000000PN`0TSNLll14TSNLll14TSNLll14TSNLlk1XOTTNd2lk1\MTTNd2lk1\MTTNd2lk1\MTTNd2hk1d08000000lMPTN0Xl10hSN0Xl10hSN0Xl10hSN0dk1XO`TNLd0L\k18PTNLd0L\k18PTNLd0L\k18PTNLd0LXk18l200000hfn]2
20120730072014Th_10,PaQa2<do10000004L0000000000000000000000000000000000000H800000000000000L4000000000000000000000040L0000000000000L4000000L0400000L40000000L400000L400000008H0000004L00000@hN\RNX1`m1hN`RNX1`m1hN`RNX1`m1hN`RNX1\m1PO`RNP1`m1PO`RNP1`m1PO`RNP1`m1PO`RNP1`m1d040000000000000L04000000L400000L040000000000000L0400000L0400000L4000000H4400000L04000000L4000008D4000004H4000000L4000000L400000L0400000D8400000L0400000LL8000000L400000L0400000HL<00000H0800000D84000000L400000LL8000000TOl000000lb^R1
20120813063134Lh_1,dahX14lo100000L8L0000000000000L4000000000000000000000000000000000000000000000004L00000L4000000000000000000000004L00000000000004L00000004L0000040L0000040L0000040L0000040L0000040L0000040L0000040L0000008H000004L00000040L000004L0000000L4000000L4000004H400000X]__2
20120813063134Lh_2,`dhR34lo100000L4000000L4000000L40000000000000000000000000000000000000004L000004L00000004L0000004L000004L00000000000000000000004H400000000000004L000000\[gh0
20120813063134Lh_3,hdha14lo100000L8L00000L8L000000000000000000000000000000000000000000000000000004L0000000000000040L000000000000040L0000004L0000040L0000040L000004L00000004L000004L00000040L0000040L000000000000040L000004L00000004L000004L0000004H400000lYWW2
20120813063134Lh_4,PZie2h0Xo100000L<H00000PL0PXNLTh14lWNLTh14lWNLTh14lWNLPh1\1hVNdN\i1\1dVNdN\i1\1dVNdN\i1\1dVNdN`i1X2\UNdMlj1\2TUNdMlj1\2TUNdMlj1\2TUNdMPk1`34000008D400000h0TO400000d0TO8000004H400000`0\NPRN4Tn1LlQN4Tn1LlQN4Tn1LlQN4To1H400000hfVW1
20120813063134Lh_5,T\Y_1d0\o100000D`0L0000000000000LL8000000L400000H4400000L0400000L0400000LL8000000H800000L04000004L0000004H400000ld^]2
20120813063134Lh_6,P^i]24lo100000H<L00000000000004L00000004L00000L4000000XODhQN`0Xn1@hQN`0Xn1@hQN`0Xn1@hQN`0Xn1@hQN<\n1DdQN<\n1DdQN<\n1DdQN<Xn1L`QN4dn1L\QN4dn1L\QN4dn1L\QN4dn1<8000000L4000004L0000000L4000004L0000000H800000lb^^1
20120813063134Lh_7,T^YW2<do10000004L0000004L000004L00000040L000004L000000000000000000000000000000L8L0000000000000000000004L000000000000004L000000000000004L0000000000000000000000L400000000000000H4400000L04000000H800000hafb1
20120813063134Lh_8,h^aQ2<do100000L<H000004<@0000040L000008LL000008H00000044H000008LL0000080H000004L0000008D400000d_fk1
20120813063134Lh_9,`bY]28ho100000L4000000L400000000000000000000000000000000000000L0400000000000000000000000000000000000000L4000000L400000l]V_1
20120930063534Lh_1,ld`f2`0`o100000L8L00000H8000000L4000000000000004H4000008LL0000004L0000040L000004L0000004L00000040L000008D400000`ZWV1
20120930063534Lh_2,`dPk04lo10000008H0000004L0000004L000004L00000004L0000040L0000004L0000004L000004<@0000008H0000004L0000044H0000004L000004dNXRN8hm1HXRN8hm1HXRN8hm1HXRN8ln10L000004L0000000L4000004L0000000L400000`Yoo2
20120930063534Lh_3,XjXc1<do1000000d0\O0000008H0000044H00000`0DL00000<HL000008LL0000040L000004L0000008D400000PTWZ2
20120930063534Lh_4,XQY]2h0Xo100000Hd0D00000L<H00000H<L00000H<L00000HdN`SN`0hk1@XTN`0hk1@XTN`0hk1@XTN`0\k1DPUN`0hj1@XUN`0hj1@XUN`0hj1@XUN`0`j1@lUNh0hi1XOXVNh0hi1XOXVNh0hi1XOXVNh0di1XOlVNd0lh1\OTWNd0lh1\OTWNd0lh1\OTWNd0lh1PO`XN4\g1LdXN4\g1LdXN4\g1LdXN4\g1DXYN4df1L\YN4df1L\YN4df1L\YN4`f1LhYN0Xf10hYN0Xf10hYN0Xf10hYN0Tf10PZN4le1LTZN4le1LTZN4le1LTZN4he1L`ZN0`e10`ZN0`e10`ZN0`e10`ZN0`e1HlZN4Te1LlZN4Te1LlZN4Te1LlZN4ld10`[NL\d14d[NL\d14d[NL\d14d[NLTd18l500000H4400000L4000000LL8000000L400000L0400000L040000000000000L4000000L0400000L040000000000000L0400000L40000000L400000L40000000L400000000000004L00000000000000000000004L00000040L0000004L0000040L0000040L0000040L0000040L0000040L0000040L0000040L0000040L0000040L0000040L0000040L0000040L0000044H0000040L0000080H0000044H000008LL000004H400000TPWT1
20120930063534Lh_5,`YYQ34lo100000H<L0000000000000L4000000L0400000L0400000L0400000H8000000L0400000LL8000000L40000000000000L040000000000000L0400000H4400000L0400000LL8000000L400000L40000000L40000000000000000000004H400000`hfh0
20120930063534Lh_6,XaQi08ho100000L8L00000L0400000L40000000L4000000000000000000000000000000000000000000000000000000L400000L400000000000000L4000000000000000L4000000000000000000000L40000000L400000L400000000000000LL8000000L400000H4400000L04000004L0000008H000000h_fo2
20120930063534Lh_7,dfYe1<do10000004L0000008H0000004L000000000000004L0000008H000000<D0000004L000000000000040L000008D4000008H0000008D400000d0\O000000lWnV2
20121024073354Uh_1,\c`[18ho100000L<H0000004L0000000000000000000000000000044H0000004L000008LL0000044H000008LL0000040L0000040L0000040L0000044H000004h0TO0000088@0000084D0000044H00000l0XOL00000<0D00000<HL000008H0000004H4000000L4000004D800000dXo]2
20121024073354Uh_2,he`i28ho10000004L0000004L000004L000000L8L0000004L00000L8L00000L8L0000004L0000004L000004<@0000004L0000040L000000L4000000@`0000004D8000008D400000lYWR1
20121024073354Uh_3,XQaX1<do100000D`0L00000D<000000L0400000L0400000H@dQNH`n18`QNH`n18`QNH`n18`QNH\n10P100000XOd0400000L0400000H4400000D8400000hNP1800000D4800000LH<000000D<000000H800000\S_c2
20121024073354Uh_4,lRig14lo10000008H000000000000040L0000004L000004L0000000000000000000000L4000000L400000000000000L0400000H4400000H4400000LL8000000H800000lmVT2
20121024073354Uh_5,P\Y]24lo100000H<L00000L40000000000000000000000000000000L400000000000000000000000000000L40000000000000000000000000000000000000004L00000L400000000000000L4000000L4000000L0400000000000004H4000000L400000000000004L00000000000000000000004L0000000L400000ddV[1
20121024073354Uh_6,X`Qc2`0`o100000L4000000L0400000L0400000L4000000TOh0400000D8400000TNdNPUN\1Tk1dNlTN\1Tk1dNlTN\1Tk1dNlTN\1lj1\OXTNl0lk1TOTTNl0lk1TOTTNl0lk1TOTTNl0hk1`18000000@`0000008@800000h0TO4000008D400000`b^Y1
20121024073354Uh_7,\bil0l0To10000000000000L4000000000000000L400000000000000H800000000000000000000000000000L4000000000000004L0000000L400000L4000000L0400000L40000000L40000000000000L40000000L4000000000000000000000L40000000L400000L40000000L400000L40000000L400000L0400000L0400000L040000000000000L4000000L04000000L400000L4000000H4400000L40000000L4000000L400000L0400000H4400000H8000000000000004H4000000L400000L04000000L400000L0400000\Od0000000L0400000L0400000LPOhQN`0Xn1@hQN`0Xn1@hQN`0Xn1@hQN`0ln1L40000000000000L0400000H4400000L4000000@8800000H4400000DHd000000L0400000L8L00000L04000000@`0000000L400000L0400000L0400000LH<000000L400000Xc^a2
20121125063154Uh_1,XohW3`0`o10000040L000008LL0000040L0000004L00000PIH\^N4da1L\^N4da1L\^N4da1L\^N4da10X^N0ha10X^N0ha10X^N0ha10X^N0ha10X^N0ha10X^N0ha10X^N0ha10X^N0ha14T^NLla14T^NLla14T^NLla14T^NLPb14l]NLTb14l]NLTb14l]NLTb14l]NLTb1<h]NDTb1<l]NDTb1<l]NDTb1<l]NDXb1<d]ND\b1<d]ND\b1<d]ND\b1<d]ND`b1<P]N\O\J8hh1<l\N\O\J8hh1<l\N\O\J8hh1<l\N\O\J8lh1`0X\N0hc10X\N0hc10X\N0hc10X\N0lc14h[N0Xd10h[N0Xd10h[N0Xd10h[N0`d18lZNLTe14lZNLTe14lZNLTe14lZNLXe14\ZN0he10XZN0he10XZN0he10XZN0he18dYN0`f10`YN0`f10`YN0`f10`YN0lf1LhXN0`g10`XN0`g10`XN0`g10`XN0hg10PXNLTh14lWNLTh14lWNLTh14lWNL\h1l0TVNDli1<TVNDli1<TVNDli1<TVNDTj1d0PUN@Xk1`0hTN@Xk1`0hTN@Xk1`0hTN@`k1X2400000<D000000h0XO000000`0\O400000<POd000000<lNh000000`RWa0
20121125063154Uh_2,lm`l28ho10000008H0000004L0000008H000004`0\O000008LL000008LL00000h0XO00000040L00000dPWQ1
20121125063154Uh_3,XRa]28<P1hm1POXRNP1hm1POXRNP1hm1POXRNP1dm1h0000000L04000004D8000008\O<00000<XO<00000Xmn`1
20121125063154Uh_4,\YaS34lo100000H<L00000L8L0000004L00000L0400000D8400000L0400000L\Oh0000000L400000hgVj0
20121125063154Uh_5,X[io1<do100000H800000000000000L04000000L400000H8000000H0800000L0400000L04000000L400000H4400000L0400000H8000000LL80000000000000LL8000000L400000D4800000LH<00000000000004L0000004H400000Pgfj1
20121125063154Uh_6,X]Yk18ho10000008H0000044H0000040L0000080H0000040L0000040L000004L00000040L000004L0000000000000004L000004L000000000000000000000004L00000000000000000000004L000004L0000000000000000000000000000000000000004L00000000000000000000000000000000000000L400000L4000000000000000000000000000000L040000000000000L0400000L0400000L040000000000000L04000000000000000000000L04000000L40000000000000L40000000000000000000000L040000000000000L40000000L400000L0400000L40000000L400000H8000000@<400000H4400000H0800000H44000000H800000LH<00000H0800000L0400000L0400000L04000000L4000000H800000L040000000000000L0400000L04000000L4000000L400000`ena1
20121125063154Uh_7,h_i_2<do100000L40000000L400000L4000000L4000000L040000000000000H440000000000000L0400000L4000000L04000000L400000L40000000L400000L040000000000000L040000000000000L400000004L000000L400000L04000000L400000L4000000L04000004D800000Tb^Y1
20121125063154Uh_8,l`iU18ho100000H8000000L4000000H440000000000000L4000000L0400000@<400000L0400000L040000000000000L04000000L400000H44000000L4000000L400000L04000000H8000000L4000000L400000000000000L400000Xafd2
20121125063154Uh_9,Pbaf18ho100000L4000000L8L000000L40000000000000L040000000000000H80000000L40000000000000L0400000000000000L4000000000000000000000000000000000000000000000000000000000000000000000000000004L000000000000000000000004L00000000000004H400000`^^R2
20121203063334Lh_1,PdPR1`0`o100000L8L00000H<L000000000000004L000004L0000008H0000004L0000008@800000d[gk2
20121203063334Lh_2,hfXg2<do100000POX1H0000004L0000004L00000P1PO000000<D0000004L0000000L40000000000000hX_V1
20121203063334Lh_3,lhPm0l0To100000L`0D00000L8L00000L4000000L4000000L0400000l0TO0000008XO`000000dVoP3
20121203063334Lh_4,PYYc04lo100000L8L00000L400000000000000000000000000000000000000000000000000000000000000000000000000000000000000L40000000L400000H8000000LH<00000H4400000H4400000D4800000H4400000H80000004H4000004H400000000000000L4000004L0000000L4000004L000000dh^U3
20121203063334Lh_5,dWi>4lo100000L<H0000004L00000000000000000000004L000004L0000000000000004L000004L00000000000000000000004L0000004L0000004L000000lg^]3
20121203063334Lh_6,d\YR3<do100000H8000000H800000004L0000004L0000004L0000000000000L40000000H8000000D<00000L0400000LL800000H0800000XOh0000000L0400000H4400000LL800000L@d0000000L4000000L4000004H4000004L000000deVh0
20121203063334Lh_7,d^Qe14lo100000L8L00000L40000000000000000000000L40000000000000000000000L0400000L40000000L400000L4000000L04000000L400000L0400000000000000L400000000000004H4000000L400000XbnU2
20121203063334Lh_8,PaY\24lo100000L8L00000L4000000L4000000L8L00000L8L00000D<000000L4000000L4000000H4400000L0400000L8L000000000000004L0000000000000L40000000L400000L0400000L040000000000000000000000L400000\O\NlRNd1Tm1\NlRNd1Tm1\NlRNd1Tm1\NlRNd1ll1h0400000H44000000D<000000lMPSN<4\OPm18lRN<4\OPm18lRN<4\OPm18lRN<4\OPm10\SN8`m1H`RN8`m1H`RN8`m1H`RN8h_h\1
20121203063334Lh_9,`_QR3`0`o10000004L0000004L0000000000000L0400000H8000000lNT10000004L0000004H4000004@<00000<\O8000004H400000Tanj0
20121203063334Lh_10,XbQi0<do100000\OP1D00000H80000000\Od0000000L400000000000000L400000000000000000000000000000000000000L40000000000000000000004L00000000000000000000004L0000004H400000X^VR3
20121203063334Lh_11,`fi`18ho100000L8L0000004L00000L4000000000000000000000004L000000000000000000000L4000000L04000000L40000000000000L040000000000000000000000L400000L400000000000000L040000000000000L8L0000000000000H8000000L0400000L400000004L00000@`0000000L40000000L400000000000004L0000004H400000000000004H40000000000000000000000L40000000000000L400000000000000L8L0000000000000L0400000H80000000L400000L0400000000000000L400000000000000000000000000000000000000H8000000H8000000L40000000000000H4400000L0400000L400000004L00000L8L00000L4000000L0400000L4000000H8000000L40000000L4000004L0000004H400000000000000L40000000000000000000000L400000L40000000L400000L04000000L400000000000000L4000004L0000004H400000000000000L400000L40000000L400000L40000000H800000@<4000000L400000000000000L400000L04000000L4000000L400000000000000L40000040L000004L0000004L000000d]ne1
20121206063154Uh_1,`fPd0`0`o100000L0400000L40000000L400000L400000000000000L400000000000000L0400000000000000L400000L40000000L400000000000000L4000000000000004L000000000000004L0000000000000000000000L400000000000000L40000000000000000000000000000000000000L0400000000000000L400000\ZWT3
20121206063154Uh_2,hh`>`0`o100000H8000000H8`QN@`m1`0`RN@`m1`0`RN@`m1`0`RN@Tm1P2L00000H4400000H4400000LD`0000000L400000LXNXSN<ll1DTSN<ll1DTSN<ll1DTSN<`n1@800000XWo^3
20121206063154Uh_3,\hPS2<do100000L8L00000L<H00000L<H00000L<H0000004L0000048D00000<D0000008D4000004H4000000L4000000D<000000L4000000L400000XW_i1
20121206063154Uh_4,liX\3l0To10000004L0000040L0000040L0000080H000000d0\O0000044H0000048D00000d0HD000008LL000008H0000008H000000<D0000004D800000`SW`0
20121206063154Uh_5,PWai08ho100000L8L00000H4400000L40000000L400000L4000000L4000000L0400000L0400000000000000L4000000000000000000000000000000000000000000000000000000000000004L00000L4000000L8L0000000000000L400000040L000000000000040L0000004L00000L40000000TOlQN0Pn10PRN0Pn10PRN0Pn10PRN0Pn1DdRNLdm14\RNLdm14\RNLdm14\RNLlgPo2
20121206063154Uh_6,PXi_1<do10000004L0000000000000000000000000000040L000004L00000004L000000000000000000000000000004L00000004L000004L0000000000000004L000000000000000000000000000000000000000000000000000000000000000000000000000004L00000004L000000000000000000000L40000000L400000L40000000L40000000000000L04000000L4000000L400000hgnV2
20121206063154Uh_7,d^ag08ho100000L040000000000000L40000000000000000000000L400000000000000L040000000000000L0400000L4000000L0400000L0400000L04000000H800000`b^T3
20121206063154Uh_8,TdaP1<do100000H8000000H80000000L4000000L40000004L0000040L0000004L0000004L0000000000000L400000000000000L0400000L4000000000000004L0000000L4000004L00000004L000004L00000004L000004L0000000L4000000000000000000000L400000000000000L4000000@`0000000L0400000000000004L000000000000004L0000000000000000000000L400000000000000000000000L4000000L4000000L400000000000000L400000L4000000L0400000000000000L400000L4000000L0400000L0400000L4000000H4400000L4000000LL80000000000000L0400000000000004H400000000000000L40000000000000000000000L400000L0400000L4000000H4400000H8000000000000000L4000004H4000004L0000004L0000000000000000000000L40000000000000004L00000000000000L40000000000000000000000L4000000000000000000000L040000000000000L4000000000000000L40000000000000000000000000000004L0000000000000000000000000000040L0000004L000004L00000040L000004L0000008H000000000000004L000000P^VU2
20121216154954Bh_1,T_XT14lo100000L8L0000000000000L8L0000000000000000000000000000000000000L040000000000000000000000L400000000000000000000000000000000000004L0000000000000004L00000000000000000000004L00000L40000000000000000000000L400000000000000L40000000000000040L0000000000000000000000L4000000H8000000L40000000000000000000004H4000004L00000040L0000004L00000L8L00000000000000L4000000000000004L000000000000004L00000000000004L00000000000000000000000000000000000000L4000000000000000L4000004H400000PaW]2
20121216154954Bh_2,T`XU2d0\o100000H80000000L400000L4000000L4000000L4000000H<L00000L400000004L00000L8L0000000000000000000000000000004L000000000000000000000L04000000L4000000L40000000000000000000000000000000000000L400000000000000000000000000000004L00000000000000000000004L000004L0000000000000004L000004L00000004L0000004L000000000000040L0000004L0000040L000000000000004L0000004L000000000000040L0000004L000000000000004L0000040L0000008H0000040L00000l0TO0000008H0000004L0000008@800000`0TO<000004L0000004L000000000000004H400000P^_[1
20121216154954Bh_3,`fXU18ho10000004L00000L400000000000000000000000000000040L000000000000004L0000040L0000040L0000040L0000004L0000040L0000044H0000004L0000040L0000004L000004L0000004L000000000000004H400000000000004L0000004`0\O0000080H000008H0000008LL0000040L000004L00000004L0000040L000004L00000040L000004L00000004L000004L0000004L0000004L000000XVo`2
20121216154954Bh_4,hkh`3`0`o1000000d0\O0000044H0000044H000004<@0000048D00000<HL0000080H000008LL00000<0D0000084D0000084D0000080H000008LL00000h0XO000000h0XO000000PPW;
20121216154954Bh_5,llXc24P10hm10XRN0hm10XRN0hm10XRN0dm1`1H0000004L000004H4000004L0000004@<000004D800000hRoZ1
20121216154954Bh_6,Xo`R18ho100000L8L000000000000004L000004L00000004L000008LL0000044H0000044H0000040L000004L000000000000004L0000004H400000honi2
20121216154954Bh_7,d\Q[3<do100000L8L00000L4000000L0400000L4000000L04000000H800000L4000000H4400000L4000000LL800000L0400000L0400000L0400000L0400000L04000000L400000L04000000L400000L04000000H800000L0400000de^?
20121216154954Bh_8,d[ig0<do100000L8L0000040L000000000000000000000000000004L0000000000000000000000000000000L4000000000000000000000L4000000000000000L400000L40000000000000004L000004L00000000000000000000004H400000Xd^R3
20121216154954Bh_9,\]ic0<do100000L400000004L000000000000000000000L04000000000000000000000L4000000H8000000L04000000L4000000H800000L040000000000000L04000000L4000000H800000dcfW3
20121216154954Bh_10,\baQ2d0\o100000D<000000H4400000\O`0400000LH<000004XOd0000000L400000l^fl1
20121216154954Bh_11,\eaP28ho100000L8L00000L8L00000H8000000L4000000L8L0000000000000L8L0000044H000004dNXRN<dm1D\RN<dm1D\RN<dm1D\RN<hn10L000000000000004L0000000000000000000004L00000040L000004L0000004L00000040L000000000000004L000004L0000004L00000000000000XYVi1
20121220110614Th_1,`fPd24lo100000L4000000L40000000000000000000000L40000000000000000000000000000000000000000000000000000004L00000004L00000000000004L00000000000000dYgW1
20121220110614Th_2,hTa^24lo100000L8L000000000000000000000L40000000000000004L0000000lPNH`n18`QNH`n18`QNH`n18`QNH`n1l00000000L400000000000008H0000004H40000000000000000000000H800000Tk^]1
20121220110614Th_3,hZQU1h0Xo100000L`0D000000<D00000@`NXRNP2`m1PN`RNP2`m1PN`RNP2`m1PN`RNP2Tm1\OTSNH`l18`SNH`l18`SNH`l18`SNH\l18lSNHPl18PTNHPl18PTNHPl18PTNHlk1<TTNHhk18XTNHhk18XTNHhk18XTNHhk18XTNHhk18XTNHhk18XTNHhk18XTNHhk14`TNL\k14dTNL\k14dTNL\k14dTNL\k1H`UNL\j14dUNL\j14dUNL\j14dUNL\j1@dVN0`i10`VN0`i10`VN0`i10`VN0`i1HlVN4Ti1LlVN4Ti1LlVN4Ti1LlVN4dl1H400000Pcfg2
20121220110614Th_4,X[aQ2<do100000L4000000H80000000000000040L000004L0000004L000000000000004L000000000000004L000000000000000000000000000000`dnj1
20121220110614Th_5,h`iV1<do1000000000000000000000000000000000000000000000L8L000000000000000000000000000000L4000000000000000000000L40000000000000000000000L040000000000000000000000000000000000000L400000000000000L4000000L0400000L4000000L4000000L040000000000000L4000000H4400000L4000000L0400000L04000000H800000LH<00000L0400000L040000000000000L0400000L4000000H800000000000000L0400000L04000000H8000000H800000L0400000L4000000L0400000L0400000L0400000L0400000LL8000000H800000L400000000000000000000004L000000000000000000000000000000000000004L000000L40000000000000000000000000000000L4000000000000000000000L40000000L40000000000000L40000000L400000L0400000L40000000L400000L400000000000000L0400000000000000L400000L400000000000000L40000000L400000L40000000L400000L4000000L0400000LL8000000L4000000000000000000000000000000L4000004L0000000L400000`dVP2
20121229085414Th_1,`jXb0`0`o100000L4000000LL800000lNDPRNl0Tn1TOlQNl0Tn1TOlQNl0Tn1TOlQNl0lm1d0400000LL800000L\Oh0000004\O`000000XWg[3
20121229085414Th_2,lYih28ho100000L`0D00000000000004H400000TODTRN8Pn1HPRN8Pn1HPRN8Pn1HPRN8lm1l04000004H4000000H800000000000000L400000L4000000L4000000L0400000L04000000L400000H4400000L0400000dNHlRN<Tm1DlRN<Tm1DlRN<Tm1DlRN<Tm1P18000004D8000004D8000000H8000004D8000000L4000004H400000hhnP1
20121229085414Th_3,`\ia28ho10000008H0000004L00000L400000000000000L0400000L40000000L40000000000000000000000L400000L4000000L04000000L400000L4000000H4400000L0400000L0400000LL800000H4400000H8000000H4400000L04000004\O`0000000L4000004L0000004L0000004L000000XeVW1
20121229085414Th_4,`^ao08ho100000H8000000L4000000L40000000L400000L0400000@<400000L0400000L04000000D<00000L0400000000000000L4000000L400000L0400000L40000000L400000\Od0000000H08000004L0000004L00000040L000008H0000008D400000Xc^j2
20121229085414Th_5,TdQU14lo100000H`0H00000XODdQNd0\n1\OdQNd0\n1\OdQNd0\n1\OdQNd0Tn1h0000000L0400000`0@0000004H400000L0400000000000000L40000000000000LL8000000H800000l\fg2
20121229085414Th_6,`dQR24lo1000000000000004L0000000000000L40000000000000000000000L40000000L4000000L4000000000000004L0000040L0000000000000L8L0000000000000L40000000L4000000L40000000000000L400000004L00000L400000000000000L400000000000000000000008H0000004H4000004L000000h[^f1
20130104104234Ch_1,TdXP1h0Xo100000\Ol0H00000L<H00000H<L00000DhNhSNDTl1<lSNDTl1<lSNDTl1<lSND\l1LTTN0hk10XTN0hk10XTN0hk10XTN0Pn1L0000004H400000dZgm2
20130104104234Ch_2,XdXZ24lo100000L8L00000L8L000000L400000L4000000000000000L40000000000000L4000000000000000000000000000000H800000000000000000000000L400000000000004L00000040L00000000000004L0000000000000000000000000000004H400000P\__1
20130104104234Ch_3,PdPa2<do10000004L0000004L0000004L0000040L0000040L0000040L0000044H0000040L0000040L000004L0000004L00000000000000P[g[1
20130104104234Ch_4,\ePZ2d04Dln1<TQNDln1<TQNDln1<TQNDhn1T1H00000000000008LL000008LL00000<HL0000040L0000040L0000004L00000<LH000008LL000008LL00000hXob1
20130104104234Ch_5,lfXo2<do10000004L0000040L0000004L0000008H0000008H00000000000008LL00000<0D00000<HL0000008H0000008H000004L000000000000008H00000084D0000080H0000040L0000040L00000<D0000008H000000XV_k0
20130104104234Ch_6,XiXf0d0\o100000LH<00000L0400000L4000000L40000000L40000000000000L0400000L40000000L400000L40000000L400000L4000000L0400000L04000000H8000000L400000PX_U3
20130104104234Ch_7,PRQ[18ho100000hN0XRNl0Tm1TOlRNl0Tm1TOlRNl0Tm1TOlRNl0Tm1X1H0000048D0000044H000004\NhRN8Xm1HhRN8Xm1HhRN8Xm1HhRN8\m1\O\SN0hl10XSN0hl10XSN0hl10XSN0Pm1H\SNDll1<TSNDll1<TSNDll1<TSND\kPc2
20130104104234Ch_8,dUaU2h0Xo100000hNLTRNh0hm1XOXRNh0hm1XOXRNh0hm1XOXRNh0hm1h00000000\N\RNh0hm1XOXRNh0hm1XOXRNh0hm1XOXRNh0dn1\O`0000004D800000djnh1
20130104104234Ch_9,`VaR3<do100000D<000000D8400000D<000000H4400000H8000000LXOl000000LL800000LL8000000L4000008@800000Xkfj0
20130104104234Ch_10,PWam14lo100000L8L000000000000000000000L40000000000000040L0000040L0000040L0000040L0000004L0000004L0000040L000008LL000004L00000040L0000004L000004L00000040L0000004L0000004L0000004L000000000000000000000L400000000000000<HL000008LL000000000000040L0000040L000004L000000<D000000dfVj1
20130104104234Ch_11,TXiR3d0\o100000POX1H00000000000000@`000000LL800000L@d0000004@<00000Pi^k0
20130104104234Ch_12,X[Yl28ho100000L<H00000L40000000L400000L04000000L400000L4000000L0400000L40000000L400000L40000000L4000000H8000000L400000L4000000L400000004L000004H400000heVo0
20130104104234Ch_13,X]aj2l0To100000L<H00000L8L0000004L0000004L000000hNXRN8hm1HXRN8hm1HXRN8hm1HXRN8Po1LL000000000000040L0000040L0000040L00000\afR1
20130104104234Ch_14,h`Yj14lo100000L8L00000L4000000L40000000L400000H8000000H8000000H8000000H<L00000L4000000000000004L0000008D4000008H0000000000000000000000000000000L40000000000000L40000004L0000000L400000000000000000000000000000L0400000L40000000L400000000000000L400000000000000L4000004L0000000L40000000000000000000000L400000X`^l1
20130104104234Ch_15,d`iP3`0`o10000004L000000000000000000000L400000000000000L040000000000000L0400000000000000L400000L04000000L400000l_nk0
20130104104234Ch_16,PdQQ14lo100000L8L000000000000004L000000000000000000000000000000000000004L0000000000000000000000L400000000000000000000004L000000000000004L00000000000000L4000000000000008H00000L8L000000000000000000000L0400000L0400000LL8000000L4000000L4000000L4000000L400000L0400000L400000004L000000000000004L000004L00000000000000000000000000000004L00000H4400000H8000000L04000000L4000000L400000L0400000H4400000D<0000000L400000LL8000000H8000000L400000000000000L400000L40000000L400000L0400000H8000000L4000000L040000000000000LL8000000H8000000000000004L0000004L000000<D0000004L000000L4000000L4000000L4000004H40000000000000000000000000000004L000000000000000000000000000004L0000000L400000000000004L0000004L00000000000000000000000L400000d^nX2
20130110085614Th_1,`YhU2`0`o100000H8000000D`0L00000H440000000000000H0800000H4400000L04000000L400000L04000000L4000000L4000004H400000Phof1
20130110085614Th_2,P``T2\1dn100000hN\1L00000Dh0D00000DP1\O00000H`0H00000LdL`UNdNX1T1Ti18dUNdNX1T1Ti18dUNdNX1T1Ti18dUNdNX1T1lh1HdUN@X2l0lg1DlUN@X2l0lg1DlUN@X2l0lg1DlUN@X2l0lg1XO\VNH`2`0lf1HdVNH`2`0lf1HdVNH`2`0lf1HdVNH`2`0lf1DhVNLd2<`f1HlVNLd2<`f1HlVNLd2<`f1HlVNLd2<df1@PWN0`2<`f1DPWN0`2<`f1DPWN0`2<`f1DPWN0`2<lk10L0000040L000004L00000040L0000040L000004L00000004L0000040L000004L00000004L000008H000000P\Wf1
20130110085614Th_3,dchQ38ho100000H`0H00000H`0H00000L<H00000H<L000000POXRNLdm14\RNLdm14\RNLdm14\RNL`m1LTSN0hl10XSN0hl10XSN0hl10XSN0hl1HhSN4Tl1LlSN4Tl1LlSN4Tl1LlSN4Tl1LPTN8hk1HXTN8hk1HXTN8hk1HXTN8hk1H`TN0`k10`TN0`k10`TN0`k10`TN0`k10hTNHXk18hTNHXk18hTNHXk18hTNHXk18X20000000000000000000000000000040L000004L00000004L000000000000040L0000004L000004L00000040L0000040L000004L00000040L000008LL0000040L00000P\Wg0
20130110085614Th_4,\c``24lo10000008H0000008H0000004L000008LL000008LL0000040L0000044H0000008H0000080H0000080H0000044H00000<HL000004L00000040L000004L00000004L0000040L0000044H0000048D0000080H0000080H0000084D0000080H000008LL00000<HL000008H000000XXgX1
20130110085614Th_5,dihm0l0To100000hN`1H00000L8L0000008H000000lMXSNL08dl1L\SNL08dl1L\SNL08dl1L\SNL08dl1DlTN8Pk1HPUN8Pk1HPUN8Pk1HPUN8Pk1HTUN8hj1HXUN8hj1HXUN8hj1HXUN8hj1H`UN4\j1LdUN4\j1LdUN4\j1LdUN4\j1LhUN8Pj1HPVN8Pj1HPVN8Pj1HPVN8Pj1HTVN8hi1HXVN8hi1HXVN8hi1HXVN8hi1DdVN<Ti1DlVN<Ti1DlVN<Ti1DlVN<`l1L00000040L0000040L0000040L000004L00000004L000004L000000000000004L0000000000000000000000L40000000L4000000L400000L400000000000000L8L00000L0400000L040000000000000L0400000L04000000L4000000000000000000000L04000000L400000L40000000L400000hTWh2
20130110085614Th_6,TPYc18ho100000L4000000L4000000L04000000000000000000000H8000000H8000000L0400000LL800000H4400000LL800000H4400000dMXO\UNh0hj1XOXUNh0hj1XOXUNh0hj1XOXUNh0hj10\TN0hk10XTN0hk10XTN0hk10XTN0Pl10dSN0`l10`SN0`l10`SN0`l10`SN0dl1`14000008D400000`0TO<000004D8000004\O`000000dR_W2
20130110085614Th_7,PRaV14lo100000000000000000000004L00000L40000000000000004L000000000000040L000004L0000000000000040L0000004L000004L00000004L0000004L00000000000004L000000000000000000000040L000000000000004L000004L00000000000000000000004H400000000000004L000000PmVb2
20130110085614Th_8,`\Yd28ho100000L8L0000004L0000004L000000h0XO0000004L00000L8L00000L`N\RNl0dm1TO\RNl0dm1TO\RNl0dm1TO\RNl0dm1TOdRNd0\m1\OdRNd0\m1\OdRNd0\m1\OdRNd0\m1TOTSNd0ll1\OTSNd0ll1\OTSNd0ll1\OTSNd0Xn1L0000004L000000\bfX1
20130110085614Th_9,T]Qd1d0\o100000H<L00000LL800000H4400000LH<000000L400000L04000000L4000000L4000000L400000hc^Y2
20130110085614Th_10,Xaim0<X10hl10XSN0hl10XSN0hl10XSN0dl18dRN<\m1DdRN<\m1DdRN<\m1DdRN<\m1P1400000LhN\RN4lm1LTRN4lm1LTRN4lm1LTRN4lm1H`RNHhm18XRNHhm18XRNHhm18XRNHlm10T1000004L000000h^^P3
20130110085614Th_11,hcam1h0Xo100000L8L00000L4000000000000004H4000004L000000000000004L0000000000000000000000L40000000L400000L40000000L400000L4000000H80000000000000000000000L040000000000000L04000000000000000000000L8L000000000000000000000L4000000000000000H8000000H8000004L00000040L0000004L0000004L000000000000000000000L0400000L0400000L4000000L4000000L8L00000000000004L000000000000004L000000`0@00000000000000L4000000H<L0000000000000000000000L40000000000000L40000000L400000000000004L0000008LL000000000000000000000L4000000H800000000000000L400000040L000004L00000040L0000044H000008LL0000040L0000000000000000000004H4000008D400000X\n_1
20130110085614Th_12,lcai2<do100000L4000000XOh0000000L40000000L4000000L4000004L00000004L0000004L0000040L00000`0@0000008H0000008H000000l[VS1
20130206063154Uh_1,T\Xe18ho100000L8L0000044lPNLlm14TRNLlm14TRNLlm14TRNLPn1P100000040L0000004L000004lNlQN4Tn1LlQN4Tn1LlQN4Tn1LlQN4Po1<D0000044H00000<D0000004L0000008LL00000hagW2
20130206063154Uh_2,`aPQ14lo100000L<H0000004L000004L00000004L000004L00000004L0000044H0000040L0000044H0000080H000008LL0000040L0000084D0000040L0000040L000008LL0000040L000008H00000040L000004L0000004L000000l[_i2
20130206063154Uh_3,`a`n1d0\o10000008H0000004L00000000000004H40000000000000000000004L00000004L00000000000000000000040L000004L0000000000000040L0000040L0000008H0000044H0000048D000004X1dN000008h0PO000008LL000008H0000008LL00000T1POL00000P1PO00000044H000004l0PO000000`0@0000080H00000<HL000008LL00000P1TOL00000<HXQNl0\l1TOdSNl0\l1TOdSNl0\l1TOdSNl0`l1TOXSN`1Xl1`NhSN`1Xl1`NhSN`1Xl1`NhSN`1\l1X1H0000044H00000000000004hNhSN\N\l1d1dSN\N\l1d1dSN\N\l1d1dSN\N`l18TTNTOTm1l0lRNTOTm1l0lRNTOTm1l0lRNTOTm1`0\100000TWWg1
20130206063154Uh_4,`ehV1`0`o10000004L000004L00000040L00000000000004L00000004L000004L00000004L000004L00000004L00000000000004L00000004L00000000000004L00000040L000004L000000\Ygd2
20130206063154Uh_5,\jPR18ho10000008H0000004L00000000000004L00000004L0000004L000000000000040L0000040L000008H0000004L000000000000000000000000000000000000000H800000lTgi2
20130206063154Uh_6,lXY^24lo100000L8L0000000000000L0400000000000000H800000H8000000L8L00000L4000000H4400000HL<00000L04000000L4000000L4000000L400000L4000000000000000L40000000000000dhn\1
20130206063154Uh_7,d]ab2<do100000L8L0000000000000L4000000L04000000L400000L0400000L4000000L0400000H8000000L0400000D4800000H4400000H0800000lNTOlRNP1Xm1POhRNP1Xm1POhRNP1Xm1POhRNP1Tm1l0400000H0800000HL<00000LL800000LDXRN`NPn1`1PRN`NPn1`1PRN`NPn1`1PRN`Nlm1P1l000000LL800000L0400000LL800000L04000000L4000004H400000lffV1
20130206063154Uh_8,\^QU14lo100000L40000000L400000L4000000L40000000000000004L0000000000000L04000000000000000000000000000000L400000L4000000000000000L40000000000000L04000000L400000\bVf2
20130206063154Uh_9,``Ym2`0`o10000004L0000004L000000000000040L0000004L0000004L00000000000004L0000008D400000000000004L00000000000000000000004H40000000000000h^fn0
20130208063134Lh_1,\`hc18ho1000000000000004L000000000000000000000L400000000000000000000000000000004L000004L00000004L00000000000004L00000004L000004L00000008H0000040L0000044H0000040L0000040L0000040L000008LL0000040L0000040L0000040L000008LL000000000000040L00000000000004LlPNH`n18`QNH`n18`QNH`n18`QNHdn1h000000004L000004L00000040L0000080H0000004L00000<D00000040L000004L00000040L0000040L0000004L0000048D0000044H000008LL0000040L00000<HL0000040L0000040L0000040L00000000000004L000000000000004L0000000000000040L000000000000040L00000000000004L00000004L00000000000004L0000000000000040L0000004L0000040L0000040L000004L000000`Ygj1
20130208063134Lh_2,\bXg2<do10000004L0000008H000004L0000000000000004L000004L000000L8L00000000000000000000004L000004L`QN@`m1`0`RN@`m1`0`RN@`m1`0`RN@`m1`0\RNDdm1<\RNDdm1<\RNDdm1<\RNDhm1<TRNHhm18XRNHhm18XRNHhm18XRNHlm18PRNLlm14TRNLlm14TRNLlm14TRNLPn1d1\O000008LL000004L00000040XRNXNPm1h1PSNXNPm1h1PSNXNPm1h1PSNXNTm18PSNT1ll1lNTSNT1ll1lNTSNT1ll1lNTSNT1Pm1dNTSN`1hl1`NXSN`1hl1`NXSN`1hl1`NXSN`1hm1L0000008`0XO000008LL000008LL0000040L00000<4@0000040L000004L\TNXNPi1h1PWNXNPi1h1PWNXNPi1h1PWNXNXi1d1XVN\OTi1d0lVN\OTi1d0lVN\OTi1d0lVN\O\i1`0XVN0`i10`VN0`i10`VN0`i10`VN0di14dUNd0Tj1\OlUNd0Tj1\OlUNd0Tj1\OlUNd0`j1`2H00000`0DL00000<D0000008hM\TNH`k18`TNH`k18`TNH`k18`TNHPl1XOdTNh0Xk1XOhTNh0Xk1XOhTNh0Xk1XOhTNh0hm1HH0000080H00000h0\OL000008LL0000044H000008LL0000040L000008LL0000044H000004L0000004L000000XRgl0
20130208063134Lh_3,XiX^3`0`o1000004<@0000044H0000088@0000084D0000044H0000080H00000l0XOL00000<HL000008LL000008LL00000000000004L000000hS_>
20130208063134Lh_4,hi`l1h0Xo10000004L00000<D0000004L000000000000000000000004L0000000000000000000000000000000000000000000000000000000000000000000004L0000000000000040L0000000000000L04000000000000000000000000000000L40000000000000dUWm1
20130208063134Lh_5,XSa;l0To100000H<L00000L8L00000L4000000L4000000L4000000L4000000LD`000000HTO`RN@hm1`0XRN@hm1`0XRN@hm1`0XRN@hm18T1000000L4000000H800000Pn^a3
20130208063134Lh_6,dZYP34lo100000L8L00000L4000000H8000000L0400000H4400000L04000000L400000L0400000LL8000000L400000L4000000L040000000000000H8000000L0400000L0400000LL800000L0400000L4000000L0400000L0400000L04000000L400000L0400000L04000000L400000L40000000L400000L40000000L400000H44000000L4000004L0000000L4000004L0000004L000000`h^f0
20130208063134Lh_7,P^Ye14lo100000L8L000000000000000000000L4000000000000000000000000000000000000000000000000000000000000000000000000000000000000000000000000000000L40000000000000000000000L40000000L400000L400000000000000L04000000L40000000000000L40000000L40000000000000L0400000H8000000L0400000L0400000D8400000H0800000PMXO`VNl0di1TO\VNl0di1TO\VNl0di1TO\VNl0di1XOPVNh0Xj1XOhUNh0Xj1XOhUNh0Xj1XOhUNh0Xj1\O\UNd0lj1\OTUNd0lj1\OTUNd0lj1\OTUNd0Pk1@dSN`1`l1`N`SN`1`l1`N`SN`1`l1`N`SN`1`l1h08000004D8000008D4000008hN`RNXOhm1h0XRNXOhm1h0XRNXOhm1h0XRNXOTdho1
20130208063134Lh_8,`[aR1<do100000L4000000L4000000L040000000000000L0400000L0400000D<000000L04000000L4000004L0000000L4000004H4000000L40000000000000\efi2
20130208063134Lh_9,l]aT38ho100000L4000000L4000000TOl0000000H4400000H4400000L04000000D<000000H800000H0800000H8000000@<400000L0400000LL800000LL800000LL8000000@`000000L04000000L4000004D800000\e^f0
20130208063134Lh_10,`^Yo08ho100000TOP1L00000LD`000000L0400000L0400000L0400000\O\OhQNd0\n1\OdQNd0\n1\OdQNd0\n1\OdQNd0Xn18<00000LH<00000L0400000L@XQN0hn10XQN0hn10XQN0hn10XQN0ln1Ld000000lcfm2
20130208063134Lh_11,\aik0`0`o100000@l0D0000008H00000L40000000L400000D8400000H0800000LL800000D8400000L@\RNhNhm1X1XRNhNhm1X1XRNhNhm1X1XRNhNdm1T1h000000LH<00000LL800000LL8000000L4000000H8000000L400000Pano2
20130208063134Lh_12,\cYX24lo100000L400000000000000000000004L0000000000000000000000L8L0000000000000L8L00000000000004L0000000000000004L000000000000040L000000000000040L0000000000000000000004L000000L400000004L00000000000000L400000L40000000L400000000000000L400000000000000L4000000L400000000000004L000000`\V_1
20130213063454Uh_1,T^h^1`0`o10000004L0000004L000000000000008H0000048D0000040L000000000000040L000004L000000000000004L0000004L0000004H4000004L000000l`_]2
20130213063454Uh_2,`ZaT28ho100000L8L0000000000000L040000000000000L4000000L040000000000000L40000000L400000L4000000L0400000L4000000L0400000L4000000H4400000L04000000L4000000L400000L04000000L4000000L400000L04000000L4000000H800000\gVe1
20130310063154Uh_1,h_PV18ho100000L4000000L0400000L0400000L0400000L04000000000000000000000L40000000L40000000000000L4000000000000000L400000L40000004L0000000000000040L000004L00000044H0000040L0000048D0000040L0000000000000000000000000000040L0000044lRN@Xj1`0hUN@Xj1`0hUN@Xj1`0hUN@\j1d1TTNPO`k1P1`TNPO`k1P1`TNPO`k1P1`TNPOdk1l2H0000084hSN`LXk1`3hTN`LXk1`3hTN`LXk1`3hTN`L`k1h3400000l0TMdSNTOL0Tm1l0PSNTOL0Tm1l0PSNTOL0Tm1l0PSNTOL0d[ia2
20130310063154Uh_2,`b`e08ho100000Dd0H00000D`0L00000H<L0000040L0000040PSN\N\k1d1dTN\N\k1d1dTN\N\k1d1dTN\NTl1d1hRNPOPm1P1PSNPOPm1P1PSNPOPm1P1PSNPOTm1l10000004H4000000lNdRN\Odm1d0\RN\Odm1d0\RN\Odm1d0\RN\Odm1<dRND\m1<dRND\m1<dRND\m1<dRND\m10PSN0Pm10PSN0Pm10PSN0Pm10PSN0ll10XSNLll14TSNLll14TSNLll14TSNLPm1LXSN0hl10XSN0hl10XSN0hl10XSN0hl10XSNLll14TSNLll14TSNLll14TSNLll10d100000X]_V3
20130310063154Uh_3,dfhm2d0\o10000004L0000008H000000`0@000008<\O00000<0D0000044H00000h0@H0000080H00000d0@L000004L00000040L00000`0@0000004L0000004L000000PV_n0
20130310063154Uh_4,dPQZ14lo100000L4000000L4000000L4000000L40000000L400000L4000000@<400000L4000000L0400000XOd0400000L0400000LL800000HL<000000H8000000H8000000H8000004H400000lQ_a2
20130310063154Uh_5,l[Qo0<do100000Hd0D00000H8000000L04000000L4000000H8000000H80000000000000L040000000000000000000000L400000L400000000000000L4000000000000000L4000000L400000000000004L0000000L400000Pefk2
20130310063154Uh_6,h[Yd18ho100000L400000004L000000000000004L0000004L0000040L0000004L0000044H0000004L0000040L000004L0000008LL0000040L0000040L0000040L0000040L00000<HL0000040L000004L0000004L000000000000000000000004L000000000000000000000000000000000000000000000000000000000000000000000L400000000000000L4000000L8L000000000000000000000L04000000000000000000000L0400000L0400000H8000000H4400000L0400000LD`000000LH<00000Pdfo1
20130315063154Uh_1,XY`j1<do100000L400000000000000000000000000000004L000004L0000000000000044H0000040L0000040L0000004L000004L0000004L0000004H400000PfgQ2
20130315063154Uh_2,T[Pn18ho100000D`0L00000L8L0000004L0000004L0000004L0000004L00000000000004L0000004L000000L400000004L00000000000000000000004L000004L0000004L0000004L00000004L0000004L0000004L000000`0@0000008H000004L00000044H000004d0XO0000040L000004L000000000000004H4000008D4000004H40000004L000004L00000040L0000040L0000044H0000048D00000000000004L000000`0\O4000004L0000004L0000004L0000004L00000040L000008H`QN\Odm1d0\RN\Odm1d0\RN\Odm1d0\RN\Odm1d0\RNHXm18hRNHXm18hRNHXm18hRNHXm1h1H0000008H00000L8L00000000000004L0000000L4000008D4000004L00000040L0000004L0000044H0000040L00000<HL00000<LH0000084D0000040L0000040L0000040L000004PO\RN\Odm1d0\RN\Odm1d0\RN\Odm1d0\RN\Ohm1`0\RN\Odm1d0\RN\Odm1d0\RN\Odm1d0\RN\Olm18P1000008H000000h^_`1
20130315063154Uh_3,P_hl24lo100000L8L0000004L000000000000004L000000000000040L000000000000004L000004L00000004L000004L00000004L0000004L0000004L0000044H000000<D0000004L000004L0000004L0000000000000040L0000044H0000040L0000040L0000040L000008H00000040L0000080H0000048D0000080H000008d0TO00000<HL0000040L000008LL00000`0DL00000<LH000008d0TO0000040L00000<HL00000<D000000<D000000<D000000<D000000dZWh0
20130315063154Uh_4,`dh`0d0\o100000L8L00000L4000000000000000L400000000000000L400000L04000000L4000000000000000000000L040000000000000L4000000L400000000000000L0400000000000000000000008H0000004L00000000000000L4000004H4000000L4000000L4000004L000000T\_X3
20130315063154Uh_5,\khm14lo10000004L00000000000004L00000004L0000000000000L400000004L000000000000000000000L4000000L0400000H4400000@`0000000XOd0400000L0400000H0800000HL<00000LL8000000@`000000LL800000LD`0000000H8000000L400000\WWl1
20130315063154Uh_6,l\YU38d04Tn1LlQN4Tn1LlQN4Tn1LlQN4Pn14dQN<Tn1DlQN<Tn1DlQN<Tn1DlQN<Pn1P1L00000L4000000LD`0000008`NPRN<Tn1DlQN<Tn1DlQN<Tn1DlQN<Po1H400000`bnh0
20130328063154Uh_1,\\Pn04lo100000L4000000H8000000L4000000L400000000000000L400000004L00000L4000000000000000000000000000000L0400000000000000L400000L400000000000000L0400000000000000000000000000000000000000000000000000000000000000000000000000000000000000L4000004L00000000000000000000004L000000000000004L000000000000004L0000000000000040L0000040L000004L0000004L000000lc_g2
20130328063154Uh_2,XeXe0P1Po100000L`0D00000H<L00000H8000000H8000000LL800000LXOl000000LL800000H0800000LL800000L0400000H4400000LL800000L0400000L40000000H800000L0400000L0400000L0400000L0400000H0800000LL800000L0400000L0400000L0400000L0400000000000000L400000L4000000000000000000000000000000D84000000L4000000L40000000000000L8L00000L0400000L04000000L400000LL80000000000000L04000004H40000000000000000000000L400000000000000L400000L400000040L000000000000004L00000000000000000000040L000000000000004L000004L0000004L0000004L00000004L0000040L0000004L0000040L000000000000040L000004L00000044H0000044H0000004L0000000000000000000004L0000004L00000040L000004L00000040L000004H400000`]of2
20130328063154Uh_3,PTQ=\1dn1000000<D00000<l0hN000008LL000008LL000008LL00000<HL000008LL00000Xjn`3
20130328063154Uh_4,TYQe1\1dn100000Hh0@00000XOl0L0000000000000000000000L4000004PN\TNXOhk1h0XTNXOhk1h0XTNXOhk1h0XTNXOhk1`0P2000004@<00000dgfX2
20130521063134Lh_1,\`X\24lo100000L8L000004L000000000000000000000000000000L400000004L00000000000000L400000000000000000000000000000L400000000000000L400000000000000L0400000L40000000H800000L40000004H40000004L00000L4000000L4000000H8000000L400000000000000L0400000\OPOTRNP1Pn1POPRNP1Pn1POPRNP1Pn1POPRNP1Pn1<4000000H8000008D4000004H40000000000000L04000004H400000Xa_Z1
20130521063134Lh_2,heP]2<do100000L40000000L400000L40000000000000000000000L40000000L400000L4000000L40000000L4000000L4000000H800000lZg_1
20130521063134Lh_3,djhg28ho10000008H00000L400000000000000L04000000000000040L0000040L000004L00000040L0000008H0000044H0000008H000004L000000<D000000`T_T1
20130521063134Lh_4,`jhk2d0\o10000004L0000004L000008LL000008LL0000044TRNDdk1<\TNDdk1<\TNDdk1<\TNDhk1d0hSN@Xl1`0hSN@Xl1`0hSN@Xl1`0hSN@\l1d0hRN4Tm1LlRN4Tm1LlRN4Tm1LlRN4Xm1T14000004H4000004H4000004H4000000H8000004H4000000L4000004L0000008H0000004L000000000000000L400000L04000004H400000`Sgn0
20130521063134Lh_5,hXaS1T1`0TOdm1l0\RNTOdm1l0\RNTOdm1l0\RNTO`m1h10000000L400000L0400000L0400000L\OXRNTOlm1l0TRNTOlm1l0TRNTOlm1l0TRNTOhm1d0P1000000H800000LL8000000L400000\O<8000000L4000004H4000008D400000Xhnh2
20130521063134Lh_6,PZQm2h0Xo100000L<H00000H`0H00000L4000000LPOT100000H4400000H4400000LL800000H4400000L04000000L4000000D<00000L04000000L4000000L400000hgVo0
20130521063134Lh_7,PZY\28ho100000L4000000L040000000000000L0400000L040000000000000000000000000000000000000L400000000000000L0400000L04000000000000000000000L40000004H4000000000000000000000L400000000000000000000000000000000000000000000000L40000000000000Pgf\1
20130521063134Lh_8,P_iV14lo100000L`0D0000004L0000040L0000040L0000040L000004L000000000000004L0000000000000004L000000000000004L00000000000000000000004L000008H000000000000004L000000L40000000000000004L0000000000000000000000000000000000000000000000000000000000000L40000000L400000000000000L4000004L0000000000000000000000000000004D800000T`f_2
20130526063134Lh_1,Td`g08ho100000L<H00000L8L00000000000000000000004L00000L400000004L0000004L000004L000000000000004L00000004L000008LL000004L0000004L000000000000004L0000000000000000000000000000000000000004L0000000000000000000000000000004L0000008H00000L40000000000000004L000000L400000L4000000000000000000000000000000L04000000L4000000H8000004H400000L04000000L400000000000004L0000000L400000000000000000000000000000000000000000000040L0000000000000000000000000000004L000000000000004L0000004L0000004L000004L00000008H0000040L000004L0000000000000000000000000000000L400000000000004H4000000L4000000000000000000000L040000000000000000000004H400000P[_e2
20130526063134Lh_2,\d`a18ho10000004L000000000000004L000000000000000000000000000000000000004L000004L0000000000000000000000000000000000000000000000L040000000000000L04000000000000000000000000000000L400000000000000L40000000000000h[WX2
20130526063134Lh_3,di`W18ho1000000000000004L000000000000004L000004L00000004L0000040L000004L0000000000000004L000004L0000000000000000000000L4000000000000000L400000000000000000000000000000000000000000000040L000004L0000004L000000dUWb2
20130526063134Lh_4,\kX]18ho10000004L000000000000004L0000040L0000000000000000000000000000000000000000000000000000000000000L04000000000000000000000L040000000000000L040000000000000L040000000000000L040000000000000L0400000L04000000L400000L40000000L4000000L400000L0400000dUW[2
20130526063134Lh_5,TlhQ2h0l0\O\m1d0dRN\O\m1d0dRN\O\m1d0dRN\O`l1P3@0000044H000008H0000008\M\SNX1hl1hNXSNX1hl1hNXSNX1hl1hNXSNX1dn1dN`000000XRgl1
20130526063134Lh_6,\PQR1`0`o100000H8000000L4000000H4400000L0400000L0400000L0400000LL800000D8400000L0400000L0400000L04000000H800000H0800000L0400000L0400000L04000000000000000000000L40000000L4000000000000000000000000000004L0000000L40000000000000000000004L0000000L40000000000000L40000000L40000000000000TR_e2
20130526063134Lh_7,dWYi14lo100000H<L00000L4000000H4400000L40000000L400000LL800000LL800000L0400000000000000L4000000L400000`ifS2
20130526063134Lh_8,hXag2<do100000D<000000D<000000D<000000H0800000L0400000LL8000000TOl000000L04000000H800000H4400000000000000H800000XiVU1
20130526063134Lh_9,`WQS1`0`08hm1HXRN8hm1HXRN8hm1HXRN8dm1`1D00000L<H00000L<H00000L<H000000lNPTN`Nhk1`1XTN`Nhk1`1XTN`Nhk1`1XTN`Nhk1X1dTNhNXk1X1hTNhNXk1X1hTNhNXk1X1hTNhN\k1P1lTNlNTk1T1lTNlNTk1T1lTNlNTk1T1lTNlN`k1h0dTNXOXk1h0hTNXOXk1h0hTNXOXk1h0hTNXO\k1LdSNHT1<Xk1LdSNHT1<Xk1LdSNHT1<Xk1LdSNHT1<Xk1DlUN8Pj1HPVN8Pj1HPVN8Pj1HPVN8Pm1L00000040L0000040L0000044H00000000000004L0000004L000000hd^h2
20130526063134Lh_10,`[aX14lo100000L400000004L0000000000000L400000000000000000000000000000004L000000000000040L000004L00000000000000000000000000000000000000L400000000000000L4000000L0400000L4000000L0400000L040000000000000TO@XRN<lm1DTRN<lm1DTRN<lm1DTRN<hm1LPRN8Pn1HPRN8Pn1HPRN8Pn1HPRN8`n184000000L4000000H8000000L4000004L000000000000000L400000000000004L000000`ef^2
20130526063134Lh_11,X_ao24lo100000L4000000L4000000L4000000L400000004L00000L4000000000000004L000000000000000L400000L40000000L400000L4000000L0400000H440000000000000000000008H0000008D400000\a^k0
20130530133654Bh_1,PZPb18ho100000L8L0000040L000000000000000000000000000000000000000000000L04000000000000000000000000000000000000040L0000000000000L8L00000000000000L40000040L000004L00000004L000004L000000000000000000000000000000000000004L00000000000000000000000000000004L000004L000000L400000000000000000000004L0000000L400000`egT2
20130530133654Bh_2,d]P_1<do1000000000000004L000000000000004L0000008H00000Hd0D00000D`0L0000008H00000000000000L4000004H40000000000000000000004L00000040L0000040L000004L0000008LL000008LL0000004L0000044H000004L00000040L00000<D00000040L0000040L000004L0000004L0000004L000000000000000000000000000000000000008LL000004L0000004H400000L0400000000000000L400000T`oV2
20130530133654Bh_3,d_`i14lo100000L8L0000004L00000L8L000000X1hN0000040L000008H00000040L0000004L00000L8L00000L8L0000000000000000000000000000040L0000040L0000040L00000000000000000000000000000LL8000004H4000000L40000000000000000000000L4000004L0000004L00000040L000004L00000000000000000000004lN`QN<dn1D\QN<dn1D\QN<dn1D\QN<To100000004H4000008H00000008H000004L00000000000000\^gl1
20130530133654Bh_4,dchV2<do10000004L00000L<H00000L`0D00000L4000000L400000000000000000000000L400000000000000L4000004D800000000000004L0000004L00000048D0000004L0000040L000004L0000004H400000P\Wd1
20130530133654Bh_5,XeX`2<do100000D<0000000L400000L4000000L0400000H8000000L0400000L8L0000000000000000000000\Od00000000000000000000004L000000000000004H400000d[g[1
20130530133654Bh_6,\dhQ1d0\o100000L<H0000008H0000044H000008LL00000`0DL000008LL0000040L000004L0000000`0@000004L00000004L0000000000000L4000000000000000L4000000\O\QNLdn14\QNLdn14\QNLdn14\QNL`o10L0000004L000000000000040L000000000000040L0000008H0000040L000004L0000008D400000hX_g2
20130530133654Bh_7,TjhY1d0\o100000XOP1H00000Ld0@00000D`0hRN\Mll1d2TSN\Mll1d2TSN\Mll1d2TSN\Mll1d0\SN\1\l1dNdSN\1\l1dNdSN\1\l1dNdSN\1\l1\NPTN`1Pl1`NPTN`1Pl1`NPTN`1Pl1`NPTN`1Pl1\NhTNT1Tk1lNlTNT1Tk1lNlTNT1Tk1lNlTNT1Tm1L0000000L4000004L0000004L00000040L0000044H0000008H0000008H0000044H00000d0@L00000<LH00000<HL00000000000004L00000000000000000000000000000004L000000000000004L0000004L000004H400000000000004H40000000000000000000004L0000000000000004L000004L0000000000000004L00000000000004L00000004L0000004L0000040L0000008H0000004L0000040L00000000000000000000004L0000040L0000004L0000004L000004H4000004H400000hQ_X2
20130530133654Bh_8,doPi2<do100000L400000004L0000000000000L0400000H0800000L4000000L40000000L400000L0400000L0400000L0400000L40000000L4000000L400000000000000L4000000000000000000000L4000000000000000L400000L400000000000000L040000000000000L4000000L400000000000000L04000000L4000000L4000000L4000000L400000\R_n0
20130530133654Bh_9,TYih2<do100000L8L00000H<L00000L4000000\KTOlYNX1Pf1hNPZNX1Pf1hNPZNX1Pf1hNPZNX1\e10hYNl0de1TO\ZNl0de1TO\ZNl0de1TO\ZNl0`e1L\YNd0df1\O\YNd0df1\O\YNd0df1\O\YNd0`f1<XXNLlg14TXNLlg14TXNLlg14TXNLlg1`0\WNTO4dMdh1X3XWNTO4dMdh1X3XWNTO4dMdh1X3XWNTO4dMdh18lWNP4Xi1PLhVNP4Xi1PLhVNP4Xi1PLhVNP4\i1dKPWNX3Pj1hLPVNX3Pj1hLPVNX3Pj1hLPVNX3Xl1dN`000000P1dN<00000`inS1
20130530133654Bh_10,hSQZ1h0<@Xn1`0hQN@Xn1`0hQN@Xn1`0hQN@Tn1l0dQNTO\n1l0dQNTO\n1l0dQNTO\n1l0dQNTO\n1\1L000004dNPRN`0Pn1@PRN`0Pn1@PRN`0Pn1@PRN`0hn18H000004<@000008LL0000080H0000088@00000d0DH000004L00000040L00000<D00000040L0000004L0000040L0000044H0000040L000008LL0000040L000008H0000008H000000Ph^`2
20130530133654Bh_11,`XiW3<do10000000000000000000000000000000000000@LTQN4ln1LTQN4ln1LTQN4ln1LTQN4hn1d0000000LL800000H0800000L04000000L400000LL8000000L400000000000000000000040L0000008H0000040L000004L0000008H000000ThVc0
20130530133654Bh_12,hWaR1d0\o1000000\1dN000000<D0000084D00000`0DL000008`NXRN<dm1D\RN<dm1D\RN<dm1D\RN<hm1XOlRN`0Pm1@PSN`0Pm1@PSN`0Pm1@PSN`0`n1LL000008LL0000004L000004L00000040L000000000000040L000000000000040L000004L00000004L00000000000004L00000004L00000000000004L00000040L00000000000004L000000Xdnf2
20130530133654Bh_13,d_Qe18ho10000000000000L400000004L00000L8L00000000000000H800000L0400000L4000000L0400000H4400000H4400000\N\1800000H4400000D8400000POl0400000@\OT1000000POP1000008hNP100000PeVV2
20130530133654Bh_14,l_QP18ho100000L4000000L8L000000000000004L000004L00000004L000008LL000008LL000000000000040L000004L0000004L0000004L000000X_^l2
20130530133654Bh_15,XbQZ14lo100000H`0H00000L8L0000004L0000008H0000004L000004L0000004L000000000000000L4000000000000000000000H80000000000000000000000000000000L400000H8000000D<000000L0400000H8000000L40000000L4000008H0000004H4000000L400000L0400000L0400000L04000000L4000000L400000L0400000L0400000H44000004L0000004H40000000000000000000000L4000000L400000L40000000L4000000L400000d_V[2
20130530133654Bh_16,\eii14lo10000004L0000004L0000000000000L40000000000000004L00000000000004L0000000000000004L000004L000000000000000000000004L00000000000000000000008H0000004L00000L04000000H8000000L40000000000000L4000000000000000L40000000000000<D000000\ZVo1
20130603063154Uh_1,`^hP14lo10000004L000004<@000000d0\O0000040L0000040L0000000000000000000000H8000000H8000000L4000008H000000l`Wl2
20130603063154Uh_2,dcPY3`0`o10000000000000L8L00000000000000L40000000000000000000000000000004L0000004L000000000000040L0000004L00000000000000L400000000000000L40000000000000000000004L00000004L000004L000000000000004L000000000000004L0000000L4000004L000000h[o?
20130603063154Uh_3,le`^28ho10000004L000000000000004L000000000000040L00000000000000000000004L000000L4000000000000040L00000000000000000000004L000000000000000000000LL800000H08000000L400000XZ_\1
20130603063154Uh_4,T^YP2<do1000000`0@000000<D00000L8L0000044H000000dNPRNl0lm1TOTRNl0lm1TOTRNl0lm1TOTRNl0ln1LH0000040L0000040L0000044H0000044H0000040L000008LL0000040L000000L400000000000000H8000000H8000000L4000000L400000l_fj1
20130606133454Bh_1,\^hf0\1dn100000L<H0000008H000008`NXRN`0`m1@`RN`0`m1@`RN`0`m1@`RN`0hn10H0000080H0000048D000004L0000008\O<00000`_oV3
20130606133454Bh_2,PcPg0<do100000L<H0000008H00000L`0D00000LlNhQNP1Pn1POPRNP1Pn1POPRNP1Pn1POPRNP1lm1POhRNd0Tm1\OlRNd0Tm1\OlRNd0Tm1\OlRNd0`n1H000000<@400000h[oV3
20130606133454Bh_3,`dX]34lo100000L<H0000008H0000008H000000<D0000040L00000000000004L0000000<D000004H400000000000004L0000008H000000d0TO800000XZW?
20130606133454Bh_4,hdh_24lo10000004L0000004L0000000000000L8L0000000000000000000004L000000000000004L0000000000000004L000004L00000004L00000000000004L00000004L000000000000040L0000040L0000040L0000044H0000044H000008LL000008H0000008H000000`YgY1
20130606133454Bh_5,d]ad0<do100000H<L00000lMh0TSNHhl18XSNHhl18XSNHhl18XSNHdl1l1000000XOd0400000H8000000LdMhTN4\k1LdTN4\k1LdTN4\k1LdTN4Tk1Ld200000LD`000000LH<00000LH<000000L400000000000000L4000000000000000000000L40000000L40000000000000L4000000H8000000L0400000L0400000L04000000L400000H4400000LL8000000L400000000000000L40000000000000000000004H400000hgVS3
20130606133454Bh_6,P\QZ1<do10000004L000000000000000000000000000000000000000000000L4000000000000004L00000000000000000000000000000000000000000000000L400000H8000000LL800000H4400000L040000000000000L04000000L400000L4000000D8400000LL800000L0400000LL800000L04000000H800000le^^2
20130606133454Bh_7,X_a\1<do100000Hd0D000000000000008H000004L00000040L000008D4000004L00000000000000000000000L400000H80000000L400000L0400000L04000000L400000L40000000L400000000000000L400000H08000000L40000000000000Xaf]2
20130606133454Bh_8,``ao2`0`o100000@d0L00000L8L00000Hl0\O00000H<L00000HPOTSNDdl1<\SNDdl1<\SNDdl1<\SND\l1`0lSN@Pl1`0PTN@Pl1`0PTN@Pl1`0PTN@Pl1LhTN4Tk1LlTN4Tk1LlTN4Tk1LlTN4Xk1XOhUN4\j1LdUN4\j1LdUN4\j1LdUN4\[Xn0
20130606133454Bh_9,X_aU14lo1000000000000040L0000004L0000008H000000000000004L000004L0000000000000040L000000000000004L000000000000040L000004L0000004H400000P`^f2
20130609133454Bh_1,X_`m28ho100000L8L00000L400000000000000L8L00000000000004L000000000000004L000000000000004H4000004H400000d`_o0
20130609133454Bh_2,\ahf2<do10000004L0000040L0000004L000004L00000004L000004L00000004L000004L00000004L000004L00000044H0000004L0000044H0000040L0000004L000004H4000004L0000000000000040L000004L00000040L000004L000000000000004H400000h\oR1
20130609133454Bh_3,`cPX3`0`o10000004L000004L00000004L000004L00000004L000004L00000004L000004L0000000000000040L000000000000040L0000004L0000040L000004L00000004L000004L0000004L0000000000000004L000000000000004L0000044H000000000000040L0000044H0000040L0000040L0000040L0000040L0000040L0000040L000008D400000lY_?
20130609133454Bh_4,dfXd0l0To10000048D000008LL000008LL000008LL0000048D0000080H0000080H0000080H00000<D000000XWWY3
20130609133454Bh_5,dmhQ1T1ln100000\Od0000000L4000000H4400000hM`NXUN\1dk1dN\TN\1dk1dN\TN\1dk1dN\TN\1\k1PO\TNl0lk1TOTTNl0lk1TOTTNl0lk1TOTTNl0dk1`1<00000DL`000000LL800000H4400000LH<000000H800000PWWk2
20130609133454Bh_6,PjX^1<do10000048D0000008H0000040L000008LL0000044H0000080H0000080H0000040L000008H0000008D400000XTo^2
20130609133454Bh_7,\PYb04lo100000L8L00000L8L0000004L00000L400000004L0000004L000008LL000004L00000000000000L04000000L400000L4000000000000004L0000004H400000dofY3
20130609133454Bh_8,\^aZ1`0`o10000004L0000004L000000000000000000000000000000000000000000000L40000000L400000000000000L40000000000000000000000000000000000000L400000000000000000000000L400000L4000000@<40000000000000\O`0400000@<400000LL800000LH<00000LL800000LXOl000000L0400000LL800000H4400000L0400000L0400000L04000000L400000L0400000L040000000000000L0400000L0400000D8400000L0400000L04000000L400000000000004H4000000000000004L000000000000000000000L04000000000000000000000L040000000000000L0400000000000000L400000L40000000L400000L40000000L400000L40000000L400000L400000000000000L0400000000000000000000000000000000000000000000000000000L040000000000000L0400000L40000000L400000L040000000000000L0400000000000000L400000L400000000000000L0400000000000000000000000000000L0400000L4000000L0400000L4000000L0400000LL800000L0400000L40000000L400000L0400000H4400000H8000000H0800000LL800000L04000004D800000linj1
20130609133454Bh_9,T\Q^24lo100000L8L000000000000000000000L4000000L4000000L4000000L040000000000000L400000004L00000000000004L000000000000000L40000000000000L040000000000000L040000000000000L04000000L4000000H800000ldV\1
20130609133454Bh_10,h^Qj08ho1000000000000000000000L400000004L000000000000000000000L40000000L4000000000000004L000004L00000000000000L40000000L400000L4000000L40000000L4000000L400000L40000000L400000L40000000L4000000H800000Pbno2
20130609133454Bh_11,X`iW28ho100000L8L000000000000000000000000000000000000004L000000000000000000000000000004L000000000000000000000000000000000000000000000004L000004L000000000000000L4000004L00000000000000`_fb1
20130627063134Lh_1,XdPR28ho10000000000000L8L00000000000000000000000000000000000000000000000000000L400000000000000L40000000L400000L04000000L4000000L400000L0400000000000000L400000\\Wi1
20130627063134Lh_2,PePS14lo100000L4000000L400000000000000L8L000004L00000004L000004L00000040L0000000000000000000000000000004L000004L0000000000000040L000008LL0000080H000004L00000040L0000044H0000044H0000040L0000040L00000000000004L00000000000000000000004H400000XYge2
20130627063134Lh_3,Xe`U3<do100000L40000000L4000000L4000000000000004L0000044H0000040L0000040L00000000000004L000000000000000000000040L0000004L0000004L0000040L0000040L0000004L000004L0000008LL0000004L0000040L0000004L0000080H0000080H0000040L0000040L0000040L0000040L00000`Xob0
20130627063134Lh_4,hYiW2848Po1HPQN8Po1HPQN8Po1HPQN8ln1P1@000000POdQNh0Pn1XOPRNh0Pn1XOPRNh0Pn1XOPRNh0lm1XOhRN`0Pm1@PSN`0Pm1@PSN`0Pm1@PSN`0ll1@`SN<\l1DdSN<\l1DdSN<\l1DdSN<`n1DL0000040L0000000000000000000000000000004L00000000000000000000000000000H8000000L400000000000000L40000000000000000000000L0400000000000000L400000L40000000L400000L4000000L04000000L400000L04000000L400000L0400000L04000000L400000L04000004@<00000he^_1
20130627063134Lh_5,``Qh0`0`o1000000`0@0000044H0000040L0000040L0000044H0000080H0000040L0000040L000004L0000008LL000004L00000040L000008LL000004L0000008H0000008H000000P]fS3
20130627063134Lh_6,`eYf18ho10000004L0000004L00000000000004L000000000000000000000000000000L400000000000000000000004L0000000000000000000000L4000000L40000000000000000000000000000004L0000004L000000\Z^T2
20130627063134Lh_7,\eYl1444\o1LdPN4\o1LdPN4\o1LdPN4`o1400000000000000L400000004L0000004L000000000000004L00000000000000L4000000000000000000000L40000004XOlPN`0Po1@PQN`0Po1@PQN`0Po1@PQN`0\o1L000000000000000000000000000000L40000000L4000000000000004L0000004L0000044H0000044H000004L00000040L00000000000000000000000000000000000004L0000000000000004L00000000000000000000000000000000000004@<000004H400000`Yfi1
20130702070714Th_1,TbXk0<do100000L4000000000000000000000000000000000000000000000004L000000000000004L00000L8L0000000000000000000000L4000004L0000000L40000000000000000000004L00000000000000000000004L0000004H400000d]on2
20130702070714Th_2,TfXb18ho100000L0400000L0400000L400000000000000L8L00000000000004L000000L400000000000000000000000000000000000000L40000000L4000004L0000000000000000000000000000000000000000000000000000000000000004L000004L0000000000000000000000L40000000L4000000000000000000000000000000000000000000000000000000000000000000000000000004L000000000000000000000004L000000000000000000000000000000000000000000000000000000000000000000000000000004L00000004L000000000000000000000TZoo1
20130702070714Th_3,hiXf24lo10000004L000000L4000000000000004L000000000000004L0000040L000000000000040L000000000000004L000004L000000000000000000000004L0000000000000000000000000000000000000L4000000H44000000L4000004@<00000TVgS1
20130702070714Th_4,lUad24lo100000D`0L00000L4000000H8000000L04000000D<00000H4400000H4400000H4400000000000000H8000004D800000dk^X1
20130702070714Th_5,\WYU38ho100000H8000000L4000000H8000000L4000000H4400000L4000000LH<00000HL<00000L0400000L0400000L0400000L0400000L04000000L4000000H8000000H800000000000000L400000hjne0
20130702070714Th_6,`Wa`2<do100000L4000000H4400000L0400000\OD\QN`0hn1@XQN`0hn1@XQN`0hn1@XQN`0dn1<4000000L4000000H8000004D800000diV]1
20130702070714Th_7,dXQf0T1ln100000Dd0H00000\Ol0H00000H<L000000<D00000L8L000000hMXTN`0`k1@`TN`0`k1@`TN`0`k1@`TN`0`k1\O\UN0`j10`UN0`j10`UN0`j10`UN0\j1@`VN<\i1DdVN<\i1DdVN<\i1DdVN<di1XOdVNh0Xi1XOhVNh0Xi1XOhVNh0Xi1XOhVNh0`l1LL00000<HL0000040L000004L00000004L0000040L00000d0DH0000004L000004L0000008H000000dcnT3
20130702070714Th_8,hYYT34lo100000H<L00000H4400000D8400000H4400000H0800000H08000000H800000LL8000000L4000000H8000000L400000Phfh0
20130702070714Th_9,TZig18ho100000L8L00000000000000000000000000000000000000000000000000000L400000000000000L04000000L400000L40000000L400000L4000000L0400000L0400000L04000000L400000lf^S2
20130702070714Th_10,X^QQ2h0Xo100000H`1hN00000L`0D0000008H0000004L000000\MdSN0LP1Xl1POlSN0LP1Xl1POlSN0LP1Xl1POlSN0LP1Tl1POhUN<Tj1DlUN<Tj1DlUN<Tj1DlUN<Tj1DPVN<li1DTVN<li1DTVN<li1DTVN<li1@\VN`0`i1@`VN`0`i1@`VN`0`i1@`VN`0dl10L00000<HL000008H000000`^nk1
20130702070714Th_11,\aYm24lo100000H<L0000000000000L4000000@<400000hN\OPSNh0Pm1XOPSNh0Pm1XOPSNh0Pm1XOPSNh0Pm1D\RN<lm1DTRN<lm1DTRN<lm1DTRN<lm1d08000004D8000008@800000\`VP1
20130702070714Th_12,hcaT28ho100000L8L00000L8L00000H8000000L4000000L4000000HL<000000H800000LL8000004D800000X]nh1
20130811121434Ch_1,h[hc1d0\o1000000L400000L4000000@<400000L40000000L40000040L00000000000008H0000008D400000\dgY2
20130811121434Ch_2,ddPU28ho100000L400000004L000004L00000004L000004L00000004L0000004L000004L00000040L0000044H0000040L000004L00000004L0000040L00000000000004L00000004L000004L00000004L0000008H0000040L00000000000000DPQNHPo18PQNHPo18PQNHPo18PQNHPo14`000000TZgd1
20130811121434Ch_3,Pg`[2<do100000L8L0000008H00000000000008LL0000080H0000040L0000044H000008LL0000040L000008H0000004L0000000000000040L0000044H0000040L000004L00000040L0000004L0000040L0000040L00000000000004L0000004L000000`V_^1
20130811121434Ch_4,`i`T3<do100000dN0`RN<\m1DdRN<\m1DdRN<\m1DdRN<\m1X1PRNXN`m1h1`RNXN`m1h1`RNXN`m1h1`RNXNXm1h2D00000L40000000\M\SNl1dl1TN\SNl1dl1TN\SNl1dl1TN\SNl1hl1hM`TNX1`k1hN`TNX1`k1hN`TNX1`k1hN`TNX1\m1H000000d0PO<00000dUWi0
20130811121434Ch_5,\lPW3d0\o100000L8L000000000000040L000008LL0000044H0000044H000000000000040L00000<HL000008LL000004L0000004L0000004L00000008H0000004L0000008H0000040L000004L0000004L000000dQoc0
20130811121434Ch_6,dTYk14lo10000004L00000L400000040L00000000000000000000004L000000000000040L00000000000004L0000000000000004L000004L000000000000000000000000000000000000000000000004L00000000000000000000004L000004L000000000000004L00000004L000004L00000004L000004L0000004L0000000000000040L00000Xj^l1
20130811121434Ch_7,TZYb2d0<HXn18hQNHXn18hQNHXn18hQNHlm1`1L00000@`0000000L0400000LhN\1000004\O`000000lfV\1
20130811121434Ch_8,hbi_14lo100000L8L000000000000004L0000004L00000000000000000000000000000000000000000000000000000000000000000000000000000L40000000L400000000000000000000000000000L40000004L0000000000000004L0000000000000L40000000000000000000000000000000000000000000000000000000000000000000000L400000000000000L04000000000000000000000L4000000000000004L000000000000000L400000000000000L400000L4000000H800000000000000000000000L400000L4000000H4400000L40000000L400000000000000000000000000000000000000L400000L0400000H8000000L4000000L4000000L40000000L400000L4000000L4000000H8000000L40000000L400000<D0000008H0000000L40000000000000L040000000000000L0400000L0400000L0400000L4000000L0400000L4000000H4400000H80000000L400000000000000L40000000000000000000000L400000L4000000L0400000H8000000H4400000H8000000LL800000L04000000L4000004L0000000L400000000000000L4000000L4000000L40000000000000L04000000L400000L0400000H4400000H4400000@8800000L0400000L04000000L4000000TOl0000000D<00000`cVc1
20130811121434Ch_9,X_aZ38ho100000L0400000H4400000L4000000H4400000L0400000HL<00000H0800000L0400000H0800000L0400000L0400000H08000000L4000000L400000Pcfa0
20130811121434Ch_10,\^im0<do100000D`2lM00000L8L0000040L00000h0XO000000XanP3
20130811121434Ch_11,XaQR1<do100000H8000000000000000000000000000000000000000L400000L400000000000000L0400000L400000000000000L0400000000000000L400000L40000000L400000000000000L4000000000000000000000L40000000L4000000L400000L0400000000000004L000000h_Vg2
20130825141154Bh_1,P]Pa1`0`o100000L40000000L40000000000000L0400000L4000000H8000000L40000000L400000000000000L4000000H800000hco[2
20130825141154Bh_2,\aXh2`0`o10000004L0000044H0000040L0000040L0000040L0000004TQN@Pn1`0PRN@Pn1`0PRN@Pn1`0PRN@Tn1\1H000008LL000008LL00000<HL00000`0HH0000040L000008H0000008@800000P\oS1
20130825141154Bh_3,hhXi0<do100000H`0H00000L4000000L040000000000000L400000008H0000040L00000h0\OL0000040L0000040L0000040L0000040L0000004L000004L0000000L4000004H400000XV_R3
20130825141154Bh_4,XWQk2<do100000L4000000L0400000D<000000\O`0400000L0400000H0800000\O`0400000LH<000000H8000000H800000LH<000000H8000000L400000Xk^Q1
20130825141154Bh_5,`\am28ho100000L4000000L4000000H8000000H4400000lNXOdRNP1`m1PO`RNP1`m1PO`RNP1`m1PO`RNP1ll1X1400000LL800000LH<00000L0400000HlNhRNH`m18`RNH`m18`RNH`m18`RNH\m18hRN@`m1`0`RN@`m1`0`RN@`m1`0`RN@\m1<hRN@`m1`0`RN@`m1`0`RN@`m1`0`RN@\m1`0T100000L04000000L400000L04000000L400000L40000000L400000000000000000000000000000000000004L00000004L0000040L0000004L0000040L0000000000000000000004H400000000000000000000004L0000004L0000004L00000L40000000H800000L04000000L4000000L400000Tgng0
20130825141154Bh_6,X_Yi04lo10000008H0000008H000000000000000000000000000000000000000000000L0400000@`0000000L0400000L4000000TO\OXRNd0lm1\OTRNd0lm1\OTRNd0lm1\OTRNd0dm1h0800000D8400000D8400000LL8000004\O`0000008TOd000000XcnQ3
20130825141154Bh_7,leQR1d0\o100000H<L0000000000000L4000000H8000000@`0000000L04000000H800000H4400000LL800000LH<000000L400000D4800000H0800000L0400000L4000000000000000L400000H8000000LL800000L0400000000000000L400000LL8000000L4000000L400000L4000000L0400000L0400000H8000000L0400000L04000000L400000000000000L4000000L4000000L400000L40000000L400000H4400000L0400000L4000000L0400000L0400000L04000000L4000000L4000000L4000000L4000004L0000004H400000P_Va2
20131027185354Bh_1,`a`Z28ho10000000000000000000000000000004L000000000000004L0000040L000000000000040L00000000000000000000040L0000004L0000040L00000000000004L00000004L00000000000000000000000000000H8000000L0400000<D00000040L00000000000000000000000000000L400000040L000004L0000000000000004L000004L000000000000004L0000000000000040L0000008H00000000000000L4000004L0000000L400000T]gZ1
20131027185354Bh_2,lc`g2d0\o1000000000000008H000004h0TO00000`0DL00000000000004H4000004H4000004L00000040L0000004L0000040L000004L0000000000000040L0000004L0000040L0000004L000004L0000004L00000004PQN@Xn1`0hQN@Xn1`0hQN@Xn1`0hQN@\n1T1L0000000000000000000004L0000000L40000040L0000040L000008LL000004L00000040L000004L0000004L0000004T1hN0000008H0000040L0000040L0000040L000008H0000004lNhQN8Xn1HhQN8Xn1HhQN8Xn1HhQN8ln140000000000000004L0000044H00000<LH000004L0000008H0000004L0000000000000004L0000008H0000040L000008LL000008H00000040L0000040L000004L0000004L00000040L000004L000000TU_i0
20131027185354Bh_3,ldXY3<do10000000000000L8L000000000000044H0000004L0000040L000004L00000004L0000008H000004L00000044H000008LL0000080H0000040L0000044H000008LL000008LL0000040L0000040L0000040L0000000000000000000000<D0000044H0000040L0000004L000008H0000004L0000004L000000000000008LL000008H00000040L000008LL00000\Wo=
20131027185354Bh_4,\eXe0`0`o100000L<H00000000000004L00000004L000000000000004PQN\O\n1d0dQN\O\n1d0dQN\O\n1d0dQN\OXn1T14000000@`0000000L4000000L400000000000000000000000000000000000000L4000000L4000000H800000hZWV3
20131027185354Bh_5,Tf`i0<do10000004L00000L8L000000d0\O00000L8L0000000000000L04000004H4000000L4000004L00000000000000L40000000D<00000L04000004L000000000000004L0000004L0000004L00000004L00000000000000L4000004L000000dYgP3
20131027185354Bh_6,ljPa3h1Xn100000TOT1H00000L40000000H8000004dM\SNP1hl1POXSNP1hl1POXSNP1hl1POXSNP1hRi=
20131027185354Bh_7,XQiV2<do10000004L00000XOLdQN4\n1LdQN4\n1LdQN4\n1LdQN4\n1L`QN4dn1L\QN4dn1L\QN4dn1L\QN4dn1d00000000L400000000000000L4000000L4000000L40000004L000008LL000004L0000004L000000000000000L400000L04000000000000000000000L40000000L400000Xonc1
20131027185354Bh_8,XUQP34`08`n1H`QN8`n1H`QN8`n1H`QN8Xn1P1L00000L0400000H0800000H0800000L\Oh000000hk^n0
20131027185354Bh_9,\YQ_18ho100000Ld0@00000L8L0000000000000LL8000000D<00000L4000000L0400000D84000000L400000L04000000H800000H0800000H4400000L4000000000000000H800000LL8000000L4000000L400000`hn[2
20131027185354Bh_10,Taag28ho100000H<L00000D`0L00000@d0L00000L<H00000L4000000XOd0400000L40000000L4000000L4000004H4000004L00000000000000000000000000000004L0000000000000L4000000L4000000H8000000LL800000XMXMTXNl2lg1TMTXNl2lg1TMTXNl2lg1TMTXNl2Xg1PN\VN\O`1d2Xh1PNXVN\O`1d2Xh1PNXVN\O`1d2Xh1PNXVN\O`1d2Ph1hNPWNX2Pi1hMPWNX2Pi1hMPWNX2Pi1hMPWNX2lh1`MhVNhN4h3Xi1`MdVNhN4h3Xi1`MdVNhN4h3Xi1`MdVNhN4h3Ti1lLhVN@8P4Ti1`LdVN@8P4Ti1`LdVN@8P4Ti1`LdVN@8P4lh1\LXXNh1TOXNlh10PXNh1TOXNlh10PXNh1TOXNlh10PXNh1TOXNhh10\XN`1TOXNdh18XXN`1TOXNdh18XXN`1TOXNdh18XXN`1TOXN\h18lXNT1lh1lNTWNT1lh1lNTWNT1lh1lNTWNT1Xh1\OlWN<\h1DdWN<\h1DdWN<\h1DdWN<Xh1DlWN4\h1LdWN4\h1LdWN4\h1LdWN4Th1LXXNDTh1<lWNDTh1<lWNDTh1<lWNDdg14TYNDTg1<lXNDTg1<lXNDTg1<lXNDTg10d400000`gno0
20131027185354Bh_11,dbQd1`0`o100000@h0H00000L4000000H8000000L\Oh000000LL800000LL800000H0800000L0400000L0400000@<400000LL8000000L4000004@<00000d_^X2
20131027223034Lh_1,ddXd04lo100000L40000000000000040L000004L00000044H000000000000004L0000040`PN0hn10XQN0hn10XQN0hn10XQN0ln1d0L000008H00000004L0000004L000000<D0000004L0000004L000000L4000000@`0000000L400000000000000L400000000000000L400000000000000L400000000000004H400000`ZoT3
20131027223034Lh_2,dd`i24lo1000000d0\O0000004L000000L4000000L4000004L00000040L0000004L000004L00000040L0000004L000000000000040L000000000000040L0000040L0000040L000000000000044hPN\Odn1d0\QN\Odn1d0\QN\Odn1d0\QN\Odn1X1H000004L00000000000000000000004L0000008H0000004L0000004L0000004L0000004H400000XYWo0
20131027223034Lh_3,XfXk08ho100000L4000000000000004LhPN0`n10`QN0`n10`QN0`n10`QN0dn1h0L00000L4000000000000000L400000L4000000L04000000H8000000H800000000000000L4000008H00000040L0000004L00000000000004L000000`Yoo2
20131027223034Lh_4,TQYY2<do100000XO0\QN8`n1H`QN8`n1H`QN8`n1H`QN8\n1h0000000000000000L4000004L0000008H0000004L0000004H40000000000000L40000000000000000000000000000000L4000000000000000000000000000000L4000004L000000Tofa1
20131027223034Lh_5,X\i]1h0Xo100000H8000000L0400000LL800000@<400000LL8000000L400000POh08000000L400000L0400000L\Oh000000D8400000H08000000@`000000L04000000L40000000000000L0400000L4000000L0400000H4400000D8400000L0400000H4400000LL800000L0400000L0400000L4000000L04000000H8000000H8000000H8000000H800000lhnY2
20131027223034Lh_6,Taih24lo100000L8L00000L8L00000H8000000D<000000XOl0L00000L4000000L0400000L4000000H800000004L00000000000004L0000000000000040L0000000000000L8L0000004L00000L4000000L0400000LL800000L0400000L0400000H0800000\NXMTUN8H`2Xk1XMPUN8H`2Xk1XMPUN8H`2Xk1XMPUN8H`2Xk1X18000000hNX1000004XOd0000000H8000008D4000004H4000000L4000000L4000000H8000000XOh000000Pc^n0
20131027223034Lh_7,`_Ql04lo100000L`0D000000d0\O00000000000008LL00000`0@0000004L000000000000004L000000000000004L000000`_VQ3
20131027223034Lh_8,dbae1<do100000Dd0H00000Hd0D00000H<L000000L400000L\Oh0000000@`000000LL8000000H800000`^VX2
20131110185354Bh_1,XbhS28ho100000L8L00000H8000000L40000000L400000L4000000L0400000L40000000L400000L04000000L400000L040000000000000L8L000000000000000000000L40000000L4000000L4000000L400000L400000000000000L040000000000000L04000000000000000000000L04000000L4000000000000000000000L8L0000004L00000L8L0000000000000000000000D<000000H80000000000000000000000L4000000000000040L0000000000000000000004L0000000000000040L0000000000000000000004L00000000000000\_W_1
20131110185354Bh_2,Pa`a2h0Xo10000040L0000004L0000040L000004L00000044H0000044H0000040L0000040L0000080H0000040L000008LL0000040L0000040L000004L0000000000000004L000000L400000H8000000<D0000004L00000040L000004L000000000000004L000000`\WX1
20131110185354Bh_3,Ti`V38ho100000L4000000000000000L400000H4400000\N0lRN<Tm1DlRN<Tm1DlRN<Tm1DlRN<Pm1\1000000000000000L400000LL800000H0800000XO`NhRN`1`m1`N`RN`1`m1`N`RN`1`m1`N`RN`1\m1<800000L0400000\OPNTSNT2ll1lMTSNT2ll1lMTSNT2ll1lMTSNT2dl1d0400000LL800000LL800000L0400000LH<00000H08000000L4000004H4000000D<000004D8000004XOd000000d[ob0
20131110185354Bh_4,PWie2<do10000000000000L4000000L0400000L4000000L04000000L400000L0400000L040000000000000L0400000000000000L400000L04000004H400000li^V1
20131110185354Bh_5,TcQV1`0`o100000L8L00000L4000000L8L000008H0000008H0000004L0000000000000000000000L400000000000000L4000000L0400000L4000000L0400000H4400000H08000000L400000L0400000H4400000\O<800000H4400000L0400000H0800000DHd000000L0400000H0800000@8800000LL800000L0400000\O`0400000\Od0000000hMTOPUNT1Tk1lNlTNT1Tk1lNlTNT1Tk1lNlTNT1lj1`1XUNPLhj1P4XUNPLhj1P4XUNPLhj1P4XUNPL\j1X1`UNT1\k1lNdTNT1\k1lNdTNT1\k1lNdTNT1Xk1dNXUN4lk1LTTN4lk1LTTN4lk1LTTN4`j1TOXUNP1d0\O\j1DPUNP1d0\O\j1DPUNP1d0\O\j1DPUNP1d0\OTj14lTN<`1XOdi1<lTN<`1XOdi1<lTN<`1XOdi1<lTN<`1XO\i1d1\WNPNhh1P2XWNPNhh1P2XWNPNhh1P2XWNPN`h1\1XUNPO`m1P1`RNPO`m1P1`RNPO`m1P1`RNPO\m1T1hRN`N`m1`1`RN`N`m1`1`RN`N`m1`1`RN`N`m14PSN8`m1H`RN8`m1H`RN8`m1H`RN8`m1D`1000000000000000000000L4000000L400000000000000L0400000LH<00000H4400000L04000000L400000L0400000L4000000L400000004L0000004L000004L0000004L00000040L0000000000000000000004L00000004L000000000000004L000000000000040L000004L000000lg^X2
20131110185354Bh_6,\Yic0`0`o10000004L0000040L000004L0000004L00000004L00000000000000000000000000000L40000000L400000L0400000H8000000D8400000@<400000H0800000LL800000LD`0000000@`000000Th^W3
20131110185354Bh_7,h[Qj04lo100000H8000000L40000000000000000000000L040000000000000L040000000000000L4000000L4000000H4400000LL8000000L4000000L400000000000000000000004L00000000000004L00000000000000000000004L000000L8L00000D<000000L0400000H0800000LL800000LD`000000\ffn2
20131110185354Bh_8,P_ak18ho10000004L00000L4000000000000000000000000000000L04000000000000000000000L040000000000000L040000000000000H8000000L0400000L0400000LL8000000L400000L40000000L400000L40000000L400000L0400000H80000000L400000L0400000L0400000L04000000L400000L40000000L400000L040000000000000L40000000L4000000000000000000000000000000L400000L400000000000000L040000000000000L0400000L0400000L040000000000000L0400000D<000000D84000004H4000000H8000004@<00000hdVg1
20131110185354Bh_9,Xaal28ho100000L8L00000LL800000L0400000L4000000L40000000000000000000000L040000000000000H4400000L4000000H4400000H4400000H8000000H4400000LL8000000H800000L0400000L0400000D84000000H800000L40000000L4000000L40000000000000L8L0000004L0000000000000000000000L4000000L4000000L400000L4000000L04000000L4000000L4000000L4000000L40000000000000L400000004L0000000000000L0400000000000000L4000000000000008H0000004L000004L000000000000000000000000000000000000000000000000000000000000004L000000000000004L000000000000008D400000000000004L000000da^c0
20131217192134Ch_1,haPm04lo100000L8L00000L8L0000000000000L40000000L40000000000000L0400000000000000L40000000000000000000004L0000000000000040L000000000000004L000004L0000000L400000\^Wn2
20131217192134Ch_2,Tbhd28ho10000004L00000L8L000000000000000000000L40000000L4000004L00000004L000000000000000000000000000004L00000004L00000000000004L000000000000000000000004L000000000000040L0000004L00000000000000000000040L0000000000000L40000000000000004L000000000000008H0000040L0000040L000004L0000004H4000004L00000004L000000000000004L0000008H0000040L0000040L0000040L000008LL000008H0000008D4000004D800000h[_o0
20131217192134Ch_3,dbP^18ho100000L8L0000004L0000000000000000000000000000004L000004L0000000000000004L00000L8L000004L00000000000000000000004L0000004L0000000000000040L000000000000040L0000004L0000008H0000040L0000008H0000044H0000040L00000000000004L0000004H4000000H8000000L400000000000000L4000008D400000P\_Y2
20131217192134Ch_4,dd`f1<do1000000`0@0000004L0000004L00000<D0000008H00000040L0000004L0000040L0000004L000004L0000004L000000000000000000000040L0000004L0000040L0000040L0000040L000004L00000004L000004L00000040L000000000000040L0000040L000004L0000004L0000004L00000000000000hXoQ2
20131217192134Ch_5,XeXa2<do10000004L00000L4000000000000000L4000000000000000000000000000004L00000004L00000000000004L000000000000004L000000`ZW[1
20131217192134Ch_6,di`T2`0`o100000L8L00000@d0L0000048D00000d0DH000008LL000008LL000008H000000d0\O000000lTWi1
20131217192134Ch_7,`ih_2h0Xo100000L<H00000H`0H00000LhN\RNd0\m1\OdRNd0\m1\OdRNd0\m1\OdRNd0\m1\OlRNd0ll1\OTSNd0ll1\OTSNd0ll1\OTSNd0Pm1TO\SNl0\l1TOdSNl0\l1TOdSNl0\l1TOdSNl0Pn10H000008H00000040L0000088@0000044H0000080H0000080H000008LL00000<D00000040L0000040L000004L0000004L0000000000000044H000004L00000040L00000000000004L00000004L000004L000000XR_Y1
20131217192134Ch_8,TkhS24\2`0`j1@`UN`0`j1@`UN`0`j1@`UN`0Xj14XTNT1dk1lN\TNT1dk1lN\TNT1dk1lN\TNT1dk1d10000000H8000004D8000000H800000`0`NP100000<XO<00000TTWj1
20131217192134Ch_9,PnPg28ho10000000000000L400000004L00000L4000000L4000000H4400000L04000000L400000TO\O\RN`0hm1@XRN`0hm1@XRN`0hm1@XRN`0hm1HlQN8Xn1HhQN8Xn1HhQN8Xn1HhQN8Tn1h04000000\OdQN\Odn1d0\QN\Odn1d0\QN\Odn1d0\QN\Odn1d0<000004H400000dSWU1
20131217192134Ch_10,hQik18ho100000L4000000L4000000L400000000000000L0400000H8000000000000000L4000004H4000000H800000ln^Q2
20131217192134Ch_11,P^aR3<do100000L4000000L4000000H8000000H0800000H0800000PN@XTNh0hk1XOXTNh0hk1XOXTNh0hk1XOXTNh0lj1d2000000L0400000HL<00000D4800000DTNTUNXOPk1h0PUNXOPk1h0PUNXOPk1h0PUNXOlj18\VNPOhi1P1XVNPOhi1P1XVNPOhi1P1XVNPOdi1l0l200000LL800000LD`000000L0400000L04000000L400000L0400000L0400000L04000000L4000004D800000Ph^g0
20131230192154Bh_1,T\`l1d0\o100000L8L0000000000000L40000000L400000L04000000L4000000000000000000000000000004L00000040L000004L00000040L000004L00000004L0000040L000000000000040L00000000000000H800000L4000000000000004L000000\c_m1
20131230192154Bh_2,P]PS24lo100000@d0L000000L400000L40000004H400000000000000L4000000000000000000000000000000000000000000000000000000000000004L00000000000004H400000\cgh1
20131230192154Bh_3,Xf`^24lo100000L8L0000004L000000000000040L000000000000000000000000000004L0000000000000004L000000000000040L00000000000004L0000004L000000XY_]1
20131230192154Bh_4,TkXQ18ho100000L8L00000L400000000000000L0400000L04000000L400000L0400000000000000000000000000000000000004L0000000000000040L000000000000040L000000000000004L0000004L0000040L0000040L0000000000000d0DH0000044H0000048D0000040L0000040L0000040L0000040L0000044H0000044H0000040L000004`0\O0000044H000000<D000000dN\RNh0Xm1XOhRNh0Xm1XOhRNh0Xm1XOhRNh0\n14H000004L00000008H00000d0\O000000<HL000004H400000`Poc2
20131230192154Bh_5,XRaU1d0\o100000L4000000H8000000H4400000L0400000LH<00000LL800000000000000L400000L04000000L40000000000000L40000000000000000000000000000000L40000000000000L040000000000000L0400000000000000L40000000000000Xo^d2
20131230192154Bh_6,\Vif1<do100000L4000000L40000000L4000000000000000000000000000000000000000000000L4000000000000000L400000L04000000000000000000000L04000000000000000000000L40000000L400000L40000000L400000L040000000000000L04000000L400000L04000000L40000000000000000000000L400000lj^Q2
20131230192154Bh_7,dXam2<do100000H8000000H<L00000H4400000D4800000H0800000L0400000H8000000LL8000000H800000L04000000L400000L0400000LL8000000H8000008D400000\i^n0
20131230192154Bh_8,X[if0d0\o100000\OX1\O00000HP1XO0000004L000004\MPSNT2ll1lMTSNT2ll1lMTSNT2ll1lMTSNT2Tm1dMdSNh1Xl1XNhSNh1Xl1XNhSNh1Xl1XNhSNh1Pn1@H0000080H0000040L0000040L0000040L0000004L0000004L0000004L0000004L0000004dSNTO\i1l0dVNTO\i1l0dVNTO\i1l0dVNTO`i10PUN@P1T1hi1\OXUN@P1T1hi1\OXUN@P1T1hi1\OXUN@P1T1li1\OTUN@l0X1li1XOXUN@l0X1li1XOXUN@l0X1li1XOXUN@l0X1Tj1TOPUNHh0P1Xj1XOPUNHh0P1Xj1XOPUNHh0P1Xj1XOPUNHh0P1`j1lNlTN`08d0lj1lNlTN`08d0lj1lNlTN`08d0lj1lNlTN`08d0hk1LlSN4Tl1LlSN4Tl1LlSN4Tl1LlSN4Pl1T2L000000L4000000L4000000PMTTNh1Pl1XNPTNh1Pl1XNPTNh1Pl1XNPTNh1`m1\O8000008\O<000004TOh000000`_VR3
20131230192154Bh_9,T`Yf1`0`o10000000000000L4000000L0400000L0400000L0400000L4000000H0800000@<400000H44000000L400000L0400000LH<00000LL800000L40000000L400000L04000000L400000H4400000L0400000H4400000H4400000H4400000L04000000D<000000L4000000L400000\cnR2
20140118180214Mh_1,Xa`m28ho100000L400000000000000L400000000000000000000000000000004L0000000000000000000004L000000000000000000000000000000000000004L0000004L000000d^Wn0
20140118180214Mh_2,le`a2`0d0Llm14TRNLlm14TRNLlm14TRNLhm1\1`RN\N\l1d1dSN\N\l1d1dSN\N\l1d1dSN\N`l1d2L00000`0DL000008POXRN\Odm1d0\RN\Odm1d0\RN\Odm1d0\RN\Olm1\O\SN<dl1D\SN<dl1D\SN<dl1D\SN<Xn10L000004L0000004L000000XWW\1
20140118180214Mh_3,dSan2`0`o100000H8000000POP1000000@<400000XO`0800000LD`0000000D<000000H8000008hNPRNHXn18hQNHXn18hQNHXn18hQNHPmXo0
20140118180214Mh_4,PVQ=X1hn100000hN\1L00000H4400000L\Oh0000000XNh100000dkfa3
20140118180214Mh_5,`XY_1<do100000D<000000L400000000000000000000004H400000L400000000000000L0400000@`0000000L04000000L4000008D4000004L0000000000000000000000000000000L4000000L400000\hn[2
20140118180214Mh_6,hWYi08ho1000000X1hN000000<D000008<\O00000<D000000d0\O000000<@400000`0\O400000TffT3
20140118180214Mh_7,`\aS34lo100000L4000000L04000000000000000000000L0400000L0400000H8000000L0400000H8000000D8400000LL8000000L400000L0400000L040000000000000L4000000L0400000D<000000H4400000D8400000L0400000LH<00000LH<000000H800000LH<00000LH<00000Xgfe0
20140118180214Mh_8,P]QY1h0Xo100000L<H0000008H0000040L0000040L00000h0XO0000004H400000PbVe2
20140118180214Mh_9,l_QS3<do10000000000000L400000000000000L400000000000000H8000000L0400000H8000000L0400000000000000L4000004L0000000L400000L0400000L04000000L4000004L0000000000000000000000L0400000H8000000H8000000L40000004L0000004H4000004H400000L4000000000000000L400000000000000L4000000H800000dafd0
20140309170314Mh_1,Xo`W38ho100000L8L000000000000000000000L40000000L400000L40000000000000040L0000004L0000040L0000040L00000000000004L00000000000000000000000000000000000000000000004L0000000000000004L00000L4000000L400000000000000L4000000000000000000000000000000000000000L400000000000000L400000000000000L4000004L000000hP_?
20140309170314Mh_2,`QY`18ho100000L8L000000L400000000000000000000004L000000L40000000000000L400000000000000L40000004L00000000000000000000004L00000004L000000000000004L00000000000000L400000000000000000000000000000000000000000000000000000dnVY2
20140309170314Mh_3,dRYh0`0`o100000TOP1L00000H<L00000L8`RNTN\44Pc1h1dXNTN\44Pc1h1dXNTN\44Pc1h1dXNTN\44Pc18`XNd1P4XN`c14`XNd1P4XN`c14`XNd1P4XN`c14`XNd1P4XNdc1HXYNh1d2dNTd1DXYNh1d2dNTd1DXYNh1d2dNTd1DXYNh1d2dNhe1`1PYN\NhM8Xi1\1PYN\NhM8Xi1\1PYN\NhM8Xi1\1PYN\NhM8\i1h1TXNXOPh1h0PXNXOPh1h0PXNXOPh1h0PXNXOdh1`0`VN0`i10`VN0`i10`VN0`i10`VN0Tj1LXUN0Pk10PUN0Pk10PUN0Pk10PUN0Xk1\1l000000<@4000004H4000004D800000l0dN`000000hinS3
20140309170314Mh_4,`RiW24lo10000004`PN4dn1L\QN4dn1L\QN4dn1L\QN4dn1L\QN<\n1DdQN<\n1DdQN<\n1DdQN<`n1DXQNh0`n1XO`QNh0`n1XO`QNh0`n1XO`QNh0dn1<L00000<HL000008H0000008LL0000040L0000040L0000040L0000044H0000040L0000040L0000044\TNXO`g1h0`XNXO`g1h0`XNXO`g1h0`XNXOhg1d0PXN\OTh1d0lWN\OTh1d0lWN\OTh1d0lWN\O\h1`0XWNDlh1<TWNDlh1<TWNDlh1<TWNDTi1<`VNH`i18`VNH`i18`VNH`i18`VNHdi1<PVNDTj1<lUNDTj1<lUNDTj1<lUNDXj1<`UNH`j18`UNH`j18`UNH`j18`UNHdj18TUNLlj14TUNLlj14TUNLlj14TUNLTk10`TN4dk1L\TN4dk1L\TN4dk1L\TN4hk1LPTN4Tl1LlSN4Tl1LlSN4Tl1LlSN4\l1LPSN<Tm1DlRN<Tm1DlRN<Tm1DlRN<Tm1T14000004H4000004H4000004D8000008@8000008XO`000000lhf`1
20140309170314Mh_5,T[Yi18ho100000L8L00000L8L000000L400000000000000L400000L0400000000000000000000040L0000004L0000004L0000000000000000000000L400000000000000000000000000000L40000000000000000000000L400000000000000000000004L0000004L00000000000000000000000L400000L400000000000000000000000L40000000000000L40000000L40000000000000L040000000000000L400000000000000000000004H400000`enk1
20140309170314Mh_6,\]QR34lo100000L8L00000H8000000L4000000000000000000000000000000L400000000000000L4000000L400000000000000L4000000L40000000L400000L0400000H8000000LL800000L\OdQNH`n18`QNH`n18`QNH`n18`QNH`n10hQNL\n14dQNL\n14dQNL\n14dQNL\o1H400000\cfh0
20140309170314Mh_7,\]Ya14lo100000H800000000000000L40000000000000000000000L4000000L0400000L4000000L0400000L04000000L400000H8000000L040000000000000L400000000000000000000000L400000000000004H4000000L4000000H800000PdnX2
20140322200714Mh_1,hch_28ho100000lN0TRN8hm1HXRN8hm1HXRN8hm1HXRN8hm1LPRN<lm1DTRN<lm1DTRN<lm1DTRN<lm1h04000004L000000000000000000000004L000000POlQN4Tn1LlQN4Tn1LlQN4Tn1LlQN4Xn1@TRN<lm1DTRN<lm1DTRN<lm1DTRN<ln1L000000T\_]1
20140322200714Mh_2,XfXV34lo10000004L0000004L000000000000004L000004L00000004L0000040L000004L00000004L0000040L0000040L000000000000040L0000040L0000040L0000040L0000040L000008LL00000XXod0
20140322200714Mh_3,ljhU18ho100000Ld0@0000008H00000L4000000000000000H8000004D8000004D800000TUWh2
20140322200714Mh_4,hQiU1d0\o100000`MHPUN`0Pk1@PUN`0Pk1@PUN`0Pk1@PUN`0Pk1LdTN4\k1LdTN4\k1LdTN4\k1LdTN4\k14hSN8`l1H`SN8`l1H`SN8`l1H`SN8`l1\18000008@8000008D400000<XO<000008H0000008D400000\ofg2
20140322200714Mh_5,dPiV24lo100000H8000000H8000000L040000000000000L8L0000004L00000000000000L4000000L4000000L40000004L00000000000000L400000000000000L400000L4000000L040000000000000L04000000L400000000000000L40000000000000L400000000000000L0400000000000000L4000000L400000000000000L400000hPWa1
20140322200714Mh_6,`Ran18ho100000L4000000L40000000L400000L40000000L4000000000000000lVNH`b18`]NH`b18`]NH`b18`]NH`b1<T]N0hb10X]N0hb10X]N0hb10X]N0lb10l\N0Xc10h\N0Xc10h\N0Xc10h\N0Xc14\\N4dc1L\\N4dc1L\\N4dc1L\\N4hc1Ll[N8Xd1Hh[N8Xd1Hh[N8Xd1Hh[N8\d1H\[N<dd1D\[N<dd1D\[N<dd1D\[N<hd1@T[N`0Pe1@P[N`0Pe1@P[N`0Pe1@P[N`0Pe1DhZN8`e1H`ZN8`e1H`ZN8`e1H`ZN8de1HXZN0Pf10PZN0Pf10PZN0Pf10PZN0Tf1LXYNh0hf1XOXYNh0hf1XOXYNh0hf1XOXYNh0hf1\OPXNd1Th1\NlWNd1Th1\NlWNd1Th1\NlWNd1Th1`N`WNd1dh1\N\WNd1dh1\N\WNd1dh1\N\WNd1hh1\NhVNh1`i1XN`VNh1`i1XN`VNh1`i1XN`VNh1`i1XNTVNP2Pj1PNPVNP2Pj1PNPVNP2Pj1PNPVNP2Tj1PN`UNP1@dN`k1<PUNP1@dN`k1<PUNP1@dN`k1<PUNP1@dN`k1<hTNP1Xl1POhSNP1Xl1POhSNP1Xl1POhSNP1\l1P18000000@`0000004@<000004D800000`lfj1
20140322200714Mh_7,\XiP38ho10000004L0000000000000L4000000000000000000000000000000L400000000000000H8000000L40000000L4000004L0000004L0000000000000000000000L40000000L400000L4000000L4000000L04000000L400000L0400000H4400000L0400000L0400000L0400000H4400000L4000000L0400000L0400000LL800000L0400000L0400000L0400000000000000L400000000000004L0000000000000000000000000000000L400000000000000L400000L40000000000000000000000000000000L400000000000000000000000000000000000000000000000000000000000000000000000000000000000000L400000L40000000L400000`j^?
20140322200714Mh_8,TZae2<do10000004L00000000000000000000004L0000000000000000000000000000000000000L400000000000000L40000004L00000004L000000000000000000000L0400000H8000000L0400000L4000000L0400000L@d0000000L400000lffT1
20140322200714Mh_9,hZQo18ho1000000000000004L000000000000004L0000000000000000000000000000000000000000000000000000004L0000040L000000000000004L000004L00000040L0000040L00000<D000000\dVl1
20140322200714Mh_10,\]Q]1<do100000L4000000@`00000004L000000000000004L00000000000000000000004L000000000000000000000000000000000000000000000004L00000L8L00000000000000L400000000000000L4000004L0000000L4000004D800000hbV]2
20140403081714Th_1,XaPe28ho100000L<H0000004L0000004L00000<LH0000040L0000044H0000040L000008LL0000040L0000040L0000044H0000088@0000048D0000080H00000<HL00000<HL000008LL0000040L0000040L000004L00000040L0000040L0000040L0000040L000000000000040L0000040L0000040L0000044H0000044H0000044H000008LL0000044H000008H000000d0\O000000PYoQ1
20140403081714Th_2,haPe18ho100000000000000000000004L000004L00000004L0000040L0000004L000004L00000004L00000000000004L00000004L00000000000004L0000000000000004L000004L00000004L0000000000000000000000000000040L000000000000040L000004L0000000L400000L4000000000000000000000004L000004L00000004L0000040L0000040L000004L0000004H400000d\gQ2
20140403081714Th_3,Xdhm18ho10000004L0000008H0000004L000000000000040L000004L000000000000000000000040L00000000000004L0000004L0000000L400000L400000000000000L40000000L400000L4000000L0400000L04000004H400000d[gl1
20140403081714Th_4,Xd`R34lo10000008H0000040L0000008H0000004L0000040L0000044H0000048D0000008H000004L0000004L00000004L000004L00000040L0000044H0000044H000004`0\O0000008H000008X1`N00000<D0000008D400000d0XO4000008`NX100000dXgg0
20140403081714Th_5,PnXV18ho100000L8L000000<D0000044H0000004L00000<LH0000080H000008LL00000<HL00000hP_g2
20140403081714Th_6,TPQT38ho100000L8L0000004L00000L4000000L4000000H8000000H4400000L04000004\O`0000000D<00000hP_i0
20140403081714Th_7,PRaZ2<d0<dm1D\RN<dm1D\RN<dm1D\RN<Pm1`0dRNHXm18hRNHXm18hRNHXm18hRNHll1l10000000hNTSNTOTm1l0lRNTOTm1l0lRNTOTm1l0lRNTOTm10l1000000D<00000Ponc1
20140403081714Th_8,hXiW2d0\o100000L4000000L4000000D8400000H4400000L04000000L400000TOXO\RNh0hm1XOXRNh0hm1XOXRNh0hm1XOXRNh0`m1l040000000000000L0400000LL800000LH<000000L4000004hNT100000di^d1
20140403081714Th_9,P[iS38ho100000L400000000000000L400000000000000L40000000L400000L4000000000000000L400000000000004L000000L400000000000000L4000000L4000000L4000000H8000000L40000000L400000L4000000H4400000H4400000D8400000L0400000H4400000L0400000H0800000D8400000H4400000L0400000LL800000L04000000\OXRNlNlm1T1TRNlNlm1T1TRNlNlm1T1TRNlNlm1h0l0000004H4000000H8000004D800000hhfb0
20140403081714Th_10,P_ad2d0\o1000000000000000000000000000000L400000L400000004L00000L4000000@`0000000L040000000000000000000000L4000004L00000000000000L040000000000000D8400000L4000000L0400000L4000000H4400000H4400000L0400000POl0400000LL800000\O`0400000L0400000\OXMlSNh2Xl1XMhSNh2Xl1XMhSNh2Xl1XMhSNh2Tl1`0400000HTN\TNDlk1<TTNDlk1<TTNDlk1<TTNDhk18dTN\Odk1d0\TN\Odk1d0\TN\Odk1d0\TN\O`k1<PUN\OTk1d0lTN\OTk1d0lTN\OTk1d0lTN\OPk1<`200000L0400000LL800000LL8000000L400000L0400000L04000000L4000000L4000004H400000PgfP1
20140403081714Th_11,`]Yh08ho10000000000000L400000004L0000000000000L4000000000000004L00000040L000000000000000000000L4000000L4000000L04000000L400000L40000000L400000L0400000L4000000L040000000000000L4000000L0400000L04000000L4000000L400000L40000000L400000L400000000000000L0400000000000000000000004L0000000000000000000000000000004L000004L0000004H4000000000000000000000L4000000000000000L40000000000000L040000000000000L40000000L400000L4000000L0400000L0400000000000000L400000000000004L00000000000000L400000000000000L040000000000000L04000000L400000L40000000L4000000L400000Penf2
20140410195814Mh_1,`kPT24lo100000L8L0000004L0000004L00000XOP1H00000L`0D00000H<L00000LTOhRNPO`m1P1`RNPO`m1P1`RNPO`m1P1`RNPO\m1P1l000000HDd000000LL800000H4400000H4400000LH<00000LL8000000L400000LL8000000H8000000H800000XWWg1
20140410195814Mh_2,TVYg08ho100000L4000000L4000000L4000000L0400000@`0000000\O`0400000\O`0400000dN\1000000D8400000H\Ol000000LD`0000000XNTSN8Pm1HPSN8Pm1HPSN8Pm1HPSN8Pm1XOlSNLdl14\SNLdl14\SNLdl14\SNLljXU3
20140410195814Mh_3,PRQd1d0\o10000008H0000040L00000`0LD0000080H0000080H0000044H0000080H0000080H0000040L000008LL0000080H0000040L0000040L0000040L00000d0\O000000djnW2
20140410195814Mh_4,XZQh04lo100000L40000000000000000000000L40000000000000000000000L400000000000000L4000000XNLdSN4\l1LdSN4\l1LdSN4\l1LdSN4dk1l0`SNdNHh0ll1d0\SNdNHh0ll1d0\SNdNHh0ll1d0\SNdNHh0hl1X20000000L40000000000000LdMTTNh0Pl1XOPTNh0Pl1XOPTNh0Pl1XOPTNh0lk1TO`TN<lk1DTTN<lk1DTTN<lk1DTTN<lk1DX2000000L4000000000000000000000000000000000000000000000L40000000L4000004H400000TiVQ3
20140410195814Mh_5,\Xad14lo100000L8L0000004L0000004L000004L0000000000000040L0000000000000000000000L40000000000000L400000000000000000000000000000000000000000000000L400000L4000000000000000L40000000000000000000000L40000000000000hgVU2
20140410195814Mh_6,lcYP1h0Xo10000004L00000L04000000L400000L4000000L400000000000000L400000004L00000L40000004L0000000L4000000L400000L040000000000000H8000000H4400000H8000000L04000000L400000L\Oh000000D48000000\Od000000T^ni2
20140420195854Bh_1,XbPT34lo10000008H0000044H0000040L0000040L0000040L0000040L0000040L0000044H0000040L0000040L0000044H0000048D000004<hUNlNdd1T1\[NlNdd1T1\[NlNdd1T1\[NlNld1X1dZNlN\e1T1dZNlN\e1T1dZNlN\e1T1dZNlN`e1X1PZNPOPf1P1PZNPOPf1P1PZNPOPf1P1PZNPOXf1P1lXNHPg18PYNHPg18PYNHPg18PYNHPg1h0dWNXN`NX1Pj1`0`WNXN`NX1Pj1`0`WNXN`NX1Pj1`0`WNXN`NX1Pj1P1lVN@Xi1`0hVN@Xi1`0hVN@Xi1`0hVN@Xi1XN\VN`100Pj1`NPVN`100Pj1`NPVN`100Pj1`NPVN`100Tk1l1`000000h0PO8000008lNl000000<\O800000<@400000hXge0
20140420195854Bh_2,XcXd28ho10000004L0000004L0000008H0000040L0000044H0000044H00000<HL000008LL0000040L0000040L0000040L0000040L00000X[_X1
20140420195854Bh_3,leXW1<do10000004L0000004L000004L00000040L000004L00000004L00000000000004L0000000000000004L000004L00000004L000004L00000004L000000000000040L000004L00000004L000004L0000004L0000004L000000hXWc2
20140420195854Bh_4,\j`f08ho10000004L00000\OL\QN`0Xn1@hQN`0Xn1@hQN`0Xn1@hQN`0Xn1H`QN`0Xn1@hQN`0Xn1@hQN`0Xn1@hQN`0Tn1h0000000L4000000L4000000@<400000LL800000H08000000H800000`0PO`000000PW_V3
20140420195854Bh_5,TkPV34lo100000H`0H0000004L0000004L0000004L0000004L0000040L000000h0XO00000L\N\RNX1`m1hN`RNX1`m1hN`RNX1`m1hN`RNX1\m1lNlRNP1Pm1POPSNP1Pm1POPSNP1Pm1POPSNP1Pm1PO`SN`0`l1@`SN`0`l1@`SN`0`l1@`SN`0`l1\OlSN<Tl1DlSN<Tl1DlSN<Tl1DlSN<Pn10L000004L0000004H400000TSWf0
20140420195854Bh_6,ToPf1d0\o100000H8000000L0400000L0400000L04000000H800000H4400000L0400000L04000000L400000L40000000L400000L0400000H4400000000000000L400000000000000L400000L4000000000000000L40000000000000000000004L00000000000000000000000L400000`RWS2
20140420195854Bh_7,hTaT1`0`o100000XN<PSNHPm18PSNHPm18PSNHPm18PSNHhl1P2L00000H8000000HlM`SN8`m1H`RN8`m1H`RN8`m1H`RN8`m1D`1000000L4000000L4000000L400000hmVi2
20140420195854Bh_8,dUaR28ho10000004L0000004L0000000000000L40000000L40000000000000L4000000L040000000000000L0400000L0400000L0400000H4400000L0400000H4400000L0400000D84000004@<000000L400000Tl^h1
20140420195854Bh_9,`UQg1P1Po100000H80000000H800000LH<00000LL8000000L4000000L400000L4000000L040000000000000L4000000L04000000L4000000L400000L04000000L4000000L400000dkfT2
20140420195854Bh_10,`WYn18ho100000L4000000L4000000L400000000000000L0400000L0400000L0400000L0400000L04000000L400000LL800000D0<00000H8000000000000000D<00000Xjfm1
20140420195854Bh_11,T_Yi0<do100000H<L00000H8000000H0800000hN\OPSN`0Xm1@hRN`0Xm1@hRN`0Xm1@hRN`0`l1d0PSNXOXm1h0hRNXOXm1h0hRNXOXm1h0hRNXOTm1`1<000000L400000L4000000L\N`SNLdl14\SNLdl14\SNLdl14\SNL`l18`SN@hl1`0XSN@hl1`0XSN@hl1`0XSN@dl1d0\100000L4000000POl04000000L4000004D8000004H4000000L400000LL8000000L400000L0400000L0400000H4400000L0400000L4000000L0400000L0400000LL800000LL800000L0400000H4400000XOd0400000L0400000LL800000H0800000LH<00000L0400000H<L00000L@d000000LL800000LL8000000H800000L0400000D8400000L04000000H8000004H400000`inj2
20140420195854Bh_12,PYY]24lo100000L8L0000000000000000000000000000000000000L40000000000000000000000L0400000000000000L4000004L000000L400000004L0000000000000000000004L0000000000000000000000000000000000000000000000L4000000000000004L00000000000000Xgn[1
20140420195854Bh_13,\_ak28ho100000L40000000000000000000000L0400000L4000000D`0L00000H8000000L0400000H8000000@8800000L@d000000LXOdQN0`n10`QN0`n10`QN0`n10`QN0Xn1<d000000H<L00000L40000000L400000L0400000@8800000L04000000L400000TMPOdVNT1\i1lNdVNT1\i1lNdVNT1\i1lNdVNT1lh1`0lUNHPj18PVNHPj18PVNHPj18PVNHPj1d0\UNDdj1<\UNDdj1<\UNDdj1<\UNDdj1l2000000\1\N800000<D000000<D0000008hNdRNXO`m1h0`RNXO`m1h0`RNXO`m1h0`RNXOhm1`0XRN@hm1`0XRN@hm1`0XRN@hm1`0XRN@lm18XRNDlm1<TRNDlm1<TRNDlm1<TRNDlm14`RNDdm1<\RNDdm1<\RNDdm1<\RND\m1`0T1000000L4000008D400000hdfk0
20140420195854Bh_14,TZYW2<do10000044H000000<D0000040L0000040L0000040L000004\OlPN8Po1HPQN8Po1HPQN8Po1HPQN8Po1DXQN8hn1HXQN8hn1HXQN8hn1HXQN8hn1H\QN8`n1H`QN8`n1H`QN8`n1H`QN8To1000000040L00000`dne1
20140420195854Bh_15,lZQV38ho100000L4000000000000000000000004L000000000000004L00000L40000000L400000LL800000L0400000L40000000000000004L000004L0000000L4000000L400000defe0
20140514195854Bh_1,Pbhb28ho10000004L0000004L0000004L0000040L0000000000000000000000000000040L000000000000044H0000040L0000040L0000040L0000004L0000040L000000L4000004L00000004L000004L0000004L0000004H400000d\gW1
20140514195854Bh_2,XbXR2`0`o10000004L0000044H0000044H0000044H0000040L0000040L0000080H0000080H0000048D000004`0\O0000080H00000<0D0000080H00000<L`SNhNhi1X1XVNhNhi1X1XVNhNhi1X1XVNhNli1h2\TN\Mdk1d2\TN\Mdk1d2\TN\Mdk1d2\TN\Mdk1\34000000H800000`0lNXSNlMll1T2TSNlMll1T2TSNlMll1T2TSNlMPm1l1d0000004PNhRNh0`m1XO`RNh0`m1XO`RNh0`m1XO`RNh0hWah1
20140514195854Bh_3,lb`e0<do100000L4000000L040000000000000L040000000000000000000000000000004L0000040L0000004L000004<@000000`1`N000004L0000004H4000004H400000h0TO400000T\WV3
20140514195854Bh_4,Phhh08ho100000L400000004L0000004L0000040L000000000000044H0000040L000004<@000008@800000\WgT3
20140514195854Bh_5,lihS38ho100000L`0D000000h0XO0000004L00000<@4000004D8000000L400000000000000L400000@DXQN`0hn1@XQN`0hn1@XQN`0hn1@XQN`0dn188000004H4000004L000000TVoh0
20140514195854Bh_6,\TaU2<do100000L8L00000L40000000L400000L04000000L400000H8000000L0400000L0400000L0400000H0800000D8400000LL800000L\OTQN8Po1HPQN8Po1HPQN8Po1HPQN8Po1DXQN4ln1LTQN4ln1LTQN4ln1LTQN4\lhf1
20140514195854Bh_7,XVQW1<do100000lNX1L00000D<000000H8000000DHd000000@XOXSNTOll1l0TSNTOll1l0TSNTOll1l0TSNTOXm14`100000PlVg2
20140514195854Bh_8,`ViW3`0`o100000L4000000L4000000L4000000L40000000000000000000000L400000004L00000L400000000000000L4000000H8000000L0400000L4000000@8800000H4400000H0800000H@h0000004D8000004POl000000lknb0
20140514195854Bh_9,h\aU18ho10000000000000L4000000L8L00000`LHTWN<lh1DTWN<lh1DTWN<lh1DTWN<lh1H\TNLh1`0Pj1DXTNLh1`0Pj1DXTNLh1`0Pj1DXTNLh1`0`j1LXUN4lj1LTUN4lj1LTUN4lj1LTUN4Pk1HlTN4\k1LdTN4\k1LdTN4\k1LdTN4dk1LPTN4Tl1LlSN4Tl1LlSN4Tl1LlSN4\l10PSN4Tm1LlRN4Tm1LlRN4Tm1LlRN4\m1P14000004H4000008@800000XeVg2
20140514195854Bh_10,\]iT34lo100000lN<hQNLTn14lQNLTn14lQNLTn14lQNLPn1X1L0000004L0000004L000004L0000004L0000000L4000000L4000000L4000000L400000LL8000000L4000000L4000008@800000`c^g0
20140514195854Bh_11,\_YV28ho100000H<L00000lNLXRN8hm1HXRN8hm1HXRN8hm1HXRN8dm1P1400000LL800000LL800000LH<000000D<000000L4000000L400000000000000L4000000000000000000000000000004H400000\bfe1
20140516234034Lh_1,P`hm2`0`o100000L<H0000008H0000080H0000044H0000080H000008LL0000040L00000`0DL000004L0000008D400000X^_o0
20140516234034Lh_2,PcX]18ho100000L8L0000004L000000000000040L0000040L0000040L0000044H0000040L0000040L0000040L000000`0@0000040L000004L0000004L000000000000004H400000000000000000000040L0000008H00000000000004L000000000000004L000000000000000L400000L40000000L4000000H800000`[W[2
20140516234034Lh_3,ddhW2`0`o10000008H0000040L0000040L000008LL0000040L0000040L0000044H0000040L0000048D0000040L000008LL000004L0000008D400000`Ygd1
20140516234034Lh_4,hhhm28ho100000L`0D00000L`0D00000Dd0H00000POdNTSNl1dl1TN\SNl1dl1TN\SNl1dl1TN\SNl1hl1l0H00000d0h0dN00000l1TN0000004L0000008H0000008LL000004L0000008<\O000008H000000l0TO000000`0DL00000dSWn0
20140516234034Lh_5,\RaR28ho100000L8`SNHPi18PWNHPi18PWNHPi18PWNHPi18\VNHdM8Pl10\VNHdM8Pl10\VNHdM8Pl10\VNHdM8lk18PVN<Tj1DlUN<Tj1DlUN<Tj1DlUN<Tj1D`UN<lj1DTUN<lj1DTUN<lj1DTUN<lj1DdSN@l0P1dk1@`SN@l0P1dk1@`SN@l0P1dk1@`SN@l0P1hk1POdSNT2dl1lM\SNT2dl1lM\SNT2dl1lM\SNT2\m1D8000008@8000008lNl000000`lnj1
20140516234034Lh_6,PTim2d0\o100000L`0PQNH`m18`RNH`m18`RNH`m18`RNHdm1\1L00000<XNTRN4\n1LdQN4\n1LdQN4\n1LdQN4\n1HlQNL\n14dQNL\n14dQNL\n14dQNL\n14h000000L4000000L8L0000000000000L0400000L040000000000000L0400000L4000000L4000000@<4000000H8000000L4000000H8000000L4000000H800000Pmnl0
20140516234034Lh_7,\XYk24lo100000H8000000L4000000L040000000000000L040000000000000L0400000L40000000L400000XOh0000000H0800000L0400000h0TO400000lhVQ1
20140516234034Lh_8,hZai08ho100000L4000000L4000000L0400000L4000000H8000000L4000000H8000000HL<00000lNP1400000LL800000LL8000000L4000000H8000000POdQN0hn10XQN0hn10XQN0hn10XQN0hfhR3
20140516234034Lh_9,T]al18ho100000H<L00000H8000000L0400000L0400000L0400000L0400000L0400000L0400000L0400000L0400000L0400000L0400000lMD\SN00d0hl1\OXSN00d0hl1\OXSN00d0hl1\OXSN00d0dl1d18000000H8000004H4000008TN\RN`0Pn1@PRN`0Pn1@PRN`0Pn1@PRN`0`dPo1
20140516234034Lh_10,T^Yj2<do100000L4000000L4000000L4000000L0400000H4400000L4000000L0400000L04000000D<000000L4000004H400000lbfR1
20140516234034Lh_11,\aaS1h0Xo100000L`0D00000L0400000LL800000L0400000L0400000HH`0000000L400000L04000000L400000L0400000L40000000L400000L0400000L0400000L0400000L0400000L0400000L0400000L0400000L040000000000000L04000000L400000Pa^f2
20140519195834Ch_1,PePe2<do100000L8L000004L00000004L0000040L0000040L0000040L0000040L0000040L0000044H000008H0000008LL00000hYoW1
20140519195834Ch_2,PPY?8ho10000008H0000004L0000044H0000040L00000<HL0000040L0000008H0000040L0000080H000008LL000008LL0000040L000004L000000TnV]3
20140519195834Ch_3,\RaR38ho100000L8L000000000000000000000L0400000000000000L400000L400000004L0000040PTN@Xh1`0hWN@Xh1`0hWN@Xh1`0hWN@Xh1P1PWNH`h18`WNH`h18`WNH`h18`WNHdh1`0lVN`0Xh1@hWN`0Xh1@hWN`0Xh1@hWN`0\h1DlVNl0Ti1TOlVNl0Ti1TOlVNl0Ti1TOlVNl0\i1d24000004D8000008@8000008@8000008\O<00000`0TO<00000P1PNP100000Pk^h0
20140519195834Ch_4,hTQP28ho100000L0400000L4000000L4000000000000000L400000L40000000000000000000000L40000000L400000L040000000000000L0400000L40000000L400000LL8000000L400000\l^k1
20140519195834Ch_5,`ZYe18ho10000004L000000L400000L400000000000000L400000000000000L40000000000000000000000000000000000000000000000L4000000L0400000H4400000LL800000PO\O\RNh0hm1XOXRNh0hm1XOXRNh0hm1XOXRNh0`m1l0400000LL8000004H400000<@4000004L00000008H0000000000000LL800000H4400000H8000000@<400000L0400000LL8000000H800000L\Oh000000LH<00000H4400000L0400000D8400000LD`0000000L400000hinP2
20140519195834Ch_6,dXak24lo100000L8L00000H8000000L4000000LL800000L0400000H8000000L0400000L04000000L400000L04000004L0000000L400000000000000L400000dhfP1
20140519195834Ch_7,`YQi08ho100000L4000000L040000000000000000000000000000040L0000004L0000008H000004L000000000000000L40000000000000L4000000000000000L400000L400000000000000L4000000H8000000H4400000LL8000000H8000000H800000`gnP3
20140519195834Ch_8,T[if0l04P1Pm1POPSNP1Pm1POPSNP1Pm1POPSNP1`l1d1L00000@<4000000L400000`0hLXTNHXm18hRNHXm18hRNHXm18hRNHdbPX3
20140519195834Ch_9,T^i`24lo100000H<L00000D<000000H8000000L400000000000000000000000000000000000000L4000000H800000000000000L40000000000000000000000000000000L400000000000000L4000000L400000L400000000000000L8L00000L4000000H8000000L0400000L0400000L4000000L0400000L40000000L400000<D000000000000000L400000000000000000000004L000004L0000004L000000000000004L0000004H4000004L0000000000000000000000000000000L400000L4000000L0400000L0400000L4000000L4000000L4000000L0400000L0400000H0800000H4400000D8400000LL8000000D<000000D<00000deno0
20140519195834Ch_10,T_iS2<do100000L400000000000000L4000000000000000L400000L040000000000000L4000000L40000000L4000000L4000000L400000000000000L4000000L400000`aVh1
20140519195834Ch_11,\`Qn1<do100000000000000000000004L00000L40000004L000000L400000000000000L4000000000000000000000000000000D<000000L40000000L400000L@d00000000000000000000000000000000000000000000004D800000\`^l1
20140520200054Bh_1,X``V3d0\o100000L400000004L000000L400000L40000004L0000004L00000040L000004L0000000000000040L000004L000000X__f0
20140520200054Bh_2,PdPm28ho10000004L0000004L0000040L000000000000004L0000048D0000004L0000004L0000004L00000000000004L000000000000000000000040L0000004L000004`0\O0000040L000004<@0000008H0000044H0000040L000000XNPSN`0Pm1@PSN`0Pm1@PSN`0Pm1@PSN`0Tm1XO`SN8`l1H`SN8`l1H`SN8`l1H`SN8hl1\OP200000`Zgl0
20140520200054Bh_3,\ohQ2<do100000H<L00000XOh0000000L4000000L`0D000008hN`RNHXm18hRNHXm18hRNHXm18hRNHhn18H0000084D000004L00000040L00000<D000000<D000000lnVk1
20140520200054Bh_4,lnPe08ho100000L<H0000008H0000008H000004L00000040L00000<D0000008LL000008H0000004L00000000000000PPWX3
20140520200054Bh_5,dTi]2`0`o10000000000000L400000000000000L40000000L400000L0400000L040000000000000L4000000L0400000L0400000L40000000L400000LL800000L0400000L040000000000000L04000000L4000000H8000000L400000llf\1
20140520200054Bh_6,dZQS2<do100000L4000000L04000000000000000000000L040000000000000L40000000L400000L4000000L0400000H4400000L0400000lNP14000000H800000`0XO800000Tgnh1
20140520200054Bh_7,l\Yn0440h0<\m1DlQN0h0<\m1DlQN0h0<\m1DlQN0h0<hl1P1`RNTOdm1l0\RNTOdm1l0\RNTOdm1l0\RNTOll1X2400000\O<800000@8800000LlNX100000H0800000LTOP1000000@`000000LH<000000L400000L0400000000000000L400000L40000000L400000L0400000000000000000000000000000000000000000000000000000000000000000000040L00000000000004L00000004L00000000000004L000000000000000000000000000000L4000000L40000000L400000H4400000L04000000L4000000L400000lf^g2
20140520200054Bh_8,d]iP3<do100000H8000000L40000004L00000040L000004L00000004L00000000000000000000000000000L8L00000L4000000L4000000L0400000L4000000L040000000000000L0400000L4000000D8400000L0400000L0400000L0400000H44000000L400000L0400000L0400000L04000000H8000000L4000004H400000dd^g0
20140520200054Bh_9,``iW28ho1000000000000000000000L40000000000000000000000L40000000000000000000000L4000000000000000L400000L4000000L0400000L4000000L40000000L400000000000000L4000000000000000000000L4000000000000000L400000L40000000L400000L0400000L4000000L04000000000000000000000000000000L40000000000000000000000L400000PaV_1
20140526195834Ch_1,PfPV1<do100000H<L00000L4000000L8L0000000000000LD`0000000H800000000000000L40000000000000L4000000L040000000000000000000004L00000000000000000000000000000004L0000000000000000000004H400000dZ_d2
20140526195834Ch_2,`g`m24lo10000008H0000004L0000040L0000008H0000040L0000040L0000040L0000044H000004L00000040L0000040L0000040L000008LL0000040L0000040L000000000000040L000004L0000004L0000004L0000004L000000XVol0
20140526195834Ch_3,li`S34lo10000008H0000004L000000000000000000000000000000000000000000000L40000000000000000000000L040000000000000L04000000L4000000L400000`V_h0
20140526195834Ch_4,hn`V18ho10000004L00000L400000040L00000000000004L00000004L000000000000040L0000000000000L400000000000000000000000L40000004L000004L000000000000000000000040L000000000000004L00000000000004L0000000000000004L000000000000000000000000000000L4000004H400000dPoa2
20140526195834Ch_5,XTQo1`0`o100000H<L00000H4400000HL<00000LL8000000L400000L04000000H800000L0400000000000000L40000004L000004L00000004L000004L00000004L0000044H0000008H0000044H0000040L0000080H0000048lQNPO`l1P1`SNPO`l1P1`SNPO`l1P1`SNPOhl1P20000004L0000008LL00000d0\O000000h0XO000000liVj1
20140526195834Ch_6,hVYk14lo100000H800000000000000L0400000TOLlQN4Tn1LlQN4Tn1LlQN4Tn1LlQN4Tn10dQN0`n10`QN0`n10`QN0`n10`QN0`n1d0400000000000004H4000000L4000004H4000004H400000TjfQ2
20140526195834Ch_7,PXQZ1<do100000H8000000L40000000L400000L04000000L400000L04000000000000000000000L40000000L400000L40000000L4000000L400000L400000000000000000000004L0000000000000040L000004L000000dhf`2
20140526195834Ch_8,TZiR34lo10000004L00000L8L0000000000000000000000000000000000000L40000000000000000000000000000000L40000000000000000000000000000040L000000000000040L0000000000000000000000H800000LL800000Pffg0
20140526195834Ch_9,XaYY2<do100000L0400000L4000000L0400000L4000000H8000000L0400000H4400000L0400000LL800000D8400000H44000000L400000LL800000L0400000\O<800000000000000L4000000L4000000H800000H4400000L0400000L0400000L40000000L400000L40000000L40000000000000L04000000L400000000000004H400000000000004L00000000000000L40000000L400000L4000000L0400000H8000000L0400000L0400000L0400000L04000000L400000L0400000L0400000L0400000L0400000L0400000L40000000H800000L4000000L0400000L04000000L400000L04000000L400000L04000000L400000L0400000H8000000LL800000L0400000000000004H400000000000000000000000000000L400000000000000L400000000000000L0400000L04000000L4000000L40000000000000heVS1
20140629195814Mh_1,\n`c2<do100000L8L0000000000000000000000L400000L4000000H4400000L0400000H44000000L4000000L400000`RgY1
20140629195814Mh_2,hQa[1`0`o100000L4000000H08000000L400000L0400000L4000000L0400000H4400000L0400000L0400000LL800000L0400000H4400000LL8000000L400000L0400000L0400000H4400000L0400000L04000000L400000lPW_2
20140629195814Mh_3,P[aT28ho100000L4000000lL4lUN8XN4Xj1D`WN8XN4Xj1D`WN8XN4Xj1D`WN8XN4Tj10hVN\OdNX2dj1\NhVN\OdNX2dj1\NhVN\OdNX2dj1\NhVN\OdNX2dj1`N\VNP2hi1PNXVNP2hi1PNXVNP2hi1PNXVNP2hi1TNPVNl1Tj1TNlUNl1Tj1TNlUNl1Tj1TNlUNl1Xj1`1<000000XNTUNPNXk1P2hTNPNXk1P2hTNPNXk1P2hTNPNTk1d1dUNlMdj1T2\UNlMdj1T2\UNlMdj1T2\UNlM`j1h0XTN0hm10XRN0hm10XRN0hm10XRN0dm1LlRND\m1<dRND\m1<dRND\m1<dRNDXm1<X100000LL800000L40000000L400000L0400000H4400000L0400000L0400000LL800000L0400000L0400000LL800000L4000000PO\O\RNh0hm1XOXRNh0hm1XOXRNh0hm1XOXRNh0dm1@PRNd0Tn1\OlQNd0Tn1\OlQNd0Tn1\OlQNd0Xn188000004H4000000H8000000L400000\LL\WN0hh10XWN0hh10XWN0hh10XWN0dh14\WNLdh14\WNLdh14\WNLdh14\WNL`h18\WNHhh18XWNHhh18XWNHhh18XWNHhh18XWNHhh18XWNHhh18XWNHhh18XWNHlh18PWNHPi18PWNHPi18PWNHPi18PWNHPi1<hVND\i1<dVND\i1<dVND\i1<dVND`i18`VNH`i18`VNH`i18`VNH`i18`VNH`i1<XVNHhi18XVNHhi18XVNHhi18XVNHli18PVNDTj1<lUNDTj1<lUNDTj1<lUNDXj1`0`UN@`j1`0`UN@`j1`0`UN@`j1`0`UN@dj1T1`TNPO`k1P1`TNPO`k1P1`TNPO`k1P1`TNPOdk1P1TTNPOPl1P1PTNPOPl1P1PTNPOPl1P1PTNPOTl1\20000008D4000008D4000004PN`RNT1dm1lN\RNT1dm1lN\RNT1dm1lN\RNT1`n1@8000004D800000`l^_1
20140629195814Mh_4,`\Qc08ho100000L8L00000lKL\XN<\g1DdXN<\g1DdXN<\g1DdXN<Tg18`XNH`g18`XNH`g18`XNH`g18`XNH\g1h0XXNTOlg1l0TXNTOlg1l0TXNTOlg1l0TXNTOPh1d1PWN`NPi1`1PWN`NPi1`1PWN`NPi1`1PWN`Nhi1P2hTNTN\k1l1dTNTN\k1l1dTNTN\k1l1dTNTNdk1l24000004D8000000XM`SNl1dl1TN\SNl1dl1TN\SNl1dl1TN\SNl1dl1PNhSNd1\l1\NdSNd1\l1\NdSNd1\l1\NdSNd1`n1\N`000000hdnY3
20140707023654Uh_1,ThhZ18ho100000L400000004L00000000000000000000000000000L8L00000@`0000000L4000000L8\RNdN\l1\1dSNdN\l1\1dSNdN\l1\1dSNdN\l1d2L000000hMXSN048`l1H\SN048`l1H\SN048`l1H\SN048dl1@dTN`0Xk1@hTN`0Xk1@hTN`0Xk1@hTN`0`m1D800000`Vga2
20140707023654Uh_2,\lXg2<do100000H8000000L8L0000000000000L4000000L0400000LL800000L0400000H4400000hNT1400000TMPN`WNT2dh1lM\WNT2dh1lM\WNT2dh1lM\WNT2`h1XNPWNl1Ti1TNlVNl1Ti1TNlVNl1Ti1TNlVNl1Ti1XNdVNd1di1\N\VNd1di1\N\VNd1di1\N\VNd1di1`NPVN\1\j1dNdUN\1\j1dNdUN\1\j1dNdUN\1`j1hNPUN`0Pl1@PTN`0Pl1@PTN`0Pl1@PTN`0Tl1\18000008D4000008D4000008D400000P1PO0000004H400000lV_S1
20140707023654Uh_3,`h`]24lo100000H<L00000L4000000L40000000L400000000000000L40000000000000L400000000000000L40000000L400000L0400000000000000000000040L0000004L0000040L000008LL000004D800000hW_]1
20140707023654Uh_4,dhhm24lo100000L8L00000L400000004L000000`0@0000044H0000040L000004L00000040L000008LL000004<@0000084D0000044H000008LL00000`00@00000dU_n0
20140707023654Uh_5,`j`_2`0`o1000000<D0000040L0000040L000008LL0000040L0000044H0000040L000008H00000040L0000040L000004L00000008H0000040L000000H800000000000000000000000000000000000000000000000000000000000000L400000L40000000000000004L000004L0000008LL000008LL00000\SWY1
20140707023654Uh_6,\Pil28ho100000L0400000L4000000H8000000L4000000L0400000L0400000H08000000L400000L0400000L04000000L400000L04000000L40000000000000TQ_o0
20140707023654Uh_7,dPa[18ho100000L`0D0000008\QN@Xm1`0hRN@Xm1`0hRN@Xm1`0hRN@Xm1d1000000L40000004lMhRNT1\m1lNdRNT1\m1lNdRNT1\m1lNdRNT1Xn1TOh000000dnfb2
20140707023654Uh_8,hPQ`08ho100000L`0D0000044H0000044H000000<D0000040L0000004L0000040L00000<D0000004L0000004L00000000000000000000000000000004L00000L400000000000000L8L0000004L0000008H000004L0000000L4000008D40000000000000000000004H400000L4000000000000000L4000000H800000LL8000004D800000TnnW3
20140707023654Uh_9,hRQ^1d0\o100000D<000000L4000000D8400000HL<00000LH<00000LH<000000L4000000H800000dnf_2
20140707023654Uh_10,TTY_1d0\o100000H8000000D8400000H4400000LL800000LL800000L@d000000Tmn^2
20140707023654Uh_11,XXiV3`0`o100000L`0D0000000000000L8L00000D<000000D<000000H8000000@<400000HXOXSNdNll1\1TSNdNll1\1TSNdNll1\1TSNdNhl1X1dSNdN\l1\1dSNdN\l1\1dSNdN\l1\1dSNdNPl1X1d100000D0<000000H8000000\Od000000djfe0
20140707023654Uh_12,hYYS18ho100000L8L0000044H0000040L000000000000040L0000040L000000000000004`QN\O\m1d0dRN\O\m1d0dRN\O\m1d0dRN\O`m1d0TRNHhm18XRNHhm18XRNHhm18XRNHhm1<lQN0Pn10PRN0Pn10PRN0Pn10PRN0Tn1h04000004D8000004D8000004H4000008@800000Pefh2
20140707023654Uh_13,T^ao1l04D\n1<dQND\n1<dQND\n1<dQNDTn1X1000000H4400000LL800000LTOP100000L0400000L0400000LL8000000L400000L04000000L400000L4000000L0400000L4000000L0400000L0400000LL8000000L4000000H800000lcfk1
20140707023654Uh_14,l^Y`18ho100000L8L00000L40000000L400000L40000000L400000L400000000000000L040000000000000L040000000000000H4400000L0400000H4400000H0800000L0400000LL800000LL800000D8400000L4000000L0400000hcVZ2
20140707023654Uh_15,l]ia2d0\o100000H8000000H8000000D8400000H4400000HL<00000LH<000004@<000000H800000`cn[1
20140707023654Uh_16,\]ao24lo100000L<H00000L8L0000004L00000L8L0000000000000L400000004L000004H4000000L4000000L400000H4400000L@d0000000L400000\cnl0
20140707023654Uh_17,dcYk18ho100000L4000000L400000000000000000000000L4000000000000000000000L0400000L4000000L4000000L400000000000000L04000000L400000L0400000L0400000L4000000L0400000L40000000L400000L0400000dNHlRN<Tm1DlRN<Tm1DlRN<Tm1DlRN<Tm1DhRN<\m1DdRN<\m1DdRN<\m1DdRN<\m1T10000004@<000008D4000000L4000004\O`000000l^^m1
20140710020754Uh_1,l]`W1X1hn1000000<D0000080H0000080H000004L000000h0\OL000004L0000004L0000008@800000X`Wf2
20140710020754Uh_2,de`j1d0\o100000dN@`RN8Dd0hm1TOdRN8Dd0hm1TOdRN8Dd0hm1TOdRN8Dd0Xm1d1000000L8L00000P1TOL000004POXRN0Xm10hRN0Xm10hRN0Xm10hRN0hn14H0000040L00000d0XO400000PYWS2
20140710020754Uh_3,Xg`[3`0`o1000000000000000000000000000000000000004L0000004L00000H8000000L0400000H80000000L400000L04000004D8000004D8000004H400000TYg`0
20140710020754Uh_4,`iX`28ho100000L8L00000H8000000H4400000H4400000L0400000L04000000L400000L0400000L040000000000000H8000000000000004L0000004L0000004L00000008H0000040L0000004L0000040L0000044H0000008H00000L4000000L8L000000L40000000000000L40000004H4000000L4000000L4000004H4000000H8000004D80000000000000\WWW1
20140710020754Uh_5,d]an0<do100000H8000000XOh0000000L4000000L0400000@0`000000LH<000000L4000000L4000000L400000L04000000D<00000L4000000L4000000L0400000H8000000@DhQNL\n14dQNL\n14dQNL\n14dQNL\m1H`RNP1Xn1POhQNP1Xn1POhQNP1Xn1POhQNP1Pn1d0000000L0400000L0400000D\OP100000D0<00000XO`0800000H4400000L04000000H800000H0800000LXOl0000000D<00000Xini2
20140710020754Uh_6,PYYU2<do10000008H0000040L0000044H000004L00000040L0000040L0000040L0000040L0000040L000004L00000004L000004LdQNLll14TSNLll14TSNLll14TSNLll18dRN4\m1LdRN4\m1LdRN4\m1LdRN4\m1X10000004H4000004D8000008@800000XeVf1
20140710020754Uh_7,P^aj18ho100000Dd0H00000D`0L00000L8L00000L\OPRN\OTn1d0lQN\OTn1d0lQN\OTn1d0lQN\Ohm1d0P100000LL8000000L400000L04000000L400000L0400000H4400000LL800000LL8000000000000000000000L040000000000000L40000000L400000H8000000L04000000L400000L4000000H4400000L0400000H4400000LL8000000L4000000D<00000henm1
20140710020754Uh_8,l[Qk2`0`o100000H<L00000H<L000000L4000000L4000000L400000L0400000000000000L400000<D0000004H400000XdVR1
20140710020754Uh_9,P_Qa28ho100000L4000000L40000000000000000000000L40000000000000000000000L040000000000000L040000000000000L0400000H8000000L0400000L4000000H4400000L4000000H4400000H4400000L400000000000000L040000000000000L4000000L040000000000000LL800000L0400000000000000XOhQND\n1<dQND\n1<dQND\n1<dQND\n14l000000LL8000004D800000lc^V1
20140710020754Uh_10,h`iU1d0\o100000L4000000L0400000L40000000L400000LL800000L4000000L0400000L0400000L0400000L04000000L40000000000000000000004L0000000000000004L000004L000000000000004H400000P`Ve2
20140710020754Uh_11,Tcag24lo10000004L000004L000000L8L0000004L0000004L00000L400000000000000L0400000L4000000L40000000L400000L04000000L400000L0400000L40000000L400000L4000000L4000000L0400000L0400000L04000000L400000L0400000L0400000L0400000L0400000L04000000L400000HL<00000X_nP1
20140828080414Th_1,d_Pc28ho100000L8L00000L8L00000H8000000L8L0000000000000d0DH0000048D0000044H0000044H0000040TSNPO`j1P1`UNPO`j1P1`UNPO`j1P1`UNPOhj1\1`TNhN`k1X1`TNhN`k1X1`TNhN`k1X1`TNhNdk1\1PTNlNlk1T1TTNlNlk1T1TTNlNlk1T1TTNlNPl1`20000004H4000004L0000008H0000008dMhRN`1Xm1`NhRN`1Xm1`NhRN`1Xm1`NhRN`1Tn1H00000000000000<\O800000\]gW1
20140828080414Th_2,X`Pc18ho100000H<L00000L4000000L4000000L40000000000000004L0000004L0000000hWNXOXa1h0h^NXOXa1h0h^NXOXa1h0h^NXOXa1h0\XNH0D\44Tc1`0`XNH0D\44Tc1`0`XNH0D\44Tc1`0`XNH0D\44Tc1h2\\N\Mdc1d2\\N\Mdc1d2\\N\Mdc1d2\\N\Mhc1l2`[N`M`d1`2`[N`M`d1`2`[N`M`d1`2`[N`Mdd1d2\ZNTNde1l1\ZNTNde1l1\ZNTNde1l1\ZNTNle1d2lXNdMTg1\2lXNdMTg1\2lXNdMTg1\2lXNdMXg1\OTXNT4lg1lKTXNT4lg1lKTXNT4lg1lKTXNT4lg1PKXYNl4df1TK\YNl4df1TK\YNl4df1TK\YNl4hf1lJTZNh3TNPLdg18XZNh3TNPLdg18XZNh3TNPLdg18XZNh3TNPLXk1LhTNh20`MD4lj1D`UNh20`MD4lj1D`UNh20`MD4lj1D`UNh20`MD4hk1P2lTNdNlj1\1TUNdNlj1\1TUNdNlj1\1TUNdNTk1\OXTNT1P1XOdj1D\TNT1P1XOdj1D\TNT1P1XOdj1D\TNT1P1XO`k18PUNDlj1<TUNDlj1<TUNDlj1<TUNDPk1DhUN<Tj1DlUN<Tj1DlUN<Tj1DlUN<Tm1LL0000004L0000040L0000040L0000080H000004L0000004H400000TVgU2
20140828080414Th_3,TbPa0P1Po100000L<H000004`0\O000004<@000004d0dRN`Mhk1`2XTN`Mhk1`2XTN`Mhk1`2XTN`MPl1X3L0000044H0000044H0000048D0000040L000000<D0000040L000000hLTUNlN4l1`j1XO\UNlN4l1`j1XO\UNlN4l1`j1XO\UNlN4l1dj1PO`VNl0\i1TOdVNl0\i1TOdVNl0\i1TOdVNl0\i1TOlVNh0Pi1XOPWNh0Pi1XOPWNh0Pi1XOPWNh0Ti1POTWNl0lh1TOTWNl0lh1TOTWNl0lh1TOTWNl0Ti1lNlVN\1lh1dNTWN\1lh1dNTWN\1lh1dNTWN\1lh1`NXWNd1dh1\N\WNd1dh1\N\WNd1dh1\N\WNd1hh1XNXWNP2`h1PN`WNP2`h1PN`WNP2`h1PN`WNP2Xk1h0XO000000dMlSNT1lk1lNTTNT1lk1lNTTNT1lk1lNTTNT1lk1hN`TNT1\k1lNdTNT1\k1lNdTNT1\k1lNdTNT1\k1hNlTNT1Tk1lNlTNT1Tk1lNlTNT1Tk1lNlTNT1Xk1hNlTNX1Pk1hNPUNX1Pk1hNPUNX1Pk1hNPUNX1Pm1L00000040L000004L00000000000000000000000L40000040L0000000000000L8L0000004L000000POhQN<Tn1DlQN<Tn1DlQN<Tn1DlQN<Xn1XOTRNh0hm1XOXRNh0hm1XOXRNh0hm1XOXRNh0dn1L00000040L0000040L000000000000040L0000040L0000008H0000044H0000044H000008LL0000048D00000<D0000008LlPN\Odn1d0\QN\Odn1d0\QN\Odn1d0\QN\Oln1P1H0000044H0000040L0000040L000008LL00000<HL0000040L000000000000004L00000L04000000H8000004D8000000L400000lR_o2
20140828080414Th_4,PhPZ3`0`o100000XOl0L0000004L00000L<H00000XOl0L0000004L0000004L0000004L000000dN`SNXO`l1h0`SNXO`l1h0`SNXO`l1h0`SNXO`l1d0PTNTOlk1l0TTNTOlk1l0TTNTOlk1l0TTNTOlk10dSN@P18\k18dSN@P18\k18dSN@P18\k18dSN@P18`k14XUNHhj18XUNHhj18XUNHhj18XUNHhj1<\2000000000000004L000000000000004L00000000000000000000000000000000000000000000040L000000000000040L000004L0000008LL000008H000000dXo>
20140828080414Th_5,hmho14lo100000L8L00000L040000000000000L400000000000000L04000000000000000000000L40000004L000000000000000000000000000000H8000000H80000000L400000LL8000000L4000000L400000L40000000L400000000000000000000000000000L4000000000000000L4000004L0000000000000040L0000004L0000040L0000040L000000000000040L000004L00000004L000004L000000000000004L00000004L0000004L00000L<H00000L40000000@TQN0hn10XQN0hn10XQN0hn10XQN0hn1HdQN4\n1LdQN4\n1LdQN4\n1LdQN4\o1LL00000lQWd1
20140828080414Th_6,loPR1P1Po10000004L00000L40000004L000000000000000L40000000000000L0400000XO\OlQNh0Xn1XOhQNh0Xn1XOhQNh0Xn1XOhQNh0Tn1`04000000L4000000L4000004H400000<D000000dP_j2
20140828080414Th_7,\UQm08ho100000L4000000L400000000000000000000000000000000000000000000004L00000004L00000000000000000000000000000000000000000000040L000000000000004L00000000000004H400000000000000000000004L00000000000000000000040L000000000000000000000000000000000000004L00000000000004L0000000000000000000000000000000L40000000000000L0400000L0400000L0400000L4000000L04000000L400000L40000000L400000Pk^g2
20140828080414Th_8,d]Ya2`0`o100000L8L000000000000000000000000000000000000000000000L4000000L4000000L4000000L0400000L40000000L400000H4400000H4400000000000000L400000L4000000L040000000000000000000004L000000L400000000000000L0400000H4400000L0400000L4000000L0400000L0400000hNhNdSNT1dl1lN\SNT1dl1lN\SNT1dl1lN\SNT1`l1TOTSNl0Tm1TOlRNl0Tm1TOlRNl0Tm1TOlRNl0Tm1l04000004H4000004H4000000L4000000@`000000D8400000LL800000H4400000H4400000LL800000LL800000L0400000LH<00000LL800000D8400000\O<800000H4400000H0800000H0800000LD`000000LH<000004D800000\iVQ1
20140828080414Th_9,\]ab14lo10000004L00000L4PQN8hm1HXRN8hm1HXRN8hm1HXRN8hm1LPRN8Pn1HPRN8Pn1HPRN8Pn1HPRN8Pn1l00000004H4000004D8000004@<00000\b^[2
20140828080414Th_10,l_QZ2d0\o100000H8000000L0400000L0400000L0400000L40000000L400000D<000000L400000000000000L40000000000000000000000000000004L000000d0XO4000000D<00000h`fa1
20140828080414Th_11,dcYV2h0Xo100000L8L0000004L0000004L00000000000004H40000000000000000000004H4000004L0000004L000000000000004L000000l[^f1
20140907195814Mh_1,lhXX38ho100000H4400000H8000000L0400000TL@TXNd0lg1\OTXNd0lg1\OTXNd0lg1\OTXNd0hg1HhWN`0Xh1@hWN`0Xh1@hWN`0Xh1@hWN`0Xh1@dVNHhNl0dj1\OdVNHhNl0dj1\OdVNHhNl0dj1\OdVNHhNl0hj1XO\VNX1Xj1hNhUNX1Xj1hNhUNX1Xj1hNhUNX1Xj1lN\UNX1hj1hNXUNX1hj1hNXUNX1hj1hNXUNX1hj1hNdTNh1`k1XN`TNh1`k1XN`TNh1`k1XN`TNh1`k1\NTTNd1Tl1\NlSNd1Tl1\NlSNd1Tl1\NlSNd1Xl1h08000000H8000004POl000000<\O8000008TOd000000hZgc0
20140907195814Mh_2,\RQV3<do100000L400000004L000000000000044H0000040L000008LL0000000PVNHXd18h[NHXd18h[NHXd18h[NHXd1<`[N0Xd10h[N0Xd10h[N0Xd10h[N0\d14T[N8hd1HX[N8hd1HX[N8hd1HX[N8ld1LdZN8`e1H`ZN8`e1H`ZN8`e1H`ZN8he1DlYNd0Tf1\OlYNd0Tf1\OlYNd0Tf1\OlYNd0Xf1XOPYNT1\g1lNdXNT1\g1lNdXNT1\g1lNdXNT1`g1lNdWN\1lh1dNTWN\1lh1dNTWN\1lh1dNTWN\1Pi1dN\UND`0d1\j1hNTUND`0d1\j1hNTUND`0d1\j1hNTUND`0d1\j1LPUN8Xk1HhTN8Xk1HhTN8Xk1HhTN8\k1l18000004D8000004\O`000000T1XNd000000`0lNd000000\jfd0
20140907195814Mh_3,XVad0d0\o100000L`0D00000H<L00000H<L000000POdRN\O\m1d0dRN\O\m1d0dRN\O\m1d0dRN\O\m1`0T1000004H4000008D400000Pj^Y3
20140907195814Mh_4,`Ya^2l0To100000L`0D00000H<L00000H@TRN\Olm1d0TRN\Olm1d0TRN\Olm1d0TRN\O`m1d0PSNXOPm1h0PSNXOPm1h0PSNXOPm1h0PSNXOll1d0\SNXOhl1h0XSNXOhl1h0XSNXOhl1h0XSNXOdl1d0`100000LL800000H0800000L0400000L04000000L400000L0400000D8400000H44000000H8000000H800000LL8000000H800000L4000000L0400000L0400000din[1
20140907195814Mh_5,`_Yn28ho100000L8L00000L8L00000L4000000L0400000L0400000L0400000L04000000L400000L04000000L400000L400000000000000000000000L400000L400000000000000XO\OPRNh0Pn1XOPRNh0Pn1XOPRNh0Pn1XOPRNh0hm1@TRN`0Pn1@PRN`0Pn1@PRN`0Pn1@PRN`0lm1@PRNd0Tn1\OlQNd0Tn1\OlQNd0Tn1\OlQNd0Pn1`0800000L04000000L4000000L4000000H800000L400000000000000L4000000L4000000L0400000L@d000000POl0400000H4400000H4400000D<000000LL800000LTNPSNLTn14lQNLTn14lQNLTn14lQNLPn18l000000L04000004H400000Pffg0
20140907195814Mh_6,`]ak0<do100000lNHPRNT1dm1lN\RNT1dm1lN\RNT1dm1lN\RNT1\m1T1H00000L8L00000L<H00000LdNTTNhNPl1X1PTNhNPl1X1PTNhNPl1X1PTNhNPl1l0h1000004\O`000000Td^R3
20140907195814Mh_7,d\QW1d0\o100000Hh0@0000044H00000<HL0000080H0000040L000008LL0000040L0000040L00000<HL000008LL000004L0000008LL000004L00000040L000004L000000l`nd2
20140907195814Mh_8,Pba`24lo10000004L00000L8L000000000000000000000L4000000L4000000000000000L400000L400000000000000L4000000L0400000000000000L40000000000000L0400000L40000000L400000L4000000000000000L40000000000000L04000000000000000000000000000004@<0000000dPN0hn10XQN0hn10XQN0hn10XQN0hn14PQN0Po10PQN0Po10PQN0Po10PQN0Po1<400000000000000000000000000000L04000000000000000000000000000000L400000L4000000L4000000DXO\QNh0hn1XOXQNh0hn1XOXQNh0hn1XOXQNh0`n1`0000000L0400000000000000L4000008lNl000000P`fS1
20140907195814Mh_9,dcY]28ho100000lN4PRN4lm1LTRN4lm1LTRN4lm1LTRN4hm14PRNLTn14lQNLTn14lQNLTn14lQNLTn10lQN0Xn10hQN0Xn10hQN0Xn10hQN0Tn14hQNH`n18`QNH`n18`QNH`n18`QNH`n1h0400000L0400000L4000000L04000000L400000000000000L400000T^f_1
20140925195834Ch_1,diXR1<do1000000`0@00000000000000L4000000L4000000L4000000000000000000000000000000000000040L000000000000004L000004L00000004L0000040L000000000000008H0000044H00000L8L0000008H0000008H00000L8L000000L4000000L4000000\Od000000000000000000000004L0000004L00000000000004L0000000XO\QN8`n1H`QN8`n1H`QN8`n1H`QN8\o1LL000000000000040L000004L00000004L0000040L0000004L000000000000040L0000004L0000040L0000044H0000040L0000004L00000L<H00000L8L0000008H0000000000000000000000000000000000000L8L000000dNlRNLTm14lRNLTm14lRNLTm14lRNLXm1LlRN8Pm1HPSN8Pm1HPSN8Pm1HPSN8Tm1DPSN<ll1DTSN<ll1DTSN<ll1DTSN<Tn18L0000040L00000<D00000040L000000000000040L0000040L000000000000040L00000000000000000000004L0000000000000000000000L40000000000000L4000000L400000000000000L04000004D800000\RoY2
20140925195834Ch_2,Tl``2<do100000L4000000L0400000L4000000000000000L400000L400000000000000L0400000XOh0000000L4000000000000008D4000004L0000004L00000000000000000000000000000000000000000000004L0000000L400000000000004L0000000000000004L00000000000000000000004lPN\Odn1d0\QN\Odn1d0\QN\Odn1d0\QN\Ohn1P1L000000DXQN@hn1`0XQN@hn1`0XQN@hn1`0XQN@hn1`0\QN@`n1`0`QN@`n1`0`QN@`n1`0`QN@dn1<\QNH`n18`QNH`n18`QNH`n18`QNH`n18`QNL\n14dQNL\n14dQNL\n14dQNL\n14dQNL\n14dQNL\n14dQNL\n14dQNL`n1LdQN8Xn1HhQN8Xn1HhQN8Xn1HhQN8Xn1HhQN8Xn1HhQN8Xn1HhQN8Xn1HhQN8\n1H`QN8`n1H`QN8`n1H`QN8`n1H`QN8`n1`0400000000000004L000000<D00000040L00000000000004L000000000000000000000040L0000040L000000000000040L0000004L000004L00000004L000004L000000000000000000000040L0000000000000000000000000000004L000004L0000004L00000004L000004L00000004L000004L00000040L0000004L000008H000000hQgm0
20140925195834Ch_3,loPb0T2lm100000POX1H00000XOl0L00000L8L00000H<L00000LXMdUN4\j1LdUN4\j1LdUN4\j1LdUN4Xm10L00000000000004L000000000000000XOXRNXOhm1h0XRNXOhm1h0XRNXOhm1h0XRNXOdn1Lh0000004H400000\nfZ3
20140925195834Ch_4,dTii1<do10000044H0000008H0000044H00000L8L00000XOh0000000POl0400000HL<00000LTOPSNPOPm1P1PSNPOPm1P1PSNPOPm1P1PSNPOTm1d0TSNPOXm1P1hRNPOXm1P1hRNPOXm1P1hRNPOXm14dSNL\l14dSNL\l14dSNL\l14dSNLdi`S2
20140925195834Ch_5,\YYP2`0`o100000H`0H00000L8L00000L4000000L\Oh000000L0400000H4400000L4000000000000000000000000000000LL8000000L400000000000000L40000000000000L4000000000000000L4000000L40000000000000L040000000000000L40000000L400000L400000000000000L0400000000000000L4000000000000000000000L04000000000000000000000L4000000000000000L4000000L400000L040000000000000000000004L00000000000000000000000L40000000000000L40000000000000004L00000000000000000000040L00000000000004L00000000000000dhfa1
20140925195834Ch_6,TXQn08ho10000008H0000008H000004`0\O000000`0@000004d0XO0000084D0000044\XNdMTa1\2l^NdMTa1\2l^NdMTa1\2l^NdMXa1P3d]N`MXb1`2h]N`MXb1`2h]N`MXb1`2h]N`MXb1T3l\NTMTc1l2l\NTMTc1l2l\NTMTc1l2l\NTMXc1X3T\N`LXd1`3h[N`LXd1`3h[N`LXd1`3h[N`L\d1d3T[N`LPe1`3P[N`LPe1`3P[N`LPe1`3P[N`LXe1DXXNT3l1\MPf1@TXNT3l1\MPf1@TXNT3l1\MPf1@TXNT3l1\MTf1\OXXN`3d0`MXg1POTXN`3d0`MXg1POTXN`3d0`MXg1POTXN`3d0`M\g1lNdYN\4df1dK\YN\4df1dK\YN\4df1dK\YN\4Tj1hN8000008@8000008\O<000004D8000004L0000004H400000d0\O0000004H4000004H400000Tank2
20140925195834Ch_7,`ZaW2`0`o100000L4000000L04000000L400000L4000000D<000000H4400000H4400000L4000000LL800000L@d000000H4400000L04000000H8000000L400000L0400000000000000L4000004L000000`gfc1
20140925195834Ch_8,P[aZ34lo100000L8L00000TOLlQN4Tn1LlQN4Tn1LlQN4Tn1LlQN4lm18PRNLlm14TRNLlm14TRNLlm14TRNLlm18lQNHXn18hQNHXn18hQNHXn18hQNH\n1l00000000H8000004H4000000L40000000000000L040000000000000000000004L00000040L000004L0000004L0000004L0000004L000000\ef`0
20140925195834Ch_9,X_im28ho1000000000000000000000L400000000000000L0400000L4000000L40000000L40000000000000L40000000L400000L4000000L0400000L0400000D8400000H4400000L0400000L0400000D8400000LL800000L0400000H4400000L0400000H4400000LL800000LL800000LL800000L0400000@8800000H44000000L400000LL8000000D<000000L4000008H0000004H400000ldnh0
20140925195834Ch_10,h\if0P1Po100000L4000000L@d000000LL800000L0400000L4000000L04000000L400000L0400000D84000000L4000000L400000`dVV3
20140925195834Ch_11,h_ai1`0`o100000L8L00000L4000000LH<00000LH<00000L0400000L4000000L40000000L400000L04000000L4000000L400000L0400000\aVS2
20140925195834Ch_12,`aYP2`0`o100000XO0\QN<\n1DdQN<\n1DdQN<\n1DdQN<\n1l0H00000L<H0000008H000000dNhRN0Xm10hRN0Xm10hRN0Xm10hRN0Xm1D\SN4dl1L\SN4dl1L\SN4dl1L\SN4`l1HP200000L0400000H0800000L40000000L40000000000000L40000000L400000L4000000L400000000000000000000000L40000000000000L4000000L040000000000000L04000000L400000L04000000L400000L04000004D800000l`Vh1
20141009195814Mh_1,PeXX1P1Po10000004L000008LL00000`0HH0000040L000004L00000040L0000040L0000040L000004L00000004L00000000000004L0000000000000004L00000000000000000000040dPN@Po1`0PQN@Po1`0PQN@Po1`0PQN@Po1P1H0000004L000004TOXQN`0`n1@`QN`0`n1@`QN`0`n1@`QN`0To1d0XO0000044H0000044H000004L0000000000000000000000<@4000004L0000004L0000008LL0000040L0000040L0000048D0000044H000008LL000008LL00000<HL0000040L0000040L0000040L000004L00000040L0000004L0000040L000004L00000004L000004L00000004L000004L0000000000000040L00000000000004L00000004L0000040L00000000000000000000040L00000000000004L00000000000000000000000000000004L000004L000000000000004H400000lSgV2
20141009195814Mh_2,dj`g2`0`o100000H8000000H4400000D8400000H0800000hNXOTSNd0Tm1\OlRNd0Tm1\OlRNd0Tm1\OlRNd0Tm1d0`0000004D8000008D4000004H4000004D800000TWgU1
20141009195814Mh_3,`k`Y28ho10000004L0000040L000000000000004L0000044H0000040L0000040L0000040L000004L000000000000004L0000000000000000000000L400000000000000000000000000000000000000000000000000000000000000L0400000L40000000L400000L40000000L4000000L400000TT__1
20141009195814Mh_4,TQQZ2<`00Xn10hQN0Xn10hQN0Xn10hQN0Tn1P10000004L0000008H0000008D4000000L40000000000000L040000000000000000000000L40000000000000`nnb1
20141009195814Mh_5,TSYb34P1P1hl1POXSNP1hl1POXSNP1hl1POXSNP1Tl1\1<00000POd0<000000H8000000L4000004L000000`0lNd0000008D400000d0XO400000Pm^;
20141009195814Mh_6,lSQW1d0\o100000@h0H00000H<L00000L0400000L@d000000L\Oh0000000H8000000L400000Xmnf2
20141009195814Mh_7,lWiQ34lo100000@<400000H4400000L4000000L0400000L04000000L400000H4400000H4400000H4400000L0400000L0400000LL800000L0400000@<4000000L4000000L4000000L400000L040000000000000L04000000D<00000L4000000000000004H400000000000004H400000Tk^g0
20141009195814Mh_8,hWaZ18ho10000004L0000040L0000004L000000000000000000000000000000000000004L000004L00000000000000000000000000000004L000000L40000000000000L40000000L400000L040000000000000000000000000000000000000000000000000000000000000000000000000000000000000000000000L4000000L400000Xh^]2
20141009195814Mh_9,d^ah24lo100000L4000000H4400000L0400000L0400000L4000000H4400000L0400000L8L000000`0@0000000000000L400000004L00000000000000L4000000L4000004H400000L0400000L0400000L0400000lNl0800000H4400000L0400000L0400000LH<00000H0800000H4400000D8400000@`0000000LD`0000000D<00000LH<000004D8000000POhQN0`n10`QN0`n10`QN0`n10`QN0`n1LhQNL\n14dQNL\n14dQNL\n14dQNL\n14h000000L400000000000000<H\PN4ln1LTQN4ln1LTQN4ln1LTQN4hn1h0L000000L400000@XOdQNh0`n1XO`QNh0`n1XO`QNh0`n1XO`QNh0\n1<4000000H8000000D<00000L04000000L400000L0400000Pg^k0
20141009195814Mh_10,`]a\1d0\o100000L40000000L400000H4400000XOh0000000L0400000LL800000LL800000LD`000000LL800000L0400000L0400000L0400000L04000000L400000L04000000L400000L4000000H4400000L0400000H4400000LL800000H4400000LL800000L04000000H800000000000000L400000L40000000L400000000000004H400000Xf^[2
20141009195814Mh_11,T_iR28ho10000044H0000048D000000d0\O0000044H00000d0DH00000<HL000008H00000040L000004L00000004L0000000000000000000000000000000000000L40000000000000004L0000000000000000000000L4000000000000000000000L40000000000000000000000L04000000L400000L4000000L0400000@`0000000L04000000L4000004H4000004H40000000000000L0400000L4000000L0400000L0400000L04000000L400000XO@hQNd0\n1\OdQNd0\n1\OdQNd0\n1\OdQNd0Xn1d0000000L0400000L40000000L400000LL8000000H8000004H400000000000000L4000000L400000L04000000L4000000H800000laV_1
20141104195854Bh_1,\\P]2<do100000L<H00000L<H000004L0000004L0000008LL000004L0000000000000040L0000040L00000000000004L0000004L0000000000000040L00000dbW_1
20141104195854Bh_2,Pg`n0<do100000L8L00000L400000008H00000d0\O00000000000000L4000000000000000000000004L000000000000004L000004L00000000000000000000004L00000000000000000000004L00000004L000000000000040L00000000000004L0000000000000004L0000040L0000000000000000000000L4000004H400000lWgi2
20141104195854Bh_3,PhXf1<do10000004L000004L00000040L0000040L0000004L0000004L0000044H000000<D0000080H000008LL000008<\O00000`0HH000008H0000004L000000lUoU2
20141104195854Bh_4,TiPY18ho10000004L0000004L0000004L0000040L0000040L0000040L0000044H0000044H0000044H0000080H0000084D0000084D000008H000000<XO<00000hTWc2
20141104195854Bh_5,TjPc28ho100000L<H0000008H0000040L0000080H000008<\O0000048D0000044H00000`0DL00000<`0TO000008LL000008LL000004H400000d0TO800000PS_Y1
20141104195854Bh_6,dViY3<do100000D`0L00000D8400000@<400000D<000000H4400000HH`000000LL800000H4400000dMhN`UN`1hj1`NXUN`1hj1`NXUN`1hj1`NXUN`1`j1h1<00000\O0d000000H0800000LH<00000LH<00000LXNl100000D0<00000H08000000H8000000@`0000000L4000004@<00000XPg`0
20141104195854Bh_7,TSQm0<8<\n1DdQN<\n1DdQN<\n1DdQN<Xm10dRNT1Tm1lNlRNT1Tm1lNlRNT1Tm1lNlRNT1Pm1T1L0000004L0000004L00000<HL00000X1lNL00000<dNdQN`0Xn1@hQN`0Xn1@hQN`0Xn1@hQN`0To1LL000008H0000008LL0000004L000004L00000040L000004L00000040L0000040L000004L000000Pj^n2
20141104195854Bh_8,d]Qn18ho100000L4000000L04000000L400000L4000000H4400000L4000000000000000L400000L4000000XOd0400000L0400000@<400000TOd0800000L\Oh000000L0400000H0800000H\Ol000000LL800000L0400000LL8000000L400000L0400000L0400000L040000000000000L0400000000000000L400000L04000000H800000XgVj1
20141104195854Bh_9,d\QY1<do100000H<L00000L0400000L4000000LL8000000H800000L0400000L0400000L4000000L4000000L0400000H4400000H0800000L\OXQN4ln1LTQN4ln1LTQN4ln1LTQN4Td`c2
20141104195854Bh_10,PaaU2`0`o100000L4000000H8000000L04000000L4000000L40000000000000L0400000L4000000H8000000LL800000L0400000D8400000L04000000L400000L0400000D8400000H4400000L0400000H4400000HL<00000TOlNhRNP1`m1PO`RNP1`m1PO`RNP1`m1PO`RNP1`m1TOXRNl0lm1TOTRNl0lm1TOTRNl0lm1TOTRNl0lm1`04000000D<00000LD`000000L0400000H4400000LL800000LL8000000H800000L04000000L4000000L400000L400000000000000L0400000000000000L400000000000000L400000TdV`1
20141104195854Bh_11,Taie24lo100000lN0TRN8hm1HXRN8hm1HXRN8hm1HXRN8dm10TRN4lm1LTRN4lm1LTRN4lm1LTRN4lm10lQN4Tn1LlQN4Tn1LlQN4Tn1LlQN4Pn14hQNL\n14dQNL\n14dQNL\n14dQNL\n1l000000000000000@`0000000L8L00000000000004H400000000000000L400000TO`NXSN\1ll1dNTSN\1ll1dNTSN\1ll1dNTSN\1ll1hNlRNX1Xm1hNhRNX1Xm1hNhRNX1Xm1hNhRNX1Xm1d04000000L4000000L400000LD`0000000L4000000hNhQNd0\n1\OdQNd0\n1\OdQNd0\n1\OdQNd0\n1XOlQN`0Xn1@hQN`0Xn1@hQN`0Xn1@hQN`0P`hT1
20141120195834Ch_1,TdP]24lo100000L8L00000L400000000000000000000000000000004L000004L00000004L0000040L0000004L0000044H0000080H0000040L000008LL0000040L0000044H000008LL0000040L0000040L000004L00000040L0000040L0000040L0000040L0000040L0000040L000004L00000040L000000000000040L00000000000000000000040L00000000000000000000040L000000000000004L0000000000000000000004L00000000000000000000000000000000000000L40000000000000000000000000000000L4000000L4000004L000000hXgU1
20141120195834Ch_2,hePV1d0\o100000\Oh0L00000H8000000L40000000L4000000H8000000\Od0000004L0000000000000040L0000004L0000044H000000<D000004L000000000000004H4000000L4000004L0000000000000000000000000000000000000004L000000000000000000000000000000000000004L0000004L0000004L0000004L0000004L000000L4000000D<0000000000000000000000000000000000000L400000004L000004L0000004L0000008LL0000040L0000040L00000000000004L00000004L000000000000004L0000008H0000044H0000008H0000044H000000@hQN\OTn1d0lQN\OTn1d0lQN\OTn1d0lQN\OTn14`RNH`m18`RNH`m18`RNH`m18`RNH`m18dRN@`m1`0`RN@`m1`0`RN@`m1`0`RN@dm1<P1000000000000004L0000040L000004L00000004L0000040L0000000000000000000004L0000000000000040L00000000000000000000004L00000000000004L000000000000000000000040L000000000000004L000000000000004L000004H4000000000000040L0000004L0000040L000004L0000004LdPN0hn10XQN0hn10XQN0hn10XQN0ln1LPQN8Po1HPQN8Po1HPQN8Po1HPQN8To180000004L00000040L00000000000000000000040L0000008H0000040L00000d0\O000000`V_Q2
20141120195834Ch_3,deXb08ho100000L8L0000004L000004L00000040L0000004L0000044H0000044hPNHXn18hQNHXn18hQNHXn18hQNH`n1l0L000008hN\QNh0`n1XO`QNh0`n1XO`QNh0`n1XO`QNh0To1H000000lXoZ3
20141120195834Ch_4,Ph`[3`0<Ddn1<\QNDdn1<\QNDdn1<\QNDdn1P1L00000H<L00000D<0000000L400000000000004XOd0000000L40000000000000000000004H40000004L000000000000040L000000000000040L00000000000004L00000040L000004H400000hW_?
20141120195834Ch_5,Xh`d0<do100000Hd0D000000l0TO0000044H00000<POd000000`WWZ3
20141120195834Ch_6,PjPP28ho100000L8L00000L8L00000000000000L4000000000000004L000004L00000004L00000000000004L0000000L40000000000000L40000000L4000000000000000000000000000000L4000004L000000000000000L400000PV_j1
20141120195834Ch_7,hiPa2<do10000004L0000004L0000040L0000004L000008LL0000044H0000040L0000040L0000044H000004<@000004d1XN0000040L00000`0DL000008H000000d0PNhQNT1Tn1lNlQNT1Tn1lNlQNT1Tn1lNlQNT1\o1TO000000\RgZ1
20141120195834Ch_8,lnXQ2<do100000H`0H00000L4000000L0400000H0800000L04000000L400000000000000000000004L000004L0000008H000000dQgk1
20141120195834Ch_9,TYiY24lo10000004L000000000000004L000004L00000004L00000000000000000000004L00000000000000000000004L000004L0000000000000004L00000000000004L0000000000000000000000000000000000000000000000L4000000000000000L400000000000000000000000000000000000000000000000000000000000000000000000000000L4000000000000000000000000000000000000000L4000000L4000000L400000hff[1
20141120195834Ch_10,T\Q_28ho100000H440000000000000L4000000L0400000L4000000L0400000H4400000L04000000L400000L0400000H4400000L0400000L40000000L4000000L4000000L400000def\1
20141120195834Ch_11,X\a\34lo100000L<H000000<PQNXOPn1h0PRNXOPn1h0PRNXOPn1h0PRNXOPn1\10000000L400000LL8000000H800000H44000000H8000008D4000000H8000000L400000Pd^`0
20141120195834Ch_12,h`iQ14lo100000L8L0000004L000000<D0000040L00000000000000L4000000L400000L4000000L04000000L400000L0400000L4000000H4400000H4400000H4400000LL800000H4400000L0400000L04000000L4000000000000000000000H<L00000L4000000L4000000L0400000HDd000000LL800000LL8000000H8000000L4000004H400000Tbne2
20141120195834Ch_13,XdQj28ho100000H<L00000L4000000L8L0000004L00000L4000000D`0L00000L4000000L04000000L4000000D<000000TO`QN0hn10XQN0hn10XQN0hn10XQN0hn1HdQNLdn14\QNLdn14\QNLdn14\QNLd[hR1
20141120195834Ch_14,ddYP24lo10000004L00000L8L000000000000000000000000000000000000004L0000000000000L4000000000000000L400000000000000L400000L4000000H80000000L4000000L400000L0400000D8400000LL800000000000000000000040L000004L00000044H0000040L00000000000004L0000000L4000000L4000000L40000000000000P\^g1
20141120195834Ch_15,Xea[28ho10000004L0000004L000000000000004L00000L400000004L00000L<H00000L<H00000L8L0000040L000000000000004L00000000000000000000004L000004L0000004L0000000000000000000000L0400000L4000000L4000000L04000000PO\RN@hm1`0XRN@hm1`0XRN@hm1`0XRN@dm18X100000L04000000L4000000L4000000L4000004L0000004H400000\[^\1
20141220201934Ch_1,h_Pc18ho10000000000000000000004L000000L8L00000L8L0000000000000L400000000000000000000000L4000000L400000000000004L0000004L0000000000000004L0000040L00000T`_X2
20141220201934Ch_2,T``h18ho100000L8L000000l0TO000004L000000000000004D8000000L4000004H40000000000000000000008LL000000<D0000008H0000004L0000000000000000000004L0000008LL000008H00000040L000004L00000004L000004L000000000000004L0000000L400000X^oP2
20141220201934Ch_3,\nPY38ho100000XOP1H00000L04000000L400000L040000000000000L04000004L000000<@4000004H400000TR_d0
20141220201934Ch_4,TohS14lo100000L400000000000000L400000000000000L40000000L400000L4000000L04000000000000000000000L40000000L400000H8000000L0400000L0400000L04000000D<00000XRgg2
20141220201934Ch_5,TPQd2d0\o100000HT1TO00000Hl0\O000000dMXSNh1`l1XN`SNh1`l1XN`SNh1`l1XN`SNh1dm10H00000P1PO000000<@400000lmVZ1
20141220201934Ch_6,`Qam08ho100000L8L00000L40000000L400000L40000000L4000000L40000000000000L400000040L0000004L0000040L0000040L0000040L0000044H0000044H0000044H0000040L0000080H000008LL000008LL0000040L0000080H0000040\RN\Odk1d0\TN\Odk1d0\TN\Odk1d0\TN\Olk1`0lSNDTl1<lSNDTl1<lSNDTl1<lSNDXl1`0lRN4Tm1LlRN4Tm1LlRN4Tm1LlRN4\m1d0`0000004D8000008H0000008D400000`knj2
20141220201934Ch_7,XYYZ38ho100000D<000000H8000000L0400000L4000000L04000000L400000LL8000000H800000LL800000L0400000L40000000L4000000L400000XhVb0
20141220201934Ch_8,X[QP1<do100000L<H0000004L00000L04000000L4000000L400000H4400000L0400000H8000000H4400000H4400000LL800000LL8000000L400000LL80000000000000L0400000L0400000LL800000L0400000L0400000L0400000H0800000L0400000L40000000L4000000H800000hgVi2
20141220201934Ch_9,d[iU38ho100000H8000000L400000000000000L8L00000L4000000L8L00000LH<000000H8000008D400000Pefg0
20141220201934Ch_10,P\Ye18ho100000L<H0000004L00000L8L0000004L00000L40000000000000000000000L04000000L400000L0400000000000004H4000004L0000008D400000TdnV2
20141220201934Ch_11,XdYP38ho100000L400000000000000L0400000L040000000000000H8000000L4000000L0400000LL800000L0400000L0400000LL8000004H400000P]Vl0
20141222201814Mh_1,h`h^2<do100000L8L0000000000000L400000004L000000000000000000000L8L00000L0400000000000000L4000000000000000000000000000004H400000000000000000000044H0000004L000004L0000000000000004L0000004L0000004L000000000000000000000000000000L4000000D<000000L400000000000000L400000000000000L400000\_gX1
20141222201814Mh_2,hg`i28ho100000H`0H000000<D00000Dd0H00000HPOXRN<dm1D\RN<dm1D\RN<dm1D\RN<`m1HhRN0Xm10hRN0Xm10hRN0Xm10hRN0ln1LL000008LL000000000000040L000004H400000TWgS1
20141222201814Mh_3,PlPc08ho100000L4000000L0400000hNT1400000@<400000H@h0000008TOd000000PVW[3
20141222201814Mh_4,lkXR3<do100000H4400000L4000000H4400000L4000000L0400000L0400000LL800000L0400000H44000000L400000L0400000L0400000H0800000L04000000@`000000XVgi0
20141222201814Mh_5,`lXm08ho100000Ll0XO0000004L000004L0000004H4000000L4000000L4000000L400000000000000L4000004H400000XSoo2
20141222201814Mh_6,hnhn18ho100000L8L000000000000000000000L400000000000000L4000000L0400000L0400000LL800000000000000H800000PRWn1
20141222201814Mh_7,Poh^14lo100000L8L000000000000004L0000040L000004L00000040L0000004L0000008H0000088@0000040L000008D400000TPW^2
20141222201814Mh_8,dPiY3l1Tn10000008H000000`0@000004H400000P1PNhQN8Xn1HhQN8Xn1HhQN8Xn1HhQN8`lPe0
20141222201814Mh_9,lPag1<do10000040L0000008H000004L00000040L000004L00000004L0000040L0000004L0000040L0000044H0000044H000008LL0000040L000004L00000040L0000040L0000004L0000040L0000044H000008LL0000040L0000040L000008H000000\l^R2
20141222201814Mh_10,T\i\2<do100000L400000004L0000000000000L8L0000004L00000XOh0000000000000000H8000000L4000000L4000000L400000L0400000Pen_1
20150105104334Ch_1,P_`R28ho100000L40000000000000000000000L400000000000000000000000000000004L000004L00000004L0000040L000000000000040L0000040L000000000000040L0000040L0000004L000000000000040L000008LL000004LPQNLTn14lQNLTn14lQNLTn14lQNLXn18\QN0`n10`QN0`n10`QN0`n10`QN0dn1d0000000000000004L0000000L4000004H4000004L0000000L40000004L000000000000000000000<D000000P_gd1
20150105104334Ch_2,hdPj0l0To100000L8L000000P1PO00000d0HD0000044H0000004\RNTNll1l1TSNTNll1l1TSNTNll1l1TSNTNPm1\20000000PN\SN`0hl1@XSN`0hl1@XSN`0hl1@XSN`0hl1\OdSN<\l1DdSN<\l1DdSN<\l1DdSN<`l1@hSN4\l1LdSN4\l1LdSN4\l1LdSN4hVaS3
20150105104334Ch_3,\lhQ1<do100000H<L00000H<L00000L0400000D4800000D0<00000L0400000H0800000HH`000000LL800000L04000000H8000004D800000hUoj2
20150105104334Ch_4,hm`c18ho10000004L00000L400000004L000004L000000000000000000000004L0000004L000000`0@00000L4000000H8000000L40000000dNlQNl0Tn1TOlQNl0Tn1TOlQNl0Tn1TOlQNl0Po1D0000008D4000008D400000\QWX2
20150105104334Ch_5,\Uic1h0Xo100000POP1000000hN\NTSNd2ll1\MTSNd2ll1\MTSNd2ll1\MTSNd2`l1`0400000LXOl000000HH`000000HPOPSNXOXm1h0hRNXOXm1h0hRNXOXm1h0hRNXOll1h0\100000D4800000D8400000HL<00000@8800000LH<000000H800000LXOdQN0`n10`QN0`n10`QN0`n10`QN0Pn1DTRN4ln1LTQN4ln1LTQN4ln1LTQN4ln10PQN0Po10PQN0Po10PQN0Po10PQN0To1<0000004L0000004L00000040L000004L0000004L000000ho^V2
20150105104334Ch_6,XUi[24lo1000000000000004L00000000000000000000000000000L8L00000000000004L000000000000000000000004L00000000000004L00000004L000004L000000000000004L000000\jf_1
20150105104334Ch_7,X\Yc04lo100000H<L00000L8L0000004L0000000000000L4000000@<400000PM0hUN0`j10`UN0`j10`UN0`j10`UN0Tj1P3400000D<0000000L4000000TL`UNX2`j1hM`UNX2`j1hM`UNX2`j1hM`UNX2lj1TMhUN`2Xj1`MhUN`2Xj1`MhUN`2Xj1`MhUN`2dl1XO0000004L0000008\N`RN8`m1H`RN8`m1H`RN8`m1H`RN8lbhX3
20150105104334Ch_8,h[iS18ho100000\Oh0L00000TOl0000000@`0000000D8400000LL8000000L4000004H400000<@4000008H0000004L0000004\O`000000heVi2
20150105104334Ch_9,\[ai2d0\o100000`NHlRNd0Tm1\OlRNd0Tm1\OlRNd0Tm1\OlRNd0Pm1T1400000L04000000H800000l0dN`000000`enT1
20150105104334Ch_10,TZaU2<do10000004L0000004L0000040L0000044\QN`0Xl1@hSN`0Xl1@hSN`0Xl1@hSN`0\l1DlRNl0Tm1TOlRNl0Tm1TOlRNl0Tm1TOlRNl0Tm1l04000000H8000000D<000004@<000000lNdQN4ln1LTQN4ln1LTQN4ln1LTQN4Xdhg1
20150105104334Ch_11,d_QQ1`0`o100000H800000004L000000000000040L0000040L0000004L0000000000000`0@0000004H400000h_^l2
20150124081954Uh_1,XihW3<do100000D<000000POP1000000H4400000D4800000LH<00000H`NXRN4ln1LTQN4ln1LTQN4ln1LTQN4hn10d000000L40000000000000040L0000008H0000044H0000040L0000040L0000040L0000084D000008LL0000040L000008H000000lWWc0
20150124081954Uh_2,hohh18ho10000008H0000044H0000040L0000084D0000080H0000044H000008H00000040L000004L00000004L000004L0000000000000000000000000000000000000004L0000000000000000000004L00000004L000004L0000000000000004L00000000000004L0000000000000004L000000000000000000000L4000000L4000000000000000L400000000000000000000000000000L40000000L40000000000000L040000000000000L0400000L0400000L0400000H8000000L0400000LL8000000L400000LL8000000L400000lo^j1
20150124081954Uh_3,dUaR1<do100000L8L00000L04000000L4000000L40000000000000L4000000TM0hUN0Xj10hUN0Xj10hUN0Xj10hUN0li1\1TUNdNlj1\1TUNdNlj1\1TUNdNlj1\1TUNdNdj1T2lTNlMTk1T2lTNlMTk1T2lTNlMTk1T2lTNlMTk1T2hTNlM\k1T2dTNlM\k1T2dTNlM\k1T2dTNlM\k1d1TTNPN`0`0\k1`1TTNPN`0`0\k1`1TTNPN`0`0\k1`1TTNPN`0`0lk1P1\TNPOhk1P1XTNPOhk1P1XTNPOhk1P1XTNPOTl1P1TSNXOPm1h0PSNXOPm1h0PSNXOPm1h0PSNXOXm1`14000008D400000<XO<000008D4000004L0000004H400000Pl^h2
20150124081954Uh_4,lWak1`0`o100000Ld0@00000TO`1\O00000Dh0`SNlL\k1T3dTNlL\k1T3dTNlL\k1T3dTNlLXk1X4H0000000000000LPMdUNd0\j1\OdUNd0\j1\OdUNd0\j1\OdUNd0Xj1POPWN0Xi10hVN0Xi10hVN0Xi10hVN0Xi1XOlWN0`h10`WN0`h10`WN0`h10`WN0\bXR2
20150124081954Uh_5,`XQR1l0`0Ddm1<\RNDdm1<\RNDdm1<\RNDdk10hTNP2Xk1PNhTNP2Xk1PNhTNP2Xk1PNhTNP2Xk1\NXTNd1lk1\NTTNd1lk1\NTTNd1lk1\NTTNd1lk1`NlSN<4@Tl14hSN<4@Tl14hSN<4@Tl14hSN<4@`l1l0\TN\Nlk1d1TTN\Nlk1d1TTN\Nlk1d1TTN\NXl10lRNd0dn1\O\QNd0dn1\O\QNd0dn1\O\QNd0Po1D<00000\hVl2
20150124081954Uh_6,hYiV28ho100000L4000000L400000000000000L400000004L000000L40000000000000L040000000000000L04000000L400000L04000000L400000Pgfe1
20150430082014Th_1,XdPj2<do100000L4000000\MH`UN4dj1L\UN4dj1L\UN4dj1L\UN4`j18TUNHPk18PUNHPk18PUNHPk18PUNHPk1d0dTN\O\k1d0dTN\O\k1d0dTN\O\k1d0dTN\O`k1d0\TN\Odk1d0\TN\Odk1d0\TN\Odk1d0\TN\OTl18hSNLTl14lSNLTl14lSNLTl14lSNLXl18\SN0`l10`SN0`l10`SN0`l10`SN0dl18lRNHXm18hRNHXm18hRNHXm18hRNH\m1\10000004H4000008H0000008H000000P]gR1
20150430082014Th_2,TnXa28ho10000004L0000040L000000000000040L00000000000004L00000000000000L8L00000000000000000000000000000000000004L000000000000004L000000000000000000000004L00000L40000004L000000000000004H400000XQoX1
20150430082014Th_3,dQad04lo100000Dd0H000000d0\O0000044H0000040L0000040L000008LL0000080H0000080H0000044`SNdNli1\1TVNdNli1\1TVNdNli1\1TVNdNTj1X1XTN<dk1D\TN<dk1D\TN<dk1D\TN<Pl1@dSNh0Xl1XOhSNh0Xl1XOhSNh0Xl1XOhSNh0dl1<h0000000D<000004XNXRN8LLPn1LTRN8LLPn1LTRN8LLPn1LTRN8LLhn1Lh000000dk^W3
20150430082014Th_4,XVQg1<do1000000000000004L0000000000000000000000000000000000000000000000000000000000000000000000000000000000000000000000L40000040L000000000000000000000L4000000L0400000L4000000000000000L400000000000000000000000000000L40000004L00000000000000000000000000000000000000L0400000L4000000L40000000L400000L4000000L0400000L04000000000000000000000000000004L000000000000004L0000000000000000000000L4000000L40000000L400000L4000000L0400000L04000000L400000L4000000L0400000L0400000L4000000L0400000L40000000L4000000L400000L`0D0000004L0000004L00000D`0L00000L\O\RNPOhm1P1XRNPOhm1P1XRNPOhm1P1XRNPOlm1d0l0000008D4000000L40000000000000L0400000L400000000000000L04000000L400000L40000000L400000L40000000L400000L4000000L40000000L400000L40000000L400000L0400000L40000000L400000L4000000L04000000L400000L0400000L04000000L400000000000004H400000hmn`1
20150430082014Th_5,\[Ql0<do10000004L0000000000000L40000000L4000000000000000000000000000000000000004L000000L40000000000000L4000000L400000000000000L0400000L4000000L0400000\O`0400000L0400000LH<00000L0400000L40000000@`000000L0400000L0400000L40000000L4000000000000000000000000000000000000000000000000000000000000000000000000000000L4000004L00000004L0000000000000000000000000000000000000000000000000000004L0000004L00000L400000004L000000000000004L00000000000000L4000000000000000000000L400000000000000L4000000000000004H400000000000004L0000004L000000000000004H40000000000000000000000L40000000000000L040000000000000LL800000lffa2
20150430082014Th_6,h^ad04lo10000000000000L40000000000000004L000000000000004L0000004L0000040L0000040L000004L000000000000004L00000004L000000000000000000000@`0000000H8000000@<400000HL<00000LL800000XO`0800000H0800000L0400000L4000000L4000000HhNhRN4\m1LdRN4\m1LdRN4\m1LdRN4Xm1HXSN@Xm1`0hRN@Xm1`0hRN@Xm1`0hRN@\m18X100000TdVT3
20150430082014Th_7,X^ig1<do100000L8L00000L0400000H8000000L04000000L400000H0800000L0400000L4000000L0400000L0400000LL800000L0400000\cnT2
20150430082014Th_8,X_if28ho100000H8000000H44000004H4000000L400000L4000000LL800000H4400000H80000000L400000L4000000L0400000L04000000L400000000000000L40000000000000L40000000L400000L0400000`bVT1
20150430082014Th_9,h`Qj24lo100000L4000000L4000000L40000000000000000000000L4000000L0400000L40000000L400000L4000000000000000L4000004L0000000L4000000L400000L4000000L400000000000000L04000000L400000\`fP1
20150601122834Ch_1,`PQe2<do10000044H000000d0\O00000000000004L0000000L40000040L000004L00000040L000004<XQNTO\m1l0dRNTO\m1l0dRNTO\m1l0dRNTO`m1P2TRN\Ndl1d1\SN\Ndl1d1\SN\Ndl1d1\SN\Nhl1\2000000<HL000008`NdRN4Tm1LlRN4Tm1LlRN4Tm1LlRN4dn1D8000004D800000XlnV1
20150601122834Ch_2,hXi^1h0Xo100000H4400000H44000000D<00000L0400000L0400000D8400000LL8000000L400000`hn^2
20150601122834Ch_3,h[af2`0`o100000L4000000L8L000000L40000000000000000000000000000000000000L40000000000000000000000000000000000000004L00000d0\O0000004L000000lc^U1
20150601122834Ch_4,\^Yl1<do1000000000000004L000000000000040L00000000000004L00000000000000L400000000000000000000000000000040L0000004L00000000000004L000000000000004L0000000000000004L00000000000004L0000000000000004L000000000000000000000000000000000000000000000L400000000000000000000000L4000000000000000000000L400000000000000L400000000000000L04000000L400000000000000L400000L4000000000000000L40000000000000L40000000L400000000000000L400000L40000000000000000000000L0400000000000004D800000la^e1
20150602122934Ch_1,l^Pn08ho100000H<L00000\Od0000000L@`QNL\n14dQNL\n14dQNL\n14dQNL`n1LlQNLTn14lQNLTn14lQNLTn14lQNLTo1000000004L000004L000000000000004L000000h`_o2
20150602122934Ch_2,ljhb28ho100000XOl0L00000L8L00000L0400000TOlN`RN\1dm1dN\RN\1dm1dN\RN\1dm1dN\RN\1dm1Hh0000004D8000004D8000008@800000`VoZ1
20150602122934Ch_3,\PYW14lo100000L8L0000004L0000000000000000000004L000000000000000000000000000000LL800000\Od00000000L400000L04000000H800000L0400000L4000000L0400000L0400000L0400000L40000000H8000000L400000XQWc2
20150602122934Ch_4,PPQo2h0Xo100000L40000000L4000004L00000004L0000048D0000044H0000040L000008LL00000<HL000008LL0000040L0000040lSNLTh14lWNLTh14lWNLTh14lWNLTh18\UNLh00li14\UNLh00li14\UNLh00li14\UNLh00Pj18lTN4`00dj1LlTN4`00dj1LlTN4`00dj1LlTN4`00hj1X30000008D4000004D8000008\O<00000d0\MlRN`0hm1@XRN`0hm1@XRN`0hm1@XRN`0hjPl0
20150602122934Ch_5,PVQ=4lo100000H`0H0000044lPN@Xn1`0hQN@Xn1`0hQN@Xn1`0hQN@Xn1\1H0000044H0000040L00000d0\O0000004L0000004L0000004H4000004L0000000L4000004L000000dhf_3
20150602122934Ch_6,dYaZ2<do100000L400000000000000L0400000H4400000D4800000L4000000L0400000H4400000H0800000D4800000D4800000H0800000H0800000H4400000L\Oh000000L0400000LL800000LH<000000L400000Pj^`1
20150602122934Ch_7,P\aQ38ho100000L400000000000000L8L00000000000000000000004L000004L00000000000000L4000000000000000L400000L4000000L04000000L400000L400000000000000L400000000000000000000000000000000000000L40000000L400000L0400000L0400000L0400000L0400000L4000000000000000L4000004L0000000H8000004H4000000000000004L00000L400000000000000000000004L00000004L0000000000000L0400000L040000000000000L0400000L04000000L400000L04000000L400000lena0
20150602122934Ch_8,`^aV28ho10000004L0000040L0000000000000000000004L000000000000000000000000000000L4000000000000000000000040L0000000000000000000000000000004L00000000000004L0000000000000004L000004L0000000000000004L0000000000000000000004L00000000000000000000000000000000000000000000000000000000000000L400000004L000000L400000L4000000L400000000000000L040000000000000L0400000000000000L400000L40000000L4000000000000000000000000000000L400000L4000000L040000000000000L0400000L4000000L04000000L4000000L400000XbfZ1
20150619133554Bh_1,X]hR1`0`o100000H`0H00000H<L00000H8000000LPOTRN4lm1LTRN4lm1LTRN4lm1LTRN4hm1L`RN0`m10`RN0`m10`RN0`m10`RN0Xm10TSN0hl10XSN0hl10XSN0hl10XSN0dl10`SN0`l10`SN0`l10`SN0`l10`SN0\l10hSN4Tl1LlSN4Tl1LlSN4Tl1LlSN4Tn1l0PO000008H0000008H0000004H4000000L400000000000004H400000`aWi2
20150619133554Bh_2,T`XZ1<do10000004L0000004L000000000000004L0000000000000000000004L0000000000000004L0000008H00000L8L000000000000004L00000L40000004H4000004H4000004L0000004L0000004L00000004L0000044H0000004L0000084D0000044H000000`0@000004L00000040L000004H4000004L0000004L00000040L0000040L0000040L0000040L0000000000000000000004H40000004L000004L0000004L00000040L0000040L0000008H0000040L0000000000000000000000L4000000L4000000000000004L000004L00000004L0000040L0000004L0000040L00000000000000L4000000L4000004L000000000000000000000004L000000000000040L0000004L0000004L000004L00000004L0000004L000004L00000004L000004L0000000000000008H0000040L0000004L00000L40000000000000004L000004L00000040L000004L00000004L000000000000004L0000004L00000L8L0000004L000004L000000000000004L0000000000000040L00000000000004L00000004L0000040L0000040L000004L000000000000004L00000040L000004L00000040L0000080H0000040L0000004L0000040L0000004L0000004L0000040L0000008H0000040L0000004lRNlMTl1T2lSNlMTl1T2lSNlMTl1T2lSNlMXl1X3`SNlL\k1T3dTNlL\k1T3dTNlL\k1T3dTNlLdk1h3L000008D4000004L0000004L0000008H0000008H0000008LL000008H00000040L000008@8000000\Nd100000\Woe1
20150619133554Bh_3,X`Pc2<do100000L400000004L000004L00000004L0000040L0000044H0000008H0000040L0000040L0000000000000000000004H4000000L4000004L0000004L000000l^oX1
20150619133554Bh_4,`d`U3<do100000L400000000000000L40000000000000000000000L400000000000000L40000000L400000D<0000000L4000000L400000000000004L00000004L000004L00000004L0000040L0000040L0000004L0000040L0000008H0000040L0000040L0000008H000004`0\O000008LL000000000000040L0000040L0000040L0000040L0000040L0000044\RNXN`l1h1`SNXN`l1h1`SNXN`l1h1`SNXNhl1\20000000L400000000000000000000004L0000040L0000040L000004L0000004L0000004L0000008H00000040L0000040L000004L00000040L000008H0000008LL00000<HL000008H000000<D000000XWg<
20150619133554Bh_5,ddP`0h0Xo100000H<L0000004L000008LL0000040L0000040L0000008H000000<D0000044H00000`0DL000008H000000d0PO<00000dYo\3
20150619133554Bh_6,dk`Y2<do100000L8L0000004L000000000000040L000004L0000004L00000004L000004L0000000000000000000000000000004L00000004L000004L00000040L0000004L000004L0000008H000000XSga1
20150619133554Bh_7,XSYP18ho100000H800000004L00000L4000000L4000000L4000000L0400000L4000000L0400000L0400000L0400000LL800000H0800000hN\OlRNh0Xm1XOhRNh0Xm1XOhRNh0Xm1XOhRNh0Tm1\OhRNh0Xm1XOhRNh0Xm1XOhRNh0Xm1XOhRNh0Xm1XOdRNh0`m1XO`RNh0`m1XO`RNh0`m1XO`RNh0`m1\OXRN`0Pn1@PRN`0Pn1@PRN`0Pn1@PRN`0lm1d0800000LL800000LL800000L04000000lNTRNHXn18hQNHXn18hQNHXn18hQNH`nXj2
20150619133554Bh_8,`ViQ3<do100000H<L000000L400000L40000000L400000H4400000L0400000L4000000L40000000L400000000000000000000040L000000000000040L0000040L000004L0000004L00000004L000004L00000004L000004L000000000000004L000000L400000000000000L0400000L040000000000000L04000000L4000000L400000PjVf0
20150619133554Bh_9,P[Y?<do100000L4000000L400000000000000L040000000000000L400000000000000L400000000000000L4000000000000000000000000000000L8L0000000000000H8000000DHd000000L0400000L0400000L40000000L400000L4000000LL800000LH<00000\O`0400000D<000000H8000000L\OdRNlN\m1T1dRNlN\m1T1dRNlN\m1T1dRNlNXm1LlRN<Tn1DlQN<Tn1DlQN<Tn1DlQN<lfXY3
20150620161314Mh_1,X^`\14lo10000004L000000000000004L0000040L0000004L0000040L000004L0000000000000004L000000000000004L000000L400000000000000L400000000000004L00000040L0000004L0000004L000000000000004L000004L00000004L000004L00000040L000000000000040L0000040L000004L0000004L00000040L000004L000000P`W[2
20150620161314Mh_2,X_``2<do1000000000000000000000L40000000L40000000000000L400000000000000000000004L00000040L00000000000000000000004L0000000000000000000000000000000000000L40000004L00000000000000000000000000000040L000000000000000000000000000004L00000004L0000000000000000000004L00000004L0000000000000000000000000000040L0000004L0000004L0000004L000000DTQNDln1<TQNDln1<TQNDln1<TQNDln14d000000X`oT1
20150620161314Mh_3,T`Pf1<do100000L400000004L0000008H0000000000000L40000000L4000000L4000000L400000000000004L0000000000000004L000004L00000004L0000004L0000040L000004L000000000000000000000040L0000004L0000040L000000`0@0000044H0000004L0000040L000008H0000008H000000d0\O0000004H400000l]WR2
20150620161314Mh_4,h``m28ho100000L8L00000L8L00000000000000000000000000000000000004H400000L4000000000000000L4000004D800000\__o0
20150620161314Mh_5,PcXo1`0`o100000D<000000L4000000000000004H4000000L4000000000000004L0000040L0000000000000000000004L00000004L000000000000000000000000000000000000040L000004L000000000000004L00000004L000000000000004L0000004L0000004L0000000000000000000004H4000000L4000000L40000004L000000000000000000000000000000000000040L0000000000000000000000000000004L000000000000004L00000000000004L000000000000000000000008H0000040L0000004L000000`0@0000040L0000004L000004L0000004L0000004L0000000000000040L00000000000004L0000004L0000000000000040L000000000000040L000000000000040L0000004L0000048D0000004L000004L000000000000004L0000004L00000040L000004L0000004d0XO0000040L0000040L00000000000004L0000000L4000004@<0000040L0000040L0000004L00000000000000@XQNHhn18XQNHhn18XQNHhn18XQNHln1Hl000000XY_Z1
20150620161314Mh_6,\dPf08ho100000L<H0000004L0000040L000004L000000000000000L4000000000000004L000000000000040L000004L00000004L0000040L0000044H000008LL0000040L000004L0000004H400000\ZWU3
20150620161314Mh_7,`hPd2<do100000Ld0@00000`0HH000008LL0000040L000004L00000004L0000044H000000<D0000044H00000000000008@800000TVoX1
20150620161314Mh_8,TlXe1<do100000000000000000000000000000000000000000000000000000hLl0`UNXO`j1h0`UNXO`j1h0`UNXO`j1h0`UNXOdj1l0TUNTOlj1l0TUNTOlj1l0TUNTOlj1l0TUNTO`k1<XTNHhk18XTNHhk18XTNHhk18XTNHPl1<\SNHhl18XSNHhl18XSNHhl18XSNHll1`1400000`0\O4000004D8000004@<00000XUoV2
20150620161314Mh_9,PkXg2<do100000L<H0000004L0000040L0000040L00000<HL0000040L000000000000040L00000000000004L00000004L000004L00000040L000004<@0000008H000008H000000<HL0000040L000004L00000040L000000000000040L000004H400000`RgR1
20150620161314Mh_10,PmP\14lo1000000<D000000<D0000040L0000040L0000040L000008LL0000084D0000004L0000044H000004L00000040L000004L0000004H4000000L400000L40000000L40000000000000L040000000000000L40000000L4000000H800000lQW^2
20150620161314Mh_11,lUiY34lo100000L8L0000000000000L4000000000000000L400000000000000L4000000000000004`PNLln14TQNLln14TQNLln14TQNLln1h0L000000L4000004H40000000000000000000000000000040L000004L000000000000000000000004L00000000000004L0000000000000004L00000000000004L0000000000000000000000000000004L000000di^>
20150620161314Mh_12,`WQT34lo10000000000000L0400000L4000000L4000000L4000000L400000000000000L8L0000000000000L4000000LH<000000H800000L0400000000000000L40000000000000L040000000000000000000000L4000000L400000hi^f0
20150620161314Mh_13,\[ih04lo100000L4000000D<000000L4000000000000000L400000L40000000L400000000000000L400000L400000000000000L4000000H8000000L4000000H4400000HL<00000LL800000L0400000L04000000L400000L400000000000000L0400000000000000L40000000000000L0400000H0800000LL800000L0400000LL800000L04000000L40000000000000L040000000000000000000000L400000000000004H400000Phnl2
20150620161314Mh_14,T]Ym24lo100000L8L00000L400000004L0000000000000L040000000000000L0400000L4000000L040000000000000L04000000L400000L4000000H4400000L04000000L400000L04000000L400000000000000L400000L40000000L4000000000000000000000000000004L0000000L4000000000000000000000\dVk0
20150620161314Mh_15,l]QW28ho100000D<000000D<000000H8000000L40000000H8000000H8000004D800000Tcnf1
20150623152934Ch_1,T^PV2<do100000L8L00000L0400000L0400000L0400000000000000L4000000000000000000000000000004H40000000000000000000004L00000000000000TbWf1
20150623152934Ch_2,\^P[2`0`o1000000`0@00000000000000H8000000L4000000L40000000000000000000000000000004L000000000000040L000004L00000004L000004L0000004L00000040L00000Pag`1
20150623152934Ch_3,PdhY38<0hn10XQN0hn10XQN0hn10XQN0dn1l0L0000004L00000H<L0000000000000L0400000L40000000`NTRNl0lm1TOTRNl0lm1TOTRNl0lm1TOTRNl0lm1TOTRNl0lm1TOTRNl0lm1TOTRNl0lm1TOTRNl0`n10000000L8L00000L8L0000004L0000044H000004`0\O0000044H0000008H000004\O`0000004H400000h0`Nh000000lZWa0
20150623152934Ch_4,XlX`28ho100000L8L0000004L000000`0@0000040L00000<LH00000<4lPNXOPn1h0PRNXOPn1h0PRNXOPn1h0PRNXOTn1X10000008D4000008D400000\RW]1
20150623152934Ch_5,XnXe28ho100000L4000000L8L00000H4400000hNX1000000LL800000LL800000H44000000H800000<dNP100000dSWX1
20150623152934Ch_6,hmhg28ho10000004L0000048D000004`0\O0000040L00000`0@00000040L0000040L0000040L0000040L0000004L000004L00000040L000004H400000`PgT1
20150623152934Ch_7,TPig0`0`o100000L4000000L8L0000004L000000<D00000<LH00000<LH0000044H0000040L0000040L00000<HL000008LL0000048D0000044H0000080H000008l0lN000008<\O0000044H0000048D000000l0TO000004dLhSNP3Pl1PMPTNP3Pl1PMPTNP3Pl1PMPTNP3`m1XOH000000d0\O00000LXMPTNh1Pl1XNPTNh1Pl1XNPTNh1Pl1XNPTNh1Pl1XNTTN0Dh0Xl1XOTTN0Dh0Xl1XOTTN0Dh0Xl1XOTTN0Dh0\l1POXUNh0hj1XOXUNh0hj1XOXUNh0hj1XOXUNh0Xm1D400000Pi^Q3
20150623152934Ch_8,T[ah1<do1000000000000004L0000004L0000040L0000040L00000000000004L0000000000000000000000000000000000000000000000L40000000000000000000000L04000000000000000000000L040000000000000L0400000L4000000L0400000L0400000L0400000L4000000L40000000L400000H8000000H4400000LL8000000D<00000L0400000L4000000L4000000L04000000000000004L0000000000000000000004H4000000L400000L04000000L4000000L400000D8400000H4400000L0400000L04000000L400000LL8000000L400000L40000000L400000000000000L40000000000000Phnh1
20150913082034Lh_1,XTiZ2d0\o100000\Oh0L00000XOh0000000POh08000000@`0000000H8000004POTRNPO`n1P1`QNPO`n1P1`QNPO`n1P1`QNPO`l`c1
20150913082034Lh_2,PVQa18ho10000004L00000L400000004L000004L00000004L0000008H0000040L00000000000004L000000000000004L0000004L00000000000000000000004L0000000000000000000000L8L000004L000000000000000L4000004L00000000000000L400000004L00000L40000000L4000004L000000\ifW2
20150913082034Lh_3,Xaa^24lo100000H<L00000L8L000000L400000L400000000000000L4000000L04000000L400000000000000L4000004L000000L040000000000000000000004L0000000L400000\_V]1
20151003081954Uh_1,TfP_2P1Po100000H<L00000L8L00000L8L00000LlNdRN0Xm10hRN0Xm10hRN0Xm10hRN0Tm10TSN0hl10XSN0hl10XSN0hl10XSN0hl1L`SN4\l1LdSN4\l1LdSN4\l1LdSN4Xl1LPTN4lk1LTTN4lk1LTTN4lk1LTTN4hk10\TN0`k10`TN0`k10`TN0`k10`TN0`k1LhTN0Xk10hTN0Xk10hTN0Xk10hTN0Xk10TUNDlj1<TUNDlj1<TUNDlj1<TUNDlj18`2000000L400000lZg]1
20151003081954Uh_2,d\YT34lo100000DX1TO00000L<H00000L4000000LTOXRN0`m10`RN0`m10`RN0`m10`RN0\m10dSNXOXl1h0hSNXOXl1h0hSNXOXl1h0hSNXOTl1l0`100000H4400000L4000000LL800000H0800000L0400000H4400000LL800000H4400000L04000000L400000LL800000LL800000H4400000L0400000L04000000000000000000000000000000L400000L40000000H800000L0400000L0400000L4000000H8000000D<000000L0400000L4000000L40000000L4000000L4000000L400000LL8000000D<00000LH<000000L4000000L400000`hf`0
20151003081954Uh_3,X`i^1`0`o100000L4000000L40000000L400000L0400000L0400000L0400000H0800000L040000000000000L04000000L400000L04000000H800000L4000000H4400000L04000000L400000`af\2
20151015170634Ch_1,Pahi08ho100000L<H00000L8L00000L0400000LL8000000L4000000L4000000000000000000000L8L00000L40000000L4000000L400000L040000000000000L40000000000000004L000000L40000004L0000040L000000000000040L00000000000004L000000L040000000000000L40000000L400000L0400000L4000000L04000000L4000000H8000000H800000X`_m2
20151015170634Ch_2,lfXU14lo100000Hd0D00000L8L0000004L0000040L0000044H000008LL000008LL000008H000000000000004L0000000L4000000L4000004H400000XXWg2
20151015170634Ch_3,`h`W1<do10000008H0000004L0000044H0000040L000008LL0000044H0000040L000004L00000040L00000<D00000040L00000PV_e2
20151015170634Ch_4,TlhT2P2Pn100000XNdN\TN\2Tk1dMlTN\2Tk1dMlTN\2Tk1dMlTN\2Pk1h1D0000008H000004lL\UNd0dj1\O\UNd0dj1\O\UNd0dj1\O\UNd0dj1TOTWN\Olh1d0TWN\Olh1d0TWN\Olh1d0TWN\Olh1<dWNXO`h1h0`WNXO`h1h0`WNXO`h1h0`WNXOdh1<lWNXOXh1h0hWNXOXh1h0hWNXOXh1h0hWNXOhh1Ll300000PUoh1
20151015170634Ch_5,TQYc04lo10000004L00000L400000004L00000000000000000000004L000000000000040L0000004L0000004L0000008H000008LL0000044H0000008H0000004L0000044`QNlNdm1T1\RNlNdm1T1\RNlNdm1T1\RNlNhm1h1L000000000000008H0000008H00000L8L000000`MXSNL0L8h0\l1@\SNL0L8h0\l1@\SNL0L8h0\l1@\SNL0L8h0hn1H000000`0HH0000040L0000004L000004d0hQNPOPl1P1PTNPOPl1P1PTNPOPl1P1PTNPOTl1T1dSNlN\l1T1dSNlN\l1T1dSNlN\l1T1dSNlN`l1X1TSNlNll1T1TSNlNll1T1TSNlNll1T1TSNlNll10hRN`1Xm1`NhRN`1Xm1`NhRN`1Xm1`NhRN`1Tn1LL000004L0000008D4000008@800000`inS3
20151015170634Ch_6,dXi`38ho100000\N0TSN4ll1LTSN4ll1LTSN4ll1LTSN4ll10PSN4ll1LTSN4ll1LTSN4ll1LTSN4ll10hRN8Xm1HhRN8Xm1HhRN8Xm1HhRN8Xm10TRN<lm1DTRN<lm1DTRN<lm1DTRN<lm1h0400000TOl0000000L\OPSNPN00Xm1P2hRNPN00Xm1P2hRNPN00Xm1P2hRNPN00Xm1l1d000000LL800000D8400000D@l000000L@d000000Pkn;
20151015170634Ch_7,hVi?h0<Llm14TRNLlm14TRNLlm14TRNLhm1l1\O00000L`0D00000Dh0D00000L<H000000lLhTN\O0X1Tk1\OlTN\O0X1Tk1\OlTN\O0X1Tk1\OlTN\O0X1Xk1TO\VN<di1D\VN<di1D\VN<di1D\VN<hi1D`VNDli1<TVNDli1<TVNDli1<TVNDPj1<h20000008H00000d0\O000000Pi^]3
20151015170634Ch_8,\Yii0`0`o10000004L00000000000000000000000000000L4000000L0400000D<000000L40000000L4000004L0000004L000000<D00000040L0000004L000004L00000040L00000000000004L000000Xf^Q3
20151015170634Ch_9,d[Q[1<do1000000000000000000000000000004L000000000000004L00000004L0000008H0000004L0000040L0000004L000008LL0000040L000004L00000040L0000004L0000040L0000040L000008H000000000000004L000000hb^_2
20151015170634Ch_10,l_am1\1P1hN`l1X1`SNhN`l1X1`SNhN`l1X1`SNhN\l1d1hRNXOPm1h0PSNXOPm1h0PSNXOPm1h0PSNXOll1X2H00000LhMlSNP1Pl1POPTNP1Pl1POPTNP1Pl1POPTNP1\k1\OTUN<lj1DTUN<lj1DTUN<lj1DTUN<hj1HlUNhNPk1X1PUNhNPk1X1PUNhNPk1X1PUNhNlj1T1T200000H0800000L4000000L4000000DDh000000LL800000L04000000L4000004\O`000000\bfn1
20151026171014Mh_1,l`Xh2`0`o100000XOH`QNh0Xn1XOhQNh0Xn1XOhQNh0Xn1XOhQNh0Tn1d0000000000000004\O`0000004H4000008D4000004H400000\_gU1
20151026171014Mh_2,dg`^1`0`o10000004L0000040L0000004L000004L00000004L0000004L0000040L0000040L000004L00000040L0000040L0000040L0000040L000004L0000000L400000TW_]2
20151026171014Mh_3,hh`S1h0Xo100000H<L00000H4400000LH<00000LH<000000H800000LL800000L04000000H800000XXWj2
20151026171014Mh_4,dhho2<do1000000000000040L0000004L000004L00000004L0000040L00000<LH0000040L0000004L0000040L0000008H0000040L0000040L0000044H0000040L0000044H0000040L0000080H00000<0D0000040L00000`0@00000040L0000040L000008LL00000lSoi0
20151026171014Mh_5,lWQf0<h04dm1L\RN4dm1L\RN4dm1L\RN4`m14TRNT1HlN8D`k1<`TNT1HlN8D`k1<`TNT1HlN8D`k1<`TNT1HlN8DTk1h0hTN\2Tk1dMlTN\2Tk1dMlTN\2Tk1dMlTN\2Pk1\1000000\O\KhUNh4Xj1XKhUNh4Xj1XKhUNh4Xj1XKhUNh4Tj1d00000000H800000000000000L4000000XO`UNlKdj1T4\UNlKdj1T4\UNlKdj1T4\UNlKhj1l3h000000P1PO000000`0\O4000008@8000004H4000004D8000000D<000004H4000000L4000004H4000004H400000PgfT3
20151026171014Mh_6,T^iR18ho10000004L0000004L000000000000000000000000000004L0000000000000000000000L8L0000000000000L4000000L0400000L40000000L400000L4000000H4400000D8400000H4400000H4400000L4000000H8000000H\OhRNlN\m1T1dRNlN\m1T1dRNlN\m1T1dRNlNXm1P1P100000LL800000LL800000L0400000LL800000L04000000L400000ldfe2
20151026171014Mh_7,X`Qi1l0To100000D`0L00000@<400000PO`NTSNd1Tm1\NlRNd1Tm1\NlRNd1Tm1\NlRNd1ll1`0<00000LH<00000hNXNPTNd1\l1\NdSNd1\l1\NdSNd1\l1\NdSNd1Xl1d0`0000000\Od0000004D8000004D8000000L400000LL8000000H800000L0400000L0400000L0400000L40000000L400000L0400000L04000000L400000L0400000\Od000000000000000`0@0000004H40000000000000000000000L4000000L4000000L400000Tdnn1
20151026171014Mh_8,hcad2<do100000POLPRN8Pn1HPRN8Pn1HPRN8Pn1HPRN8lm1LPRN<lm1DTRN<lm1DTRN<lm1DTRN<lm1LhQN4\n1LdQN4\n1LdQN4\n1LdQN4dn1`0000000000000000L40000000000000L0400000L4000000L04000000L400000L4000000L40000000L400000L400000000000000L4000000L0400000L4000000L04000000L400000L04000000L400000L0400000L4000000L04000000L400000XOh0000000H4400000L0400000L0400000L0400000L0400000L0400000H4400000L4000000H8000000L0400000L04000000H800000LL8000000L4000000D<000004XNPRNP1Xn1POhQNP1Xn1POhQNP1Xn1POhQNP1Xn14800000\O<800000L0400000LXO\RN\Odm1d0\RN\Odm1d0\RN\Odm1d0\RN\O`m1d0P1000000D<000000H800000\b^n0
20151117212434Ch_1,``Pi2<do100000Ld0@00000L8L00000L4000000L8L00000L8L00000L8L0000004L0000000000000L04000000H8000000L4000000L4000000L4000000L40000000000000L400000004L00000000000000000000004L00000000000000L4000004H4000000L4000000L4000000000000000000000000000000000000004L00000000000000L4000004L000000000000000000000040L0000004L0000040L00000000000004L0000004H4000004L0000004L0000004H400000\_gk0
20151117212434Ch_2,Xl`a2T1ln100000L<H000000`0@0000008H0000080dRNTNTl1l1lSNTNTl1l1lSNTNTl1l1lSNTNhl1`1hRNhNXm1X1hRNhNXm1X1hRNhNXm1X1hRNhN`m1d14000008D400000<D000000<@400000<D0000004H400000XQ_[1
20151117212434Ch_3,hWQh2<do100000L8L00000L4000000L0400000L0400000L4000000L0400000L0400000L0400000L0400000H0800000L04000000L400000H4400000L0400000H4400000H4400000L0400000LL800000H4400000L0400000L0400000LL800000L0400000L0400000L0400000H4400000L0400000H4400000L0400000H4400000H4400000H4400000H0800000\O`0400000LL800000L4000000D8400000H0800000H4400000L0400000L40000000H8000004H4000000L4000000H8000000H800000L0400000LL8000000L400000L0400000L40000000L4000000H8000000L400000@DdQNLdn14\QNLdn14\QNLdn14\QNLToPj0
20151117212434Ch_4,d^iP1<do100000Hd0D00000L4000000L4000000L04000000L400000L0400000H8000000H4400000HL<00000HL<00000XO<<00000@<400000LL8000000H8000000\Od0000004@<00000\dnj2
20151117212434Ch_5,l`ih18ho100000L4000000000000000000000000000000L4000000000000000000000000000000L4000000L4000000L400000000000000L400000000000000H8000000H4400000TOTO\RNP1hm1POXRNP1hm1POXRNP1hm1POXRNP1dm1`08000000L400000H0800000D0<00000HL<00000H0800000HL<000004XOd000000dbfP2
20151117212434Ch_6,dcaX28ho100000H8000000L4000000000000000L4000000000000000000000L40000000000000000000000000000000000000000000000000000000L400000000000000H800000L40000000000000000000000P]^b1
20151207173614Mh_1,XiXR2`0`o1000000<D0000004L000004<@0000044H000004h0TO00000`04lQNXNhl1h1XSNXNhl1h1XSNXNhl1h1XSNXNll1h2D00000<8\O0000044H00000P1XOH000004dMhSNT1lk1lNTTNT1lk1lNTTNT1lk1lNTTNT1lm1DL00000`0DL00000<LH000008LL000008H0000008D400000`PWi1
20151207173614Mh_2,XVYU18ho100000000000004L00000004L000000000000004L00000L400000000000000000000000L40000000000000L0400000000000000000000000000000L4000000L0400000XOh0000000L0400000LL8000004TOh000000Pk^e2
20151207173614Mh_3,dWYi08ho100000L8L00000L040000000000000L04000000L400000L0400000L4000000L0400000H4400000H4400000H4400000L0400000H08000000H8000004D800000TjfR3
20151207173614Mh_4,PZac0`0`o100000H8000000XO@lQN`0Xn1@hQN`0Xn1@hQN`0Xn1@hQN`0Tn1h0000000L0400000LL800000L\Oh000000L0400000L0400000H4400000LL800000L0400000L04000000L400000L04000000L4000000L400000000000000H800000`hfW3
20151214171854Bh_1,`]`h0`0`o10000004L0000004L0000048D0000004L0000004L0000040L0000004L0000004L0000040L000004L00000004L000004L00000004L000004L00000040L0000000000000000000004L000000L40000004L00000004L000004L0000004L000000000000004L00000004L00000000000000<D000004L00000004L00000000000004L00000004L000004L0000004L000000000000004L000000000000004L0000000000000004L000004L0000008LL000004L00000004L000004L0000004L000000000000004L0000000000000040L0000044H0000040L0000044H0000004L0000040L000004L0000004L00000040L000004L000000000000004L00000040L00000000000004H400000P^of2
20151214171854Bh_2,d_hk2<do100000L4000000L4000000L0400000L04000000000000000000000000000000L400000000000000L40000000000000l`WQ1
20151214171854Bh_3,df`Z14lo100000L8L0000004L000000000000040L000000000000004L0000040L0000040L000000000000040L000004L0000008D400000dXWb2
20151214171854Bh_4,Pi`[1<do100000L400000004L000000000000040L0000004L0000040L0000040L0000044H0000044H0000044H000008LL000008LL0000040L0000080H0000044H0000080H00000<HL0000040L000008H0000004L0000004L000000TTo^2
20151214171854Bh_5,`Pif18ho100000H<L000000L400000L4000000L04000000L400000H4400000H4400000L4000000H4400000L0400000L0400000L0400000LH<00000TODlQN`0Xn1@hQN`0Xn1@hQN`0Xn1@hQN`0Pn1d08000000L4000000L4000004D8000000L4000004L0000000L4000000L4000000H800000XRWS2
20151214171854Bh_6,PVQj2`0`o100000L4000000L0400000L0400000L4000000L04000000L400000L0400000L0400000L40000000H800000L0400000L04000000L400000Xk^R1
20151214171854Bh_7,lZiZ2<do1000000000000004L000004L00000004L0000000000000000000004L0000000000000004L00000000000000000000000000000L4000000000000000L400000L40000000000000000000000000000000L4000000000000000000000L40000000L400000L4000000000000000L40000000000000000000004H400000Xe^]1
20151214171854Bh_8,XaQZ1<do100000L4000000H8000000H440000000000000L0400000LL8000000L400000H4400000L0400000H0800000\OD`QN<dn1D\QN<dn1D\QN<dn1D\QN<\n1d0400000000000004H4000004H4000004XOd000000h`fa2
20151214171854Bh_9,laam1`0`o10000004L00000L40000004L00000004L000004L000000000000004L0000000000000000000000L4000000L8L00000L04000004L0000000L4000004L000000000000000000000000000000L4000000L400000000000000L0400000L40000000L400000L0400000H440000000000000L04000000L4000000L400000000000000L400000L40000000L4000000L400000L0400000L0400000L4000000L04000000L400000L40000000H800000h_fg1
20151227133734Ch_1,d^`h1`0`o100000L<H00000Dh0D00000H8000000LL8000000\OlQNPO`n1P1`QNPO`n1P1`QNPO`n1P1`QNPO`n10X100000XbgU2
20151227133734Ch_2,hghU34lo10000004L0000004hPN8Pn1HPRN8Pn1HPRN8Pn1HPRN8Tn1d1TO0000040L000008lMTRNd1lm1\NTRNd1lm1\NTRNd1lm1\NTRNd1Xo1lN000000\V_h0
20151227133734Ch_3,Ti`X28ho10000004L000000000000004L00000000000000000000000000000000000000000000000000000000000000000000004L000004L000000000000004L00000004L000000000000040L000000000000040L0000004L0000040L0000040XQN@hm1`0XRN@hm1`0XRN@hm1`0XRN@lm1`0lQNLlm14TRNLlm14TRNLlm14TRNLlm1X1L000004L0000004L0000004L0000004<@0000040L000004L0000004H4000004H4000004L0000008H00000040L0000040L000008LdTNHhf18XYNHhf18XYNHhf18XYNHlf18PYNHPg18PYNHPg18PYNHPg18PYNHTg18`XNl0df1TO\YNl0df1TO\YNl0df1TO\YNl0hf1TOdXN`1Xg1`NhXN`1Xg1`NhXN`1Xg1`NhXN`1\g1hNXWN\2dh1dM\WN\2dh1dM\WN\2dh1dM\WN\2hh1XNXVNT2di1lM\VNT2di1lM\VNT2di1lM\VNT2li1l0lUNPLXj1P4hUNPLXj1P4hUNPLXj1P4hUNPL`j1T2XVNlMdj1T2\UNlMdj1T2\UNlMdj1T2\UNlMPk1\1P200000`0`NP100000TR_[1
20151227133734Ch_4,djhU24lo100000@P1@00000L8L000004\O`QN@`n1`0`QN@`n1`0`QN@`n1`0`QN@\n18l000000H8000000L4000000LL8000000L4000000L4000000H800000`V_g1
20151227133734Ch_5,XmPe14lo10000004L000000000000004L000004L00000004L0000004L000004L00000004L00000000000000000000004L00000L8L00000D`0L00000LlNPRNh0hm1XOXRNh0hm1XOXRNh0hm1XOXRNh0hn1H000000<D0000004L000000dQ_V2
20151227133734Ch_6,PYa`04lo100000@h0H00000L4000000PNP2000000L04000000L400000L0400000L4000000L0400000LL800000L0400000HlN\100000H4400000H4400000L040000000000000L4000000L@\RNlNdm1T1\RNlNdm1T1\RNlNdm1T1\RNlN`m1P1l000000L4000000dNhNPTNh0TOPOTm18hSNh0TOPOTm18hSNh0TOPOTm18hSNh0TOPOTm1P1TSNHXm18hRNHXm18hRNHXm18hRNH\m18`RNH`m18`RNH`m18`RNH`m18`RNH`m1\1000000XOh00000000L4000000TNXSN`0hl1@XSN`0hl1@XSN`0hl1@XSN`0hl1XO\TNLdk14\TNLdk14\TNLdk14\TNL\k18hTND\k1<dTND\k1<dTND\k1<dTNDTk1`0PUN\OTk1d0lTN\OTk1d0lTN\OTk1d0lTN\OPk1`0\UNXOhj1h0XUNXOhj1h0XUNXOhj1h0XUNXO`j1l0\2000000L4000000H800000L400000000000000000000004L0000000000000040L000004L000000000000004L0000000L400000L4000000L40000000000000000000000000000000000000040L0000004L0000004L0000044H0000040L0000040L000008D400000hmVQ3
20151227133734Ch_7,hYik18ho100000POT1L00000H4400000H4400000H08000000lNXRNDTn1<lQNDTn1<lQNDTn1<lQNDTn14P100000LL800000ThVR2
20151227133734Ch_8,dYYR28ho10000008H00000L`0D0000044H0000008H00000d0@L00000<LH000008LL000008H000000ld^k1
20151227133734Ch_9,dbQc2<do100000L8L0000044H0000040L000004L00000004L000004H400000L4000000L400000000000000000000000000000040L000004L00000000000000000000000L400000L400000000000000L040000000000000L04000000000000000000000L4000000L40000000L400000000000000L400000L40000000L4000000000000000000000L4000000L0400000L4000000L04000000L400000L040000000000000L40000000L40000000000000L0400000000000000L400000L0400000000000000L40000000000000L400000000000000L40000000L400000L4000000L0400000L040000000000000L040000000000000000000000L4000000L400000L4000000L040000000000000000000000L4000000L400000h_fk0
20160116133734Ch_1,dZPi1X1hn100000L04000000H800000L04000000L400000000000000000000000000000000000000000000000000000000000000000000000000000000000000L4000004L000000000000004L0000000L4000000L400000\egQ2
20160116133734Ch_2,d[hn14lo100000L8L000000000000000000000L4000000000000000`0@000004L0000004L0000000000000000000000L4000000L<H00000L8L000000<D0000040L0000004L000004H4000000L4000000L4000000L4000000L400000000000000000000004L000000000000040L000000000000004L00000000000000000000000000000000000000000000040L0000008H0000004L0000000000000000000000L40000000000000L40000000000000000000000000000004L0000000L4000004L00000004L000004L00000004L0000008H0000044H0000004L0000004L00000L8L000000000000040L000004L000000000000004L000000000000004L0000004L0000004L0000004L00000040L000004L00000004L0000008H0000040L0000000000000000000004D8000004L0000004H4000000000000004L0000004L000004L00000040L0000004L0000004L000000000000040L0000004L000000000000040L0000004L000004L00000004L000004L0000000L4000004H4000004L0000000L40000000000000000000000000000004L0000040L0000004L0000004L000000L400000000000000L4000004L00000000000000000000004L000000000000004L0000000000000004L000004L00000004L000000000000040L000000000000040L000004L0000004L0000000000000040L000000000000004L0000040L00000L<H000000000000004L0000004L0000004L0000040L000000L400000L04000000D<000000L40000000000000000000000L400000000000000L4000000L4000000L4000004L00000000000000P`gl0
20160116133734Ch_3,T^XZ1<do100000L<H0000004L00000000000004L0000000L4000000000000004L0000040L0000040L0000044H000000<D000008<\O000008H0000008H0000004L0000004L0000008LL0000040L000008H000000l_g`2
20160116133734Ch_4,\eP[2<do100000L`0D00000L`0D000000<D00000`0LD0000080hQN\Odl1d0\SN\Odl1d0\SN\Odl1d0\SN\OXm1l1@00000<LH0000044H0000080H00000d0@L00000l0PNPRN`0hm1@XRN`0hm1@XRN`0hm1@XRN`0ln1H0000008LL000004L000000hUWa1
20160116133734Ch_5,de``0<do100000H<L0000000000000L04000000L4000000L4000000000000000000000000000004L0000000000000000000000000000000L400000dZo[3
20160116133734Ch_6,\gP\38ho10000004L0000004L0000040L0000040L000000000000040L0000004L000004L0000004L00000040L00000000000000000000000000000000000004H400000hWo?
20160116133734Ch_7,Xhhg14lo100000L`0D000000<D000008XOPQN4ln1LTQN4ln1LTQN4ln1LTQN4\o14L0000044H0000004L0000040L0000044H0000048D0000044H000008H0000004L0000008H000000<@400000`U_T2
20160116133734Ch_8,`hPT1<do100000000000000000000000000000000000000000000000000000L4000000000000000000000000000000L40000000L40000004L000000000000048D000004XOTQN8hn1HXQN8hn1HXQN8hn1HXQN8\o1L000000lV_g2
20160116133734Ch_9,TmPd0`0`o100000L8L00000L04000000L400000H8000000L0400000H4400000H4400000LL8000000H800000L04000004H400000TToX3
20160116133734Ch_10,lZQ]1d0\o100000L0400000L4000000L0400000D8400000D8400000H4400000LL800000LL8000000D<00000L04000000L400000L04000000L400000Pg^_2
20160116133734Ch_11,P_Qf04lo100000\Ol0H00000L8L0000040L000004L00000040L00000<D0000004L00000040L00000000000004L000000000000000000000000000000000000000000000000000000L400000000000000000000000L4000004L00000000000000000000004L0000000L400000``^S3
20160226151654Bh_1,hbPe2`0`o100000L400000000000000L400000000000000POHTRN8Pn1HPRN8Pn1HPRN8Pn1HPRN8Pn1l00000000000000000000000000000004L00000004L00000L8L0000000000000L8L000000L400000000000004L000000000000008H0000008H0000004L000000000000000000000004L0000040L000000000000044H000000<D0000040L0000004L0000040L0000008H000000`0@0000048lRN`MPl1`2PTN`MPl1`2PTN`MPl1`2PTN`MTl1d3@0000040L000004L000000000000008@lSNhLPl1X3PTNhLPl1X3PTNhLPl1X3PTNhLhl1\2`0000008H000000<@400000d0dNh000000dZoo0
20160226151654Bh_2,Pk`o28ho100000L400000000000000L4000000L4000000000000000L400000L40000000000000000000000L4000000L40000000L40000004L0000008H0000004L0000004L00000<HL00000<HL000004L0000004L0000008@800000`Toj0
20160226151654Bh_3,dZaY1`0`o100000L4000000L40000000L400000L0400000L040000000000000L0400000L0400000L04000000L4000000L400000Xf^c2
20160311020654Uh_1,hZhn18ho1000000`0@0000004L0000004L000000000000004L00000L8L00000L`0D00000L8L0000004L0000004L000004L000000H800000000000000L40000004H400000000000004D8000004H40000040L00000D\N\RNh1`m1XN`RNh1`m1XN`RNh1`m1XN`RNh1`m1<00000004L000000000000004L000008H0000004L00000040L0000004L000004L00000004L000004L00000048D000004XN`RNl0\m1TOdRNl0\m1TOdRNl0\m1TOdRNl0`m1POhRNh0Xm1XOhRNh0Xm1XOhRNh0Xm1XOhRNh0\m1POhRNT1Tm1lNlRNT1Tm1lNlRNT1Tm1lNlRNT1Tn14H0000008H00000<LH0000040L000004`NhQNT1Tn1lNlQNT1Tn1lNlQNT1Tn1lNlQNT1hn1D4000004L00000040L0000040L0000044H000004L00000004L0000040L0000004L0000040L0000004L0000040L0000084D0000044H0000044H000008LL0000044H00000`0HH0000040L000004L000000L\Oh000000000000000000000040L000004L0000004L000000\__`1
20160311020654Uh_2,`aXT3<do100000L<H00000L40000000L4000004L0000000000000004L0000004L0000004L000000L4000000L4000000L40000000000000000000000000000004L0000004L000004L00000004L00000000000000000000040L0000004L0000040L0000004L0000004L0000040L00000000000004L00000040L000004L00000004L000008LL000008LL000004L0000004L00000040L000004L000000h\Wb0
20160311020654Uh_3,Xb`_1<do10000004L0000004L000004L00000004L000004L0000004L00000004L000004L00000004L00000000000004L00000004L0000040L000000000000004L000004L00000004L000004L00000040L0000004L000004L00000040L0000008H0000040L0000004L000004L00000040L0000004L000004L00000004L0000040L000000\OPQN8Po1HPQN8Po1HPQN8Po1HPQN8`o1L000000X[oW2
20160311020654Uh_4,`dPd2`0`o10000008H0000008H000004`0\O000008LL000008H000000<@400000`ZWZ1
20160311020654Uh_5,PkPo28ho100000H8000000L4000000H0800000@<400000D8400000LL800000L04000000D<000000D<000000H800000hVWn0
20160311020654Uh_6,l[ai08ho100000L400000004L0000000000000L40000000L400000L4000000L0400000L400000000000000H<L00000L4000000L4000000L4000000H80000000L400000LH<00000L0400000LH<000000L400000000000004L0000008D400000defP3
20160311020654Uh_7,hbil14lo100000L8L00000L40000000000000000000000H800000000000000L40000004L0000004L0000000000000040L0000004L00000L8L00000000000000000000000000000L8L0000000000000000000004L0000008H0000004L000000000000004H40000000000000000000000000000000000000000000000000000000000000000000000000000004L00000L400000000000000000000000L4000000L4000004H400000T]nh1
20160312020554Uh_1,\_Pe28ho100000H8000000L8L0000000000000L4000000L8L00000000000004LXQNXOXn1h0hQNXOXn1h0hQNXOXn1h0hQNXOXn1d0PRN\Olm1d0TRN\Olm1d0TRN\Olm1d0TRN\OPn1`0PRNDlm1<TRNDlm1<TRNDlm1<TRNDPn1<PRNDlm1<TRNDlm1<TRNDlm1<TRNDPn1X1L000004L00000040L000004L000000<D0000004L0000004L0000004L00000040L000008LL000004H400000T__U1
20160312020554Uh_2,XaPi1`0`o100000000000000000000040L0000004L000004L00000040L0000004L0000040L000004L00000040L000004L00000004L0000004L0000040L000004L00000040L00000000000004L0000004L00000004L0000040L000000000000004L000004L00000004L000004L00000000000000000000004H400000h\_o1
20160312020554Uh_3,`lPY3`0`o100000\Oh0L00000@<400000L0400000POh0800000LXOlRNdN\m1\1dRNdN\m1\1dRNdN\m1\1dRNdNXm1T1P100000HDd0000000D<000000L4000004H400000000000000000000000000000TV_c0
20160312020554Uh_4,\[iQ14lo100000L400000000000000L40000000000000000000000000000000000000004L000000000000000000000000000000000000004L00000000000004L000000000000004L00000000000000dd^i2
20160312020554Uh_5,dbQU28ho100000L8L0000000000000L8L0000000000000L8L0000004L0000004L000000000000004L00000000000004L000000<D0000004H4000000000000004L00000\O\OdQNl0\n1TOdQNl0\n1TOdQNl0\n1TOdQNl0Xn1`0000000L40000000L4000004L000000d0\O0000000000000000000000000000000L400000000000000000000004L0000004L00000000000004L0000004H4000004L0000004H400000h\Vb1
20160327133714Th_1,XYaf18ho100000L40000000L400000H4400000H4400000L040000000000000L4000000L0400000L0400000L0400000L40000000L400000L4000000L0400000L0400000L04000000L400000H8000000L04000000L400000L4000000L04000000L400000L4000000L040000000000000H4400000L0400000000000000L400000L4000000@<400000000000000L40000000000000L0400000L4000000L40000004L0000000L400000000000000H8000000L4000000L40000000000000L0400000000000000L400000L04000000L4000000L400000Pk^l1
20160327133714Th_2,dVQ\28ho100000D`0L000000L400000L40000004H40000004L000004L00000040L0000004L000004L00000004`RNLlj14TUNLlj14TUNLlj14TUNLPk14hTN0Xk10hTN0Xk10hTN0Xk10hTN0Xk14dTNH`k18`TNH`k18`TNH`k18`TNHdk1<PTN@Xl1`0hSN@Xl1`0hSN@Xl1`0hSN@Xl1P24000000L4000004H4000004L000000d0XO400000h0TO400000`gn^1
20160327133714Th_3,\[QX28ho10000000000000L4000000L400000000000000L40000000L400000L40000000L400000L40000000L400000L40000000L400000L400000000000000L40000000L400000L4000000L040000000000000L04000000L4000000L40000000000000L0400000Tffa1
20160327133714Th_4,P\QV14lo100000H8000000L40000000000000000000000L4000000L400000004L00000L40000004L000000000000004L000000000000000000000004L00000000000004L0000000L4000004L0000000000000004L00000000000000L40000000000000L40000000L4000000000000000000000L40000000L400000000000000L400000L40000000L4000004L000000`dVa2
20160327133714Th_5,h]aQ1<do100000L40000000000000000000000L4000000000000000L4000000000000000000000H8000000H4400000000000000L400000000000008@800000hbfj2
20160327133734Ch_1,hahn18ho100000L400000000000000L0400000L400000000000000L0400000000000000L40000000000000000000004L00000000000000L400000004L00000000000004L0000004L000000\O4TQNLln14TQNLln14TQNLln14TQNLdn1l000000004L0000040L00000000000004L000000d0\O000000`^oj1
20160327133734Ch_2,hYQe18ho100000H8000000L0400000L04000000L400000L0400000L400000000000000L4000000H4400000LL800000L040000000000000L0400000L0400000L040000000000000L0400000L4000000L0400000L04000000L400000L0400000L4000000L0400000L0400000L40000000L400000L040000000000000L0400000L4000000H4400000H4400000L0400000L4000000H8000000L0400000000000000L400000000000000L400000L4000000L40000004L0000000L400000000000000L4000000H8000000L400000000000000L400000L40000000L40000000000000L04000000L400000L04000004H400000PkVl1
20160327133734Ch_3,PWa[28ho100000D<000000L0400000L4000000L04000004H40000004L000000000000040L000004L00000004L000004L00000040L0000004L000000<D000004X1dN00000000000004H4000000L4000004H400000hh^_1
20160327133734Ch_4,`[iW28ho100000L4000000L400000000000000L040000000000000L040000000000000L40000000L400000L40000000L400000L400000000000000L040000000000000L40000000L400000L4000000L0400000L0400000000000000L400000000000000L4000008D400000hefa1
20160327133734Ch_5,P\aU14lo100000L4000000L4000000L4000000L4000000L040000004L00000L40000000000000000000000L40000004L0000004L000000000000000000000040L0000000000000000000004L000000000000000000000000000000000000000000000000000000L040000000000000000000000000000000000000L0400000000000000L40000000000000L0400000000000004H400000ddVa2
20160327133734Ch_6,l]aP14lo100000L8L0000000000000L4000000L400000000000000L40000000000000000000000000000000L40000000000000L0400000L4000000L0400000000000004L0000000L4000004D800000hbfj2
20160327133734Ch_7,hcQS24lo100000L8L0000000000000000000000L400000L4000000L4000000000000000L400000L4000000L0400000L4000000L040000000000000L40000000H800000L04000000L400000000000000L4000004L000000X]fg1
20160405014154Uh_1,`]PY1d0\o100000TOP1L00000L4000000000000000L4000000L4000004D8000008D4000000000000004L00000L8L00000L8L000004L000000000000004H4000004L0000004H40000040L000004L00000004L0000040L0000040L0000004L000004L0000004H4000004L000000Pb_`2
20160405014154Uh_2,l^`_1<do100000@d0L00000H<L0000040L00000d0HD0000088@000008LL000008H000000d0@L000004L000000000000004L0000000L400000`_W]2
20160405014154Uh_3,Pehk1d0\o1000000`0@000004<@00000<LH00000<HL00000<LH0000080H0000080H0000080H00000d0\O000000\XgQ2
20160405014154Uh_4,\oX[3`0`o100000H<L0000004L000000L4000000L4000000L400000L40000000L400000L4000000@`0000000L40000000L4000004L0000000L4000000H8000000L4000000L400000dQ_`0
20160405014154Uh_5,TYYa1<do100000L8L000000L400000LL800000LL800000L0400000L0400000\O`040000000000000000000000L400000L0400000000000000000000000000000L0400000L04000000L400000L4000000000000000L400000000000000L40000000000000dhfX2
20160405014154Uh_6,\_aj0d0\o10000000000000L4000000H8000000L40000004L0000004L000000000000000L40000000000000H4400000L4000000L4000000LL800000LH<000000L400000L4000000L040000000000000@<400000H8000000L4000000L\OlQN@Xn1`0hQN@Xn1`0hQN@Xn1`0hQN@Tn1d0d000000L04000000L400000L0400000L40000000L400000L40000000L400000L400000000000000L04000000L4000004H400000000000000L4000004L0000004H400000\c^k2
20160505025554Uh_1,l```1d0\o100000D8400000L0400000D8400000D8400000HL<000000@`000000d`g]2
20160505025554Uh_2,Ta`T14lo10000008H0000000000000L8L0000004L0000000000000000000000L4000004L0000000000000004L000004L000000000000004L00000004L000000000000040L0000000000000`^of2
20160505025554Uh_3,hbP\1<do1000000000000004L00000L40000000L40000000000000L4000000000000000000000004L00000L4000000L400000000000000L4000000000000000L4000000D<000000H800000l]__2
20160505025554Uh_4,\oPd0<do10000004L0000004L00000000000004L00000000000000000000000000000000000000000000000000000000000000L4000000L4000000L04000000L400000L0400000H4400000LL800000L04000000H800000LL800000L0400000H8000000L4000000L4000000LH<00000H0800000H4400000H44000000L40000000000000<@400000hRgS3
20160505025554Uh_5,ll`X3`0`o10000004L0000040L0000040L0000004L0000040L00000000000004L00000004L000004L00000040L000004L000000000000004L00000004L00000000000004L0000000000000004L000004L0000000L400000lQWb0
20160513133714Th_1,P``l24lo100000H<L0000000000000L8L00000L400000004L0000040L0000004L000004L0000008H0000004L00000040L0000004L0000004L0000040L000008H0000008D400000T_Wo0
20160513133714Th_2,T`Xo08ho10000004L000000000000004L0000004L000004L00000040L0000004L000004L00000044H0000004L0000008H0000048D000004L00000040L000004L0000004H4000004L0000004L0000000000000000000000000000004L000000000000000000000004L0000004L000000000000040L000000000000040L0000004L000000000000040L000004L00000040L000000000000040L000004L00000004L000004L000000000000004L000000X]oe2
20160513133714Th_3,lbXP1h0Xo100000L8L00000H<L00000L4000000L8L000004dNXRN<dm1D\RN<dm1D\RN<dm1D\RN<hn10L000004L0000004L00000040L000004L00000000000000P\gl2
20160513133714Th_4,\bXR38ho100000L`0D0000004L0000004L000004L00000040L000004L00000040L0000040L000000000000000000000000000008@800000l\_j0
20160513133714Th_5,hj`S3`0`o100000hN4XRN4dm1L\RN4dm1L\RN4dm1L\RN4dm1P14000000L4000000H800000`0\O4000004H4000000L400000000000000L4000000L400000lUgi0
20160602010754Uh_1,X_`i0<do100000L8L00000L40000000000000004L0000004L0000004L00000L400000004L000000L4000000L400000000000000000000040L000004L000000000000000L400000000000004L000000000000004L0000000L400000L40000004L0000000000000004L00000000000004L0000000000000004L00000000000000L400000``_n2
20160602010754Uh_2,hdPS1<do100000L8L0000004L00000000000000000000000000000000000004L00000000000000000000000L4000004L000000T[oi2
20160602010754Uh_3,X^Qo1`0`o10000004L0000004L0000040L000004L0000004L00000004L000004L00000000000000000000004L000000000000000L400000000000000L400000TaVm1
20160713133714Th_1,lfXW18ho10000004L000000000000004L000000000000004L0000040L0000004L0000048lPNDlm1<TRNDlm1<TRNDlm1<TRNDPn1\1H0000044H00000<0D00000h0DD00000`0@0000008H0000004L0000008H0000004L000000XVWd2
20160713133714Th_2,Xn`o0<do100000lNd1@00000TOX1D00000L<H00000L8L00000LXMPVNLli14TVNLli14TVNLli14TVNLhi1LlVN0Pi10PWN0Pi10PWN0Pi10PWN0lh1HdWN8Xh1HhWN8Xh1HhWN8Xh1HhWN8Th1D\XN8`g1H`XN8`g1H`XN8`g1H`XN8`g1D`400000`Tom2
20160713133714Th_3,PRYh14lo100000L4000000L400000004L000000000000004L0000040L0000040L0000040PSN@Xj1`0hUN@Xj1`0hUN@Xj1`0hUN@Xj1d0XUN<Tj1DlUN<Tj1DlUN<Tj1DlUN<Xj1D\UNh0`j1XO`UNh0`j1XO`UNh0`j1XO`UNh0dj1XO\TN@Ld1`k1lNdTN@Ld1`k1lNdTN@Ld1`k1lNdTN@Ld1dk1T2L000004`NdTNXNXk1h1hTNXNXk1h1hTNXNXk1h1hTNXN\k1`1XUNPNhj1P2XUNPNhj1P2XUNPNhj1P2XUNPNPk1d1h1000008D4000004H400000h0TO400000lknR2
20160713133714Th_4,\WQm1h1Xn100000Hd0D00000L8L0000004PSNdMTl1\2lSNdMTl1\2lSNdMTl1\2lSNdMTl1`2dSNlMTl1T2lSNlMTl1T2lSNlMTl1T2lSNlMTl1H\UNX1`j1hN`UNX1`j1hN`UNX1`j1hN`UNX1Pm1LH00000`0@00000040L000008H0000008H0000004H400000Xeno1
20160713133714Th_5,dXaW3<do100000H4400000D8400000H4400000H4400000H0800000L0400000L04000000H8000008\O<00000hhne0
20160820233134Lh_1,`cXk0<do10000004L0000008H0000040L000000000000040L000000<D0000044H0000080H000008LL000008LL000008H0000008LL000004L0000004L000000dZoP3
20160820233134Lh_2,\gX[1<do100000L8L0000004L00000L400000000000000LL800000LL800000000000000L4000004H400000PYWb2
20160820233134Lh_3,\h`Q38ho100000L8L0000000000000000000000000000040L000000000000000000000000000000000000004L000004L000000000000004L000000000000004L000000XW_j0
20160820233134Lh_4,XQaS28ho100000L4000000L0400000dN`0TRNDlm1<TRNDlm1<TRNDlm1<TRNDdm1d1L00000L4000000L@d000000LL800000LlNPRN4\n1LdQN4\n1LdQN4\n1LdQN4\n1HlQNH`n18`QNH`n18`QNH`n18`QNHdn10h000000PQgi1
20160828133734Ch_1,l`Pn1`0`o10000000000000H8000000H8000000L400000000000000LL8000000L400000L04000000L4000000L40000000000000L0400000000000000L4000000000000000000000L40000000L4000000000000000000000000000000000000000000000000000004H400000T`_k1
20160828133734Ch_2,`b`S3<do100000L40000000000000000000000L0400000000000000000000000000000000000000000000040L0000004L0000040L0000004L0000040L0000040L00000000000004L00000004L000004L00000040L0000004L0000044H0000040L0000040L000008H000000000000004L0000004L0000004L00000004L000004L000000h[_d0
20160828133734Ch_3,Pd`k1<do100000L<H0000040L00000000000008LL000004L00000004L000004L00000004L0000004L0000040L0000040L0000040L0000040L0000004L000008LL0000040L0000040L0000040L00000000000004H400000XZWo1
20160828133734Ch_4,PhXT28ho10000004L0000004L0000004L0000000000000L4000000L4000000L0400000000000000L400000000000000L40000000000000L40000000000000000000000000000000000000000000000000000004L00000004L000000000000004L000004L00000004L00000000000004L000000000000000000000004L000004L000000000000000000000040L0000004L0000004L000000H8000000L40000000000000000000004L00000004L0000040L000004L00000040L0000040L000004L000000000000000000000004L000000000000000000000000000000000000004L0000000000000000000000000000004L000004L000000000000000000000040L000000000000040L0000004L000004L00000004L00000000000004L00000004L000004L00000040L0000004L000000000000040L00000000000004L00000040L0000004L0000040L000004L000000000000004L00000004L00000000000004L000000000000008H000000TUWU1
20160828133734Ch_5,\kPT28ho10000000000000L8L000000<D000000H8000000L400000L400000040L0000040L0000040L000004LTRN8`k1H`TN8`k1H`TN8`k1H`TN8`k1LXTNd0\k1\OdTNd0\k1\OdTNd0\k1\OdTNd0`k1@dSNl1dk1TN\TNl1dk1TN\TNl1dk1TN\TNl1dk1X10000004H4000004D800000d0TNXSNPOPm1P1PSNPOPm1P1PSNPOPm1P1PSNPOXm18`100000TS_g1
20160828133734Ch_6,dn`a18ho100000XN<lRNLTm14lRNLTm14lRNLTm14lRNLPm1d10000000L4000004D800000h0PO800000\Ro\2
20160828133734Ch_7,l]iR28ho100000L4000000L0400000L0400000L4000000H44000000L400000L0400000L0400000H4400000L0400000H44000000H800000LL800000lcfi1
20160828133734Ch_8,TbYd1d0\o100000Hd0D000000<D0000004L000004L0000004L0000004H4000004L0000004H400000000000000L4000000L4000000L400000`]^X2
20160930165914Mh_1,`b`m04lo10000004L0000004L0000004L0000040L0000004L0000040L0000040L0000004L0000040L0000040L000004L00000040L0000004L0000040L0000048D000004L0000004L00000040L0000040L0000004L0000048D0000044H0000008H0000004L0000040L00000000000000L400000000000004L0000004L00000040L000004d0XO000004L0000000L4000004H4000000L40000040L000004L000000000000004L00000040L0000004L0000048XQNhNPn1X1PRNhNPn1X1PRNhNPn1X1PRNhNTn1d1L0000040L00000000000004H4000004L000000000000004L000000000000004L0000004L0000004L0000004L0000004L00000004L0000044H0000040L0000044H0000004L0000040L0000004L0000044H0000040L000004L000000000000004D8000000L4000004L00000040L000004L00000004L0000040L000000000000040L0000000000000000000004L00000004L000004L00000004L0000004L000004L00000000000000000000000L40000000000000000000000000000000000000000000004L00000000000000hVgZ2
20160930165914Mh_2,loXQ34d04\n1LdQN4\n1LdQN4\n1LdQN4Xn1P1L000000000000000000000L0400000LH<00000L04000000L4000004H400000`P_l0
20160930165914Mh_3,`hYQ28ho100000L8L0000000000000000000000000000004L0000004L000004L00000004L00000000000004L00000004L0000004L000004L00000004L000004L000000000000000000000000000000L40000000000000000000000000000000000000004L0000000000000000000004L00000000000000L400000000000000L040000000000000L400000000000000L4000000L40000000000000000000000L400000000000000L40000000L400000000000000L400000000000000L4000000000000000000000L040000000000000000000000L4000004H40000000000000000000000L40000000000000000000000L40000000000000000000000L40000000000000000000004H4000004L000000hWn]1
20161015144954Bh_1,T_PZ28ho1000000000000004L00000L400000004L0000000000000000000004L0000000L40000000000000000000000L4000000L400000L400000004L00000L8L0000000000000000000004L000000000000004H400000l`g`1
20161015144954Bh_2,X_`_28ho100000L8L00000000000000000000004L000000000000000000000000000000000000000000000000000004L0000000000000000000000000000004L0000004L000000``W\1
20161015144954Bh_3,hg``0d0\o100000L400000000000000\OL`QN0`n10`QN0`n10`QN0`n10`QN0\n10l000000L0400000H4400000L0400000L0400000L0400000XOh0000000L4000000H4400000L4000000L40000000L400000LL800000000000000H8000000lNPRN0Xn10hQN0Xn10hQN0Xn10hQN0dYaZ3
20161015144954Bh_4,`ePh0<do10000004L0000004L0000040L0000004L000008H00000004L000004L00000040L0000040L0000004L0000040L0000040L0000044H0000040L0000044H0000048D0000044TQNTOTn1l0lQNTOTn1l0lQNTOTn1l0lQNTO\n1P2TO0000044H0000040L0000040L00000d1`NL00000<D000000XVoQ3
20161015144954Bh_5,ThXm2h0Xo100000L4000000H80000000L400000LL800000L04000000L40000000000000000000004L0000000000000040L0000040L0000044H000004L00000004L0000040L0000040L0000044H0000040L000004L0000004H400000TWWm0
20161015144954Bh_6,hjP]1d1\n100000XOh0000000@`0000000H0800000LXOl000000LD`000000LD`000000LL800000LL800000L040000000000000000000000H800000LL8000000L400000000000004L0000000000000004L0000044H0000004L000004L000000000000004L00000040L0000040L0000008H0000040L00000000000000L40000000000000000000000000000004L0000040L0000080H0000048D000000`1`N000004l0PO0000080H00000<D0000008TN`SNH`l18`SNH`l18`SNH`l18`SNHln1\O400000lRWX2
20161019133714Th_1,hch]28ho100000L8L00000L4000000L4000000L04000000L4000000L400000L40000000L4000000000000000000000L4000000000000000000000000000000000000004L000000000000000000000004L000000000000000000000000000000L4000004L000000000000000000000004L00000000000000000000000000000000000004L00000004L0000004L00000L4000000000000000L40000000000000000000000L4000004L00000000000000d\_W1
20161019133714Th_2,TgPg1<do100000L8L00000L\2hM00000L4000000L4000000L4000000L4000000L8L00000H<L0000000000000LPO\TNPN`k1P2`TNPN`k1P2`TNPN`k1P2`TNPN`k1h1TUNhMPk1X2PUNhMPk1X2PUNhMPk1X2PUNhMlj1T2dUN`M`j1`2`UN`M`j1`2`UN`M`j1`2`UN`M`j1X2h100000L04000000TOlRNdN\m1\1dRNdN\m1\1dRNdN\m1\1dRNdN\m1T1l000000L04000000L40000000000000000000000000000000000000L40000000L4000000L400000LD`0000000H8000000L400000hZgQ2
20161019133714Th_3,hfXT2`0`o10000004L0000004L00000L8L00000000000000000000000000000L40000004H4000000000000044H0000040L0000040L000004L000000000000004L0000004L00000004L000004L00000040L0000040L0000040L0000040L00000000000004L00000004L000004L00000004L000004L0000004L000000`WWd1
20161019133714Th_4,h_Qk18ho100000H<L00000L040000000000000L40000000000000000000000L04000000L400000L400000000000000L0400000000000000L400000000000000L4000000L4000000L400000Ta^P2
20161019133714Th_5,X`io04lo100000H<L00000L8L00000L4000000L0400000L4000000L0400000L04000000L400000LL800000LL8000000L4000000L400000Panl2
20161020145454Bh_1,XcXk2`0`o100000L8L00000L40000000L4000000L4000000L400000000000000000000004L00000000000000000000040L0000000000000000000000L4000000000000000000000000000004H400000h\oo0
20161020145454Bh_2,dfPa28ho100000H<L0000004L00000000000004L00000004L0000040L0000004L0000000000000000000000000000000000000000000004L0000004L00000004L0000040L0000040L0000040L0000040L0000040L0000040L0000040L000004L00000044H0000040L0000040L0000040L0000040L0000084D00000h0XO000000`VWW1
20161020145454Bh_3,`hPW3h0Xo100000HP1XO00000L<H0000040L00000P1PO000000hVgg0
20161020145454Bh_4,P\ib18ho10000004L0000000000000000000000000000000000000L40000000000000000000000L040000000000000L4000000L04000000L400000L0400000L4000000L0400000L0400000L0400000L0400000L0400000L0400000L0400000L0400000LL8000000L4000000L400000le^V2
20161020145454Bh_5,`[iV38ho10000008H0000008H0000044H000008LL000004L00000040L0000040L0000040L0000000000000000000000L400000H0800000L40000000000000000000000000000004L0000000L40000000000000000000000L400000lcfc0
20161104133714Th_1,\``f1<do10000004L0000004L0000040L0000040L0000044H0000044H0000040TQNDlm1<TRNDlm1<TRNDlm1<TRNDTn1`1@0000048\RNdNlk1\1TTNdNlk1\1TTNdNlk1\1TTNdNPl1\3XO0000048D00000d0hKTTNX3hk1hLXTNX3hk1hLXTNX3hk1hLXTNX3hl1@0000004dM`SNT1\l1lNdSNT1\l1lNdSNT1\l1lNdSNT1Tn1\O4000004D8000004H4000004H400000`ZgT2
20161104133714Th_2,\bPR2`0`o10000004L0000004L000004L00000040L0000000XQNDlm1<TRNDlm1<TRNDlm1<TRNDPn1<lQNLlm14TRNLlm14TRNLlm14TRNLlm18PRNLlm14TRNLlm14TRNLlm14TRNLPn10PRN4lm1LTRN4lm1LTRN4lm1LTRN4lm10PRN4lm1LTRN4lm1LTRN4lm1LTRN4Pn1P1L0000004L00000L8L0000004L000000000000000000000D8400000H44000000L4000000L4000000L4000000TNhRNT1Tm1lNlRNT1Tm1lNlRNT1Tm1lNlRNT1Xn1H00000040L0000004L000004L0000008LL000008LL000008LL000008H00000040L0000040L0000040L0000040L0000040L0000040L0000040L000004L00000040L000004L00000040L000004L0000008LL00000dYWc1
20161104133714Th_3,`iPT34lo100000L8L00000L4000000L0400000L4000000000000004L00000044H0000040L0000040L000004L0000004L000000000000004L000000TV_h0
20161104133714Th_4,X]Y\1<do100000D`0L00000L0400000L0400000H08000000H800000L04000000L400000L040000000000000L4000000L400000000000000L04000000L40000000000000L04000000H800000H0800000L40000000L400000hd^^2
20161104133714Th_5,T_aX2<do100000L40000000000000000000000000000000000000004L0000000000000000000000L400000L4000000000000000L400000000000000L40000000000000000000000000000000000000Tafb1
20161111133734Ch_1,P_PS1<do100000L8L00000L400000000000000L`0D0000004L00000L4000000L4000000L0400000LL800000H44000000L40000004L00000L40000000@PRNPOPn1P1PRNPOPn1P1PRNPOPn1P1PRNPOlm1P1d000000LL800000H8000000LL800000LD`0000004D800000lbgg2
20161111133734Ch_2,hcXg0P1Po10000004L0000000000000000000000L4000000H8000000000000000000000000000000000000000000000000000004H4000004H400000P\WU3
20161111133734Ch_3,llPS1<do100000H`0H00000L400000000000000@Hh000000H4400000L0400000@<4000000L4000000H800000L04000000H800000L40000000L400000L4000000L040000000000000L0400000L40000000L4000000L4000000L40000000000000000000000000000000000000000000000000000000000000L4000000L4000000L400000000000000<D0000008H0000004L0000000000000040L0000004L00000TUWc2
20161116222134Lh_1,TYQh1h0Xo100000L4000000LL8000000H800000L0400000L4000000L0400000L0400000L40000000L400000L0400000L0400000L0400000L0400000L04000000L400000L0400000LL800000H4400000L40000000H800000PifR2
20161116222134Lh_2,l]aY1`0`o10000004L00000L4000000L04000000L400000L40000000L40000000000000L040000000000000L40000000L400000L400000000000000L400000000000000L04000000L4000000L4000000000000000000000000000000L40000000000000L400000000000000L040000000000000L04000000L400000L40000000L400000L40000000L400000L0400000000000000L40000000000000L0400000L40000000L40000000000000000000000000000000000000000000004L000000000000000000000000000000L40000000L4000000L400000TdVY2
20161116222134Lh_3,`^YS18ho100000L<H0000040L00000000000004L00000040L0000004L000004L0000000000000040L00000000000004L00000000000000l`^i2
20161116222134Lh_4,`eY]18ho100000@`00000000000000004L0000004L0000040L0000004L0000040L0000040L000000000000004L00000<HL000004L00000004L0000004L0000000000000000000000000000004L000000000000004L0000044H000000000000040L0000000000000000000004L0000000000000004L000004L00000004L00000L400000004L000004\NPRNP1Pn1POPRNP1Pn1POPRNP1Pn1POPRNP1dn1L00000040L0000000000000000000000@TQNLln14TQNLln14TQNLln14TQNLln10d000000lXfX2
20161219133734Ch_1,Xghb0<do100000L8L000004L00000004L000004L0000000000000004L0000004PQN@Xn1`0hQN@Xn1`0hQN@Xn1`0hQN@Xn1\1H000000P1PO0000048D0000044H0000044H000004TM`SN`2Pl1`MPTN`2Pl1`MPTN`2Pl1`MPTN`2ll1<@0000044H0000080H00000`0DL000008H000000h0lM`RN8`m1H`RN8`m1H`RN8`m1H`RN8hn10L000004L0000004L00000004L000004L0000000000000040L000004L000000`SWV3
20161219133734Ch_2,lmPi08ho100000L8L000000000000040L000000000000040L0000004L000000000000004L0000004L0000004L0000040L00000`0@00000004L000004L000000000000004L00000004L00000000000004H40000000000000PQgQ3
20161219133734Ch_3,XeYi1<do1000000000000004L000000000000004L000000000000004L000000000000004L000000000000004L0000004L000004L00000040L000008H0000004L0000000000000000000000000000004L0000004L0000000000000000000000lYnP2
20161219133734Ch_4,\fQP2<do10000004L0000000000000\Od0000000L0400000000000004L0000004L0000008H0000000L4000004H400000hYVm1
20161231223534Lh_1,\_X^2<do10000004L00000L8L0000000000000L40000000L400000L04000000L4000004L0000000L400000l`W_1
20161231223534Lh_2,Td`S3<do10000004L0000004L0000040L0000040L0000040L00000000000004L00000004L000004L00000004L0000040L000000000000000000000000000000000000004L00000000000004L00000040L000004L0000004`0\O000004\OXQNHhn18XQNHhn18XQNHhn18XQNHdo14H0000000000000L8L0000008H0000004L0000040L000004L00000040L000004L00000004L00000000000000000000000000000000000004L00000040L00000000000004L0000000000000000000000000000004L0000004L0000004L000000`Xg`0
20161231223534Lh_3,h_aa28ho100000L4000000L4000000000000000000000040L000000000000040L0000000000000000000000000000000000000L40000000000000000000000L0400000H80000000L400000L04000000L400000XOH`QN`0`n1@`QN`0`n1@`QN`0`n1@`QN`0\n1d00000004H4000004H4000008D400000XaVX1
20161231223534Lh_4,P`QR3`0`o100000H8000000H8000000@<400000H8000000L40000004@<000000XOh000000Xank0
20170129133714Th_1,dTQ_2`0`o100000H8000000L4000000H8000000POl0400000H4400000LH<00000LL800000LL8000000H8000000\Od0000000L4000000L400000dmf]1
20170313145450Bh_1,```n1<do100000H<L00000L0400000L0400000L0400000D4800000H4400000H0800000H4400000H4400000@88000004XOd0000004H4000004D800000daom1
20170313145450Bh_2,`aPd2<do10000004L0000044H0000048D0000004L0000040L00000<8\O0000080H0000040L0000040L0000040L000008H00000044H000004d0XO0000044\RN\N\l1d1dSN\N\l1d1dSN\N\l1d1dSN\N`l1l2D000008X2`M0000084D0000040L0000080H00000`0DL00000<`KPUNP1P1\OPj1DPUNP1P1\OPj1DPUNP1P1\OPj1DPUNP1P1\OPk14d200000dYWV1
20170313145450Bh_3,Tnhm18ho100000XOT2dN0000008H000004<@0000040L000008H000000`0DL0000080H0000004L000000000000040L00000`0HH0000044H0000040L0000044H000000d0\O0000040L000004POTSNdNll1\1TSNdNll1\1TSNdNll1\1TSNdNdm14PSNHPm18PSNHPm18PSNHPm18PSNHhn10L0000040L000004L00000040L0000004L00000000000004H40000000000000000000000000000004L00000000000004L00000000000000000000000000000000000000PmVi1
20170313145450Bh_4,lRiW28ho10000004L0000040L000000000000000000000L04000000000000000000000L400000000000000L0400000H44000000L400000L04000000L400000hm^d1
20170313145450Bh_5,TZQc24lo10000004L00000L400000000000000000000000L400000L0400000L4000000L4000000000000000L400000L4000000L04000000000000000000000L040000000000000L040000000000000L0400000000000000L400000L04000000L400000TgnV1
20170326133730Ch_1,hZ`a2h0Xo1000000<D0000004L0000000000000000000000XOdQNH`n18`QNH`n18`QNH`n18`QNHdn10h000000Teg\1
20170326133730Ch_2,`bX]28d00Xn10hQN0Xn10hQN0Xn10hQN0Xn14XQNX1hm1hNXRNX1hm1hNXRNX1hm1hNXRNX1lm1P1\O0000080H000004PNlRNh1Xl1XNhSNh1Xl1XNhSNh1Xl1XNhSNh1Pn1\OL00000<D0000008LL00000d0@L000008H00000004L000004L00000040L000000000000040L00000000000000000000000000000000000000L4000004H400000XY_]1
20170326133730Ch_3,\TQX38ho10000004L00000L8L000004L0000000000000000000000H4400000H8000000TO\OXRN`0Pn1@PRN`0Pn1@PRN`0Pn1@PRN`0Pn1d04000000H800000L04000000D<00000L0400000H4400000000000000L4000000L400000000000000L4000000H800000`mfb0
20170326133730Ch_4,XVQg1<do100000H8000000L4000000L04000000L4000000L400000L4000000000000000000000000000000000000000000000000000000L0400000000000000000000004L000004L000000000000004L000000000000004L00000000000000000000000L400000TjfR2
20170328014950Uh_1,P\`m2`0`o100000HP1XO0000008H000004hNhQNd0Tn1\OlQNd0Tn1\OlQNd0Tn1\OlQNd0Po1LL00000<@400000lboP1
20170328014950Uh_2,`_P^28ho100000L<H00000L<H0000004L00000000000004L00000040L000008LL000004L00000044H0000044H0000040L000008H00000040L0000040L0000040L0000044H0000040L0000044H0000040L000008LL0000040L0000040L0000040L000004<@0000044H00000<HL000008H00000040L000004L00000040L000004L00000040L0000040L000004L00000040L000004H400000P\gX1
20170328014950Uh_3,hSa_24lo100000L8L000000000000004L000000000000000000000L4000000000000000L400000L40000000L400000L400000000000000L0400000000000000L400000L40000000L400000000000000L400000Pm^[1
20170329014850Uh_1,\^hg24lo1000000h0XO0000004L000008LL0000088@0000040L00000`0@00000004L0000040L0000044H0000040L0000044H000008LL0000040L0000040L0000040L0000040L0000040L000000000000040L0000040L0000080H0000040L0000040L0000044H0000040L0000040L0000088@0000044H0000040L000004L00000080H00000<HL0000004L000004L0000008H0000008H00000004L000004L00000040L000004L0000000L400000h[gm0
20170329014850Uh_2,lTQj28ho100000H800000000000000L0400000H8000000L0400000L0400000LL800000LL8000000000000000000000000000000000000004L00000000000000000000004L000000L400000L4000000L0400000L040000000000000L0400000L04000000L400000LL800000L0400000000000000L40000000000000Tm^n0
20170330133710Th_1,Pc`n14lo100000L8L000000000000004L000004L0000000000000004L0000000000000000000004L00000004L0000004L000000`0@0000044H000004L000000`0@000000T\_m1
20170414151450Bh_1,dbaV2`0`o1000000000000040L000004L00000004L0000040L0000000000000000000000000000000000000000000000000000004L0000000000000L8L000000000000040L0000044H000008LL0000040L000004L0000008LL00000<@400000h[fc1
20170414151450Bh_2,hcaX14lo100000L8L0000000000000000000000000000004L00000000000000000000040L00000000000000000000040L000000000000040L0000004L000000000000004L0000004L00000000000004L0000000000000040L000000000000040L000004L00000004L000004L000000000000004L00000004L00000000000000000000000000000000000000000000000000000000000000000000040L0000004L0000040L0000040L000004L0000000000000004L000000000000000000000L4000000000000004L00000000000000000000004L0000004L0000000000000000000000000000000000000000000000000000000000000000000000L04000000L400000L40000000L40000000000000hZfV2
20170516134450Bh_1,\bho14lo100000L8L00000L8L0000008H0000040dRNDlj1<TUNDlj1<TUNDlj1<TUNDlj1`0dTNL\k14dTNL\k14dTNL\k14dTNLdk10`SNl0\l1TOdSNl0\l1TOdSNl0\l1TOdSNl0`l1\1L0000040L0000040L000008H000000`0\NXSNlNll1T1TSNlNll1T1TSNlNll1T1TSNlNXm10h100000P\ol1
20170516134450Bh_2,`_a\18ho100000L4000000L40000000000000000000000000000000L400000L4000000000000000000000000000000L040000000000000000000000000000000000000L40000000L4000000L40000000000000LL800000XaV^2
20170626133730Ch_1,\TQh1<do100000H8000000L4000000L4000000lNP1400000H4400000LL800000dN`NhSNl1\l1TNdSNl1\l1TNdSNl1\l1TNdSNl1Xl10`SN\Ndl1d1\SN\Ndl1d1\SN\Ndl1d1\SN\N`l1`1T1000004H400000X1dN400000lmnT2
20170708164010Mh_1,\eQR24lo100000L8L0000000000000000000000000000000000000L40000000000000000000000000000004H40000000000000L400000000000000L8L00000000000004L000000lZfi1
20170902231930Lh_1,PfPU18ho100000H`0H00000H`0H00000L4000000LL8000000H8000000\Od0000000H800000hZoh2
20170902231930Lh_2,PhXR1<do100000H`0H00000L04000000H8000004D800000L4000000H8000000H8000000L0400000LL800000LL8000000D<00000XYgj2
20170902231930Lh_3,XPQg1<do100000XOh0000000H4400000POlNPSNT1Tm1lNlRNT1Tm1lNlRNT1Tm1lNlRNT1Tm1lNhRNl0dm1TO\RNl0dm1TO\RNl0dm1TO\RNl0`m1XOXRNl0lm1TOTRNl0lm1TOTRNl0lm1TOTRNl0hm1d0400000LL800000H4400000\O8<00000H0800000LH<00000L04000000L4000004`NXRN<lm1DTRN<lm1DTRN<lm1DTRN<ln1L000000\RoT2
20170902231930Lh_4,daYZ1<<Ldn14\QNLdn14\QNLdn14\QNL`n1P1L00000L4000000L4000000000000000hNhQNh0Xn1XOhQNh0Xn1XOhQNh0Xn1XOhQNh0ln10L000000000000004L00000000000004L000000<D0000004L00000004L000000000000004L000004L0000004L0000000L4000000L4000004L000000T]^`2
20170926225530Lh_1,hlPh0l0To100000D`0L00000D<000000LT1PO00000D<000000H8000000HTN`TN@hk1`0XTN@hk1`0XTN@hk1`0XTN@dk10XUNDlj1<TUNDlj1<TUNDlj1<TUND\j1d0d200000D8400000HL<00000H0800000LH<00000LH<00000LL8000000H800000LL800000PWgS3
20171018223630Lh_1,h\P\1h0Xo10000008H00000Ld0@0000004L000000L400000000000000hNXRN4lm1LTRN4lm1LTRN4lm1LTRN4hm10`RNDdm1<\RNDdm1<\RNDdm1<\RND`m1d0l00000000000000L4000000000000004H4000004H400000`c_`2
20171018223630Lh_2,Tfh_1d0\o100000L8L00000L8L00000d0@L0000040L000004L00000004L0000040L0000040L0000004L0000044H000008LL000008LL0000040L0000004L000004L00000004L0000044H000008LL0000040L0000040L000008LL0000040L0000040L0000004L0000040L0000044H0000004L000004L0000000L400000000000004L00000000000000000000004L0000000000000004L000000000000048D0000044H0000008H00000<LH000008LL0000080H000004`0\O0000080H0000044H0000040L00000d0\O000000PToS2
20171018223630Lh_3,PhPl2<do100000L4000000L400000000000000L400000004L000008d0TO000004`0\O00000<4@00000`0\NTRN<dm1D\RN<dm1D\RN<dm1D\RN<hn1H4000008H000000hUoP1
20171018223630Lh_4,XXab18ho100000H800000000000000L400000000000000L04000000L400000L4000000L4000000H4400000L4000000H0800000XO`0800000@8800000L@d000000L0400000LTO`QN4ln1LTQN4ln1LTQN4ln1LTQN4hn1Lh000000L40000000L4000000L400000PkVX2
20171021223430Lh_1,d]XS2<do10000004L00000H4400000L0400000L4000000L8L00000H<L00000L<H0000000000000000000000XOTRNXOPn1h0PRNXOPn1h0PRNXOPn1h0PRNXOPn1d0h0000000L400000L400000004L00000L400000004L0000004L00000000000000XOdQNH`n18`QNH`n18`QNH`n18`QNH`n14h0000000L40000004L0000000000000L400000000000000L40000000L400000L04000000L400000000000000000000040L0000000000000000000004H40000004L00000L400000004L000000000000000000000L04000000L40000000000000L04000004L0000004L000000lco`1
20171021223430Lh_2,hcX_28ho10000008H0000004L0000000000000L8L0000004L00000L400000004L0000004L000000<D00000<0D000008LL000004L0000000000000040L000008H00000040L0000040L0000040L0000044H0000080H0000044H00000<HL000008LL000008LL00000<HL000004L00000040L000000L4000004L000000lXWY1
20171021223430Lh_3,hhPi2h0Xo100000L4000000L4000000000000000L4000000L40000000000000000000000000000004L000004L00000008H0000040L0000004L0000040L000004L0000004L0000000000000040L000008LL0000040L0000044H0000044H0000044H0000044H0000084D00000<0D000008LL0000040L000008LL000008H0000004D800000XTon0
20171021223430Lh_4,P^il08ho100000H<L0000000000000L4000000L4000000000000000L400000000000000L40000000000000L4000000L04000000L400000L040000000000000L04000000L400000L40000000L400000L0400000L40000000L400000LL800000`c^m2
20171021223430Lh_5,PdQ\18ho100000L8L0000004L0000040L000004L00000000000000L8L00000L40000004L0000004L000000000000004L00000000PQND\n1<dQND\n1<dQND\n1<dQNDdn1h0000000000000004L0000008H000000L8L00000H`0H00000L8L00000L4000000L4000000L0400000L0400000`0@0000008H00000004L0000040L0000008H000000L400000000000000000000004L00000000000008H000000<D0000000L400000dZfZ2
20171027150050Bh_1,da`n1<do100000000000000000000004L000000000000004L0000040L0000040L00000000000004<@0000040L00000000000004L000000000000004H400000000000000L400000d]Wm1
20171027150050Bh_2,XchR2d0\o100000Hd0D0000040L0000044lQNhNPm1X1PSNhNPm1X1PSNhNPm1X1PSNhNXm1T2H0000044H0000000000000<HL00000<HL0000040L000004H4000008H000000d0TO800000`Zoi1
20171027150050Bh_3,PWYf18ho100000L4000000L4000000L40000000L400000L4000000L40000000L400000L4000000L040000000000000L04000000L400000L040000000000000L04000000L400000L4000000L04000000L40000000000000L0400000000000000H800000djfS2
20171027150050Bh_4,`VQW24lo100000H<L00000L8L00000000000004L00000040L000000000000040L0000040L0000004L0000040L0000040L0000040L000004L00000040L0000040L0000040L0000040L0000040L0000040L000004L00000040L0000004L0000040L0000040L000004L00000040L0000004L000004L00000040L0000004L0000044H0000040L0000040L00000`0@000000XfV`1
20171027150050Bh_5,d]im28ho100000L8L00000L8L00000L4000000L4000000000000000L4000000L400000L0400000H44000000H800000L04000000L400000L04000000L400000L04000000L400000dcnm0
20171027150050Bh_6,PgYn1<do100000H<L00000L4000000L4000000@<4000000L4000000L4000004@<00000lYfo1
20171029171010Mh_1,T]ho0<do10000008H0000004L0000004L0000040L0000040L00000000000000L4000004<@000000000000040L00000<D00000044H0000048D0000048D0000044H000004L00000040L000004L00000040L0000008H000000000000040L0000040L0000004L0000040L00000l0XOL0000080lPNHPn18PRNHPn18PRNHPn18PRNHTn1`1@000008lNTRNLdm14\RNLdm14\RNLdm14\RNLlm1H\RN8`m1H`RN8`m1H`RN8`m1H`RN8Po1LH0000040L0000044H0000008H0000044H0000040L00000`0HH0000040L000008LL0000040L000008H000000d[ge2
20171029171010Mh_2,haPc2l0To100000L8L00000L04000004H4000000L40000000000000L400000004L0000000000000000000000L400000000000004L000000000000000000000004L0000004L0000004L0000004L0000004L000004L0000000000000048D0000004L000004H4000000H8000004L00000004\QNTOlm1l0TRNTOlm1l0TRNTOlm1l0TRNTOTn1`1H000008LhQNhN`m1X1`RNhN`m1X1`RNhN`m1X1`RNhNdm1l1L0000004L0000040L0000040L0000040L00000000000004L0000008D4000004H4000004L0000000000000040L000004L000000h0XO0000008H0000004L000000lZ_Q1
20171029171010Mh_3,`VYb28ho100000L400000000000000L400000000000000L4000000L0400000L0400000L0400000L04000000L400000L4000000L0400000L0400000LL800000L0400000PkfY1
20171029171010Mh_4,hfa^24lo100000hN<PRN0hm10XRN0hm10XRN0hm10XRN0dm1X100000000000000H4400000L40000000L4000004dNXRN0Pn10PRN0Pn10PRN0Pn10PRN0To1D800000hYV_1
20171107222630Lh_1,ldPU18ho10000008H0000004L000004L0000004L00000004L0000004L0000044H0000008H000000<D0000008H00000LlNPRNh0hm1XOXRNh0hm1XOXRNh0hm1XOXRNh0hm1TO`RNT1Tm1lNlRNT1Tm1lNlRNT1Tm1lNlRNT1Tm1lNTSNP1hl1POXSNP1hl1POXSNP1hl1POXSNP1`n1@L000008LL0000044H0000080H000008LL0000080H0000040L000008LL00000`0@000000TWWe2
20171107222630Lh_2,di`Q2<do10000004L000000000000004L00000000000004L0000004L0000000000000004L00000L40000000L400000000000000000000000000000L8L0000004L000004L000000000000004L0000000L400000L8L0000004L000004L0000004L0000004L0000000000000004L0000000000000000000000L40000000000000000000000000000004L000000000000004L0000000000000000000000L4000000L4000004H400000hUWd1
20171107222630Lh_3,PoX_14lo100000H<L00000L4000000L4000000H4400000H4400000H4400000LL800000H4400000HL<00000LL800000@<400000L04000000H8000004@<000004H400000\Sg\2
20171108222430Lh_1,XdP`1`1`n10000000000000000000008D4000004L000000000000004L0000008LL000004L00000040L0000040L0000040L0000044H0000044H0000044H000004<@00000<LH000008LL000008LL0000040L000008LL000008H00000040L0000040L000004L0000004L000000PX_Y2
20171108222430Lh_2,`jPa2<do100000D<000000D<0000000L4000000H8000000H8000000000000000000000000000004L00000000000000L4000000000000000000000000000000000000000L4000000000000000000000000000000000000004L00000L400000000000000L0400000000000000L400000`VWX1
20171108222430Lh_3,TbiT1<do100000H<L00000000000000L400000000000000L400000L4000000000000000L400000L400000000000000L400000000000000L4000000L0400000L400000000000000<D000000000000004L0000004L0000004L000000T^fe2
20171122022450Uh_1,TWYl0P1Po100000Lh1\N00000L8L00000L4000000H8lSNlL\k1T3dTNlL\k1T3dTNlL\k1T3dTNlLXk1\3`TNlL\k1T3dTNlL\k1T3dTNlL\k1T3dTNlLXk1X4H000000<D00000L8L00000L8L00000L\L\VNX1`i1hN`VNX1`i1hN`VNX1`i1hN`VNX1\i1hNdWNXNTO8@4hi1\1dWNXNTO8@4hi1\1dWNXNTO8@4hi1\1dWNXNTO8@4hi18\VNHhm18XRNHhm18XRNHhm18XRNHdm14lRN@Xm1`0hRN@Xm1`0hRN@Xm1`0hRN@Xm1`0T1000000L400000L0400000000000000L40000000000000000000000000000004L0000000000000000000000L40000000000000L4000000L0400000L400000000000000L40000000L400000000000000L400000L040000000000000H4400000L4000000L040000000000000L04000000L400000L0400000H4400000L0400000L040000000000000L0400000LL8000000L400000L0400000L0400000000000000L400000L400000000000000000000000000000000000000L040000000000000000000000000000000000000L4000000000000000L400000000000004L000000000000000000000040L00000000000000000000040L0000004L000004L00000040L000000000000040L0000004L000004L00000004L0000004L0000040L0000040L000004<@0000040L000004L0000004L0000004L00000004L000004L00000040L0000044H0000040L0000048D0000044H0000040L000008LL0000040L000008LL000004<@00000<HL000008LL000008LL000008H00000040L000004L00000004L000000000000000000000L40000000L400000000000004H400000`h^V2
20180507140210Th_1,hg`j0d0\o100000L<H000000<D0000048D000008LL00000`0HH0000080H00000<HL000008H0000008D400000\VoR3
20180726232450Bh_1,XaPT18ho10000008H00000L400000004L000000L400000L04000004H400000000000000L400000L0400000H8000000L0400000L40000000000000004L00000L4000000L40000000L400000LH<000000L4000000L400000l_gf2
20180726232450Bh_2,Xe`S38ho100000L8L00000L8L0000040L0000040L0000044H0000084D0000040L000008LL000008LL000004d0XO0000040L00000h0\OL000004L0000004L0000008D400000XX_h0
20180726232450Bh_3,hoXV38ho100000L8L000000000000004L00000000000004L000000000000004L000000000000000000000000000000000000000000000000000000L4000000000000000L4000004H400000TPWe0
20181012105930Ch_1,X_h[1`0`o100000H800000000000000L0400000L0400000L04000000L400000L0400000000000000L400000000000000000000000000000000000000000000040L00000000000004L00000004L0000000000000L0400000000000000L4000004H400000XaW^2
20181012105930Ch_2,db`h2<do10000000000000L4000000000000000000000004L0000004L0000004L0000004L000004H4000008D400000T]gT1
20181012105930Ch_3,TeXd28ho100000L4000000H8000000L4000000H8000000H0800000H4400000H44000000L400000LL8000000H8000000L400000L04000000H8000000H800000d\oW1
20181030230030Lh_1,P^`c2l0To100000D`0L00000H8000000L40000000POP100000LH<000004D800000hbgZ1
20181030230030Lh_2,ddXg1<do100000L8L00000L4000000000000004L00000044H0000040L0000040L0000040L0000004L0000040L0000004L0000080H0000044H0000044H000008H000000<D0000008H000000`YWT2
20190605025430Lh_1,\Qig0<do100000L4000000L4000000L0400000LL800000L0400000@`0000000D4800000L0400000L0400000H4400000H0800000HL<00000H4400000H0800000\O`0400000D4800000D4800000LL800000HH`0000000@`0000000\Od000000\SgR3
20190605025430Lh_2,Toh[1<do100000Lh0\O00000L8L0000004L00000<D000000`0@0000008H000000PP_b2
20190605025430Lh_3,`PQc0l0To100000H`0H00000Hh0@00000Ld0@00000LPN`SNP1Xl1POhSNP1Xl1POhSNP1Xl1POhSNP1Tl1lN\TNP1`k1PO`TNP1`k1PO`TNP1`k1PO`TNP1Xk1lNXUNX1`j1hN`UNX1`j1hN`UNX1`j1hN`UNX1\j1dNPVN\1li1dNTVN\1li1dNTVN\1li1dNTVN\1di1hN\WN<dh1D\WN<dh1D\WN<dh1D\WN<dh1@hWN8Xh1HhWN8Xh1HhWN8Xh1HhWN8Xh1DlWN8Xh1HhWN8Xh1HhWN8Xh1HhWN8lk14000000L0400000L4000000H<L00000L8L000000000000000000000Pn^X3
20190605025430Lh_4,dSQW18ho100000H<L00000H8000000H44000000L400000L0400000L0400000L0400000H4400000L4000000L040000000000000L0400000LL800000LL8000000L400000L4000000L0400000LH<000004D800000dnnc2
20190607032610Mh_1,hjXb18ho10000004L000004L00000040TSNh0hh1XOXWNh0hh1XOXWNh0hh1XOXWNh0hh1@lVN`0Xi1@hVN`0Xi1@hVN`0Xi1@hVN`0Xi1D`VN8hi1HXVN8hi1HXVN8hi1HXVN8hi18dUNDdj1<\UNDdj1<\UNDdj1<\UNDlj14PUNLTk14lTNLTk14lTNLTk14lTNLhk1l10000004H4000004D8000004\O`000000hSgZ2
20190607032610Mh_2,TnPX1h0Xo100000L<lQN@Xl1`0hSN@Xl1`0hSN@Xl1`0hSN@\l1`0XSNLdl14\SNLdl14\SNLdl14\SNLll10hRN4\m1LdRN4\m1LdRN4\m1LdRN4lm1`08000008D4000004D8000004XOd000000dPoe2
20190607032610Mh_3,PSQR2<do100000L8L0000004L0000000000000L0400000L0400000L40000000L400000L0400000L0400000L04000000L400000H4400000lND`RN`0`m1@`RN`0`m1@`RN`0`m1@`RN`0`m1l04000000L400000DL`000000hNlNTSNl0dm1TO\RNl0dm1TO\RNl0dm1TO\RNl0dm1<<000000L400000LL8000000L4000000H800000LL8000000D<00000TQgg1
20190607032610Mh_4,TRaY1<do10000004L00000L8L0000004L000000000000040L000004L0000004L000000000000000000000000000000L400000000000000L040000000000000L40000000L400000L040000000000000L04000000L400000L4000000L04000000L400000H8000000D8400000L04000000L400000L0400000L0400000H4400000LL800000L0400000H4400000LL8000000H800000<@400000PPW]2
20200806072410Th_1,\^hn1d0\o100000H`0H00000H8000000L0400000D8400000H0800000LH<00000H0800000H4400000L4000000LL800000LL8000000D<00000LL8000000L400000L0400000L0400000000000000L4000000L4000000H800000Xdok1
20200806072410Th_2,\ciP28ho100000Hh0@0000008H00000L40000004L0000000L4000008H0000000L400000000000000L40000000000000L40000000L4000000000000000000000L400000000000000L0400000000000000L400000000000000000000000000000D<00000000000000000000000L400000000000000L400000L4000000000000000L40000000000000L4000000000000000L400000L40000000L40000000000000L40000000L4000000000000000000000L0400000L4000000L0400000000000004L00000000000000000000000L4000000000000000000000000000004L00000000000000000000004H4000000000000000000000l]V`1
20201228202510Mh_1,P\Qb28ho100000L4000000L0400000L4000000L0400000L0400000L40000000L400000L0400000L0400000L4000000L04000000L400000L0400000L04000000H800000`enY1
20210101202450Bh_1,XYae0l0To100000XOh0000000L04000000L4000004XOd000000<\O800000TgnX3
20210101202450Bh_2,\YYl2<do100000L8L0000000000000L040000000000000L4000000L4000000L0400000L04000000H8000004D800000XgnP1
20210101202450Bh_3,\bag2<do100000H<L00000H<L00000POl0400000H8000000D8400000D0<00000H0800000HL<00000H0800000@Ld000000H@h000000@8800000@8800000@<400000LL8000000H8000000L4000000H800000LL800000LL800000POh0800000L04000000L400000XOPN\SNl1ll1TNTSNl1ll1TNTSNl1ll1TNTSNl1hl1\NPSN`1Xm1`NhRN`1Xm1`NhRN`1Xm1`NhRN`1Xm1`04000000H8000008\O<000004H4000000H8000000L4000000D<000000H800000Teno0
20210101202450Bh_4,hciT28ho100000L4000000TO4`QN0`n10`QN0`n10`QN0`n10`QN0\n1h0400000L4000000L0400000000000000L400000L4000000H8000000000000000L4000000L4000000L4000000L400000L04000000L400000LH<00000X^ff1
20210127110130Ch_1,T[`a2d0\o100000L8L00000H4400000L04000000H800000L0400000000000000L4000000000000000000000000000000000000000000000000000004L0000004L000000000000004L000000TeoY1
20210127110130Ch_2,lVQS38ho100000L8L0000000000000L4000000L04000000L400000H4400000L0400000H8000000H44000000\OTQN0Po10PQN0Po10PQN0Po10PQN0\iXj0
20210127110130Ch_3,X_ak18ho100000H<L00000H8000000L40000000L400000L04000000H800000000000000L40000000000000000000004H400000\a^Q2
20210127110130Ch_4,lbQl14lo100000@`0000000H8000000L0400000\O`04000000H8000000L4000000L4000000L4000000D<00000d^^Q2
20210219230330Lh_1,TbY[14`0<\n1DdQN<\n1DdQN<\n1DdQN<dm1\1000000POdNTSNd1ll1\NTSNd1ll1\NTSNd1ll1\NTSNd1dl1l0400000LH<0000000000000L04000000L400000L@d000000L0400000\Od0000000L0400000H4400000HL<00000H0800000D4800000HL<00000HDd000000H@h000000H0800000HDd000000L04000000L400000L0400000LD`000000L4000000H8000000H80000000XOPRN\OTn1d0lQN\OTn1d0lQN\OTn1d0lQN\OPn1h0PRNTOTn1l0lQNTOTn1l0lQNTOTn1l0lQNTOlm1T1TRNlNlm1T1TRNlNlm1T1TRNlNlm1T1TRNlNhm1P1h000000L0400000H8000000L0400000L@d000000LL800000H4400000L0400000000000004L000000`0@0000000L400000`enY2
20210219230330Lh_2,\`aP38ho10000004L00000XO0\QN8`n1H`QN8`n1H`QN8`n1H`QN8lm1X100000004L000004L0000008H0000008LL000008HTRNlNll1T1TSNlNll1T1TSNlNll1T1TSNlNPm1X1hRNhNXm1X1hRNhNXm1X1hRNhNXm1X1hRNhNXm1l140000004L000000TN\RNX1hm1hNXRNX1hm1hNXRNX1hm1hNXRNX1`n1H0000008D4000008H0000008H000000`^Vk0
20210627163630Mh_1,db`Z18ho10000008H0000044H0000040L0000040L0000040L000004L00000040L000004L0000000000000004L00000000000004L00000004L000000000000040L000004L00000040L00000000000004L000000l[_`2
20210627163630Mh_2,\\aU1l0To100000H`0H00000H8000000H@XRNXOhm1h0XRNXOhm1h0XRNXOhm1h0XRNXOhm1`0P1000000H8000004@<00000Xdfh2
20210627163630Mh_3,T_QU1P1Po100000D`0L00000@`0000000L0400000LTOP100000LH<000000L4000000H800000Tbnh2
20210627163630Mh_4,``al1`0`o10000000000000L0400000000000000000000004L000000000000004L00000L0400000000000000L4000000000000000000000L40000004L000000000000000L400000000000000000000000000000L400000000000000000000000L400000L400000000000000L040000000000000L04000000H800000L04000000L400000L0400000``Vk1
20210627163630Mh_5,PgaR2<do100000\Oh0L00000D<000000L8L00000000000004H400000P1PO0000000000000000000000L40000000000000000000000L4000000000000000000000004L0000040L000008LL00000000000004L0000004L00000004L0000000000000L8L00000L8L00000L4000000L40000004L000000PY^f1
20210701163730Mh_1,Pa`a2`0`o100000000000004L00000004L0000040L0000004L0000040L0000040L0000040L0000040L000008LL0000040L0000004L0000004L00000<HL000004L00000004L000004L0000000000000004L00000000000000000000000000000000000004L00000004L000000000000004L000004L00000000000000000000000000000040L000000000000040L00000000000004L00000004L0000040L00000000000004L000000000000004L0000004L000000T\_S1
20210701163730Mh_2,ThXc2<do100000L<H0000008H0000044H0000080H00000<LH0000088@0000084D0000044H000008LL00000d0\O000000<D000000\UgY1
20210701163730Mh_3,ljhQ38ho10000008H0000004L000000<D000000<D000000h0XO0000008H00000h0\OL00000<HL00000h0@H0000040L000004L0000008D400000hRoj0
20210701163730Mh_4,PZan18ho10000000000000L4000000L40000000L400000L400000000000000PO8dQNL\n14dQNL\n14dQNL\n14dQNLPn1X1000000L0400000LlNX100000L\Oh000000L4000000L4000000L0400000H0800000L0400000000000000L400000lhfl1
20210701163730Mh_5,X\QS1d0\o100000L`0D000004h0TO00000<8\O0000080PSNXNXk1h1hTNXNXk1h1hTNXNXk1h1hTNXN`k1T3L00000d0@L00000<@400000`0\O4000008D4000004hNT100000PaVj2
20210701163730Mh_6,\_if1`0`o100000H`0H00000@d0L00000H8000000L0400000H\Ol000000\O`0400000`0TO<00000TbVW2
20210708060030Lh_1,``aS3`0`o100000L`0D00000L4000000D8400000L40000000000000000000000L0400000L0400000L40000000L400000H0800000LL800000L0400000H0800000H0800000LL800000@<400000LL800000LL800000L0400000L0400000@<400000HDd000000LL800000LL800000LPO\QNd0ln1\OTQNd0ln1\OTQNd0ln1\OTQNd0hbhe0
20210726041650Uh_1,Pb`X18ho100000000000000000000004\PNLTo14lPNLTo14lPNLTo14lPNLTo1`00000000000000040L0000000000000L4000000L4000000000000000L400000000000000000000000000000L400000000000000000000004L000000000000000L40000000000000000000004L00000004L000004L000000000000004L0000004L000000d]W`2
20210726041650Uh_2,XYiS1`040hn10XQN0hn10XQN0hn10XQN0`n1l0000000H<L00000L04000000@`000000L\Oh0000000L400000000000000000000000000000000000000000000000000000000000004L00000004L000000000000040L000000000000040L0000004L0000040L0000040L0000040L0000040L0000008H0000040L0000044H0000040L000008H0000004L0000008H00000000000000denc2
20210726041650Uh_3,P\Yh0`0`o100000POT1L00000H8000000\Od0000000L4000000LlN`SNPO`l1P1`SNPO`l1P1`SNPO`l1P1`SNPOll1<`SN@`l1`0`SN@`l1`0`SN@`l1`0`SN@hl14`SNH`l18`SNH`l18`SNH`l18`SNHPbhU3
20210730044930Lh_1,lbXl14lo100000L<H0000040L0000040L0000040L0000004L0000040L0000040L0000008H0000040L000008LL000004L0000004L0000008D400000h[WP2
20210730044930Lh_2,ldXo18ho10000008H0000008H000008LL0000004TRNDlk1<TTNDlk1<TTNDlk1<TTNDTl18\SN4dl1L\SN4dl1L\SN4dl1L\SN4hl10hRN4\m1LdRN4\m1LdRN4\m1LdRN4`m10TRN0Pn10PRN0Pn10PRN0Pn10PRN0Tn1d08000004D8000004H4000004D8000004D800000hY_m1
20210730044930Lh_3,`Xid2`08Hhn18XQNHhn18XQNHhn18XQNH`n1T1L00000L4000000LXOhQNL\n14dQNL\n14dQNL\n14dQNL\n1LXRNDlm1<TRNDlm1<TRNDlm1<TRNDlm18P100000000000000L40000000000000PhnX1
20210730044930Lh_4,XZQW28ho100000L8L0000000000000L40000000L40000000000000L4000000000000000000000040L000000000000040L00000000000004H400000L8L0000000000000L8L00000L4000000LH<000000L400000L0400000L04000000L40000000000000L040000000000000L4000000L40000000L400000L0400000Pg^a1
20210730044930Lh_5,`bai18ho10000004L0000040L0000040L0000000000000000000000L40000000000000L0400000H8000000L0400000L4000000L4000000L04000000L400000L4000000L0400000H8000000H8000000L0400000LH<00000H0800000H440000000000000L0400000L40000000L400000L04000000L400000L0400000L04000000L400000L040000000000000L0400000L0400000L040000000000000L4000000hNDdRNd0\m1\OdRNd0\m1\OdRNd0\m1\OdRNd0Xm1T10000000@`0000000\OPRNPOXn1P1hQNPOXn1P1hQNPOXn1P1hQNPOXn1`0l0000000L400000L0400000\O`0400000POl04000000L400000XO`NhRNT1lm1lNTRNT1lm1lNTRNT1lm1lNTRNT1hm1<8000000@`0000000L4000000D<00000ldnh1
20210730044930Lh_6,Than18ho1000000<D0000000000000000000004L0000000000000000000000000000000000000000000000000000004L000000000000000000000000000000dWfm1
20210811072510Th_1,T]io2<do10000004L0000004L000004L00000040L0000040L0000044H000000000000040L0000040L0000040L0000040L000004L000000000000008D400000`a^l0
20211119005210Mh_1,P^Xa1d0\o100000Ld0@000000<D0000004L0000004L00000P1TOL00000<HL0000040L000008LL0000040L000008H000000P`o[2
20211119005210Mh_2,\^ie0X1hn100000H`0H00000L400000000000000LlNdRNDdm1<\RNDdm1<\RNDdm1<\RNDdm14X1000000L400000L40000000L4000000000000000000000000000000L400000XbnV3
20211224120130Ch_1,Tc`^2d0\o100000Hd0D0000080lQNPOhl1P1XSNPOhl1P1XSNPOhl1P1XSNPOPm1P2L000008H000000<@400000`0TO<00000`[g_1
20211224120130Ch_2,TYYU28ho10000004L0000004L0000040L00000000000000000000000000000H4400000L40000000L400000H4400000L0400000H4400000H4400000POl0400000L04000000H8000000H800000h0PO800000\hne1
20211224120130Ch_3,lXil1<do100000D`0L00000H80000000@`000000LL8000000L400000L0400000H8000000L040000000000000LL800000LH<00000L40000000L40000000000000hh^o1
20211224120130Ch_4,d^Y`28ho10000004L000000000000004L0000040L0000004L0000040L0000000000000000000000000000004L000004L00000040L0000004L0000040L000004L000000000000004L000000L4000000L4000000L400000000000000L4000000L4000000000000000000000000000000000000000000000000000000L400000000000000000000000L40000000000000L4000000000000000000000000000000000000000H8000000L400000L40000000L400000L4000000L0400000L0400000L0400000H4400000H0800000\O`0400000LL8000000L4000000L4000000\Od000000XcnQ1
20211224120130Ch_5,Pbij24lo100000L8L0000000000000\Od0000000L400000000000000000000004L000000000000004L000000000000004L00000000000000L4000000L4000000L400000000000000000000000L400000H0800000L40000000H8000000H8000000000000000000000000000000000000000000000000000000L4000000L400000H4400000L4000000L40000000000000000000000D8400000H44000000L400000L04000000L4000000L40000000000000L04000000L400000L40000000L400000H8000000L40000004H4000004L0000004L0000000000000000000000000000000L400000000000000L40000000000000L040000000000000000000004L000000h`^e0
20211224120130Ch_6,`eY[28ho100000XOh000000004L00000L400000040L000000000000004L0000000000000L4000000000000004L00000000000000000000004H4000000L4000000L4000004L00000000000000L40000000L4000000D<00000T[^_1
20211231180850Bh_1,daPX2h0Xo100000H`0H00000H<L00000L8L00000L0400000LPOT1000000H8000000L400000X_oe1
20211231180850Bh_2,hYi[28ho100000L4000000L40000000L400000L400000000000000L40000000L400000L400000000000000L4000000L0400000L4000000LL800000LL800000L0400000L0400000L04000000L400000L04000000L400000Phn^1
20211231180850Bh_3,h]Ye2`0<Ddn1<\QNDdn1<\QNDdn1<\QND`n1X1H0000004L0000004L00000<D0000008H0000008D4000004H400000\afX1
20220124155050Bh_1,daho08ho100000L4000000L0400000L400000000000000L40000000L400000L40000000L400000000000000000000000000000000000000L4000000L40000000000000P_Wl2
20220124155050Bh_2,Xchf1l0To100000Dh0D00000L<H000000d0\O0000008H000000`MXSNP2`l1PN`SNP2`l1PN`SNP2`l1PN`SNP2hm1HH000008LL00000<HL000008LL00000d0@L0000044H000004L00000040L000004L0000004L0000000000000040L000004L0000004L0000008H000000XYoS2
20220124155050Bh_3,hfik14lo100000L8L0000000000000L400000004L0000000000000000000000L400000L40000000000000000000000H8000000L4000000L4000000000000000000000004L000004L0000000000000000000000L40000000\O`QNDdn1<\QNDdn1<\QNDdn1<\QNDdn18d0000004L00000004L000004L00000000000000L0400000000000000000000000000000000000000000000004L00000000000000L400000000000000000000000000000L8L0000000000000L0400000L4000000L4000000L40000000000000004L000000000000040L0000008H0000040L0000040L000000000000004L000000000000000000000<D000000<@4000004L000000\Y^e1
20220328035030Lh_1,TbPR1h0Xo100000`N0hRN<Tm1DlRN<Tm1DlRN<Tm1DlRN<Pm1\100000004L000000XOPSNhNhl1X1XSNhNhl1X1XSNhNhl1X1XSNhNdl18dTNHXk18hTNHXk18hTNHXk18hTNHlm10L0000048D00000h0\OL000008LL00000l[_k2
20220328035030Lh_2,\e`_2d0\o10000040L0000044H000008LL000004L00000040L000004L0000004L0000004L00000044H0000044H0000004L0000040L0000040L0000040L000000<D0000080H00000<D0000004L000000TXg[1
20220328035030Lh_3,`Yib0<do100000D8400000L0400000L0400000L0400000LL800000L0400000L040000000000000L0400000H4400000D8400000D8400000LL8000000H800000lh^Y3
20220523234912Lh_1,PY`_18ho100000L8L00000@d0L00000L400000000000000000000000L400000L040000000000000L04000000L400000000000000H8000000L400000L40000000L400000L400000000000000L400000000000000L40000000L400000L040000000000000L40000000L400000L400000000000000L040000004L00000L400000000000000L400000000000000L0400000H800000004L000000000000004L000000TOTRNHhm18XRNHhm18XRNHhm18XRNHhm14`RNL\m14dRNL\m14dRNL\m14dRNL\m14X1000004H400000000000004H400000\iWU2
20220523234912Lh_2,\Ta<d1\n100000L<H00000H4400000H0800000HPOX1000000D<00000LL800000LL8000000L400000L04000004H400000hlf`3
20220523234912Lh_3,dZQ[2d0\o100000L4000000L4000000L40000000L400000L0400000L0400000H4400000L0400000L0400000L0400000H0800000L0400000L0400000H4400000H4400000L0400000LL8000000H800000LL800000`N\1400000LL8000000H8000000POTRN@Xn1`0hQN@Xn1`0hQN@Xn1`0hQN@Xn10T100000dif^1
20220523234912Lh_4,`]am28ho10000004L000000000000000000000hN<PRNDTn1<lQNDTn1<lQNDTn1<lQNDTn1`0hQN@Xn1`0hQN@Xn1`0hQN@Xn1`0hQN@Tn1T14000000L4000000L4000000L4000004L000000000000000L4000000L400000000000000L400000L4000000000000000L400000L4000000L0400000L0400000L4000000L0400000H4400000H4400000H4400000H44000000H800000L04000000H800000L0400000LL8000000H800000leni0
20220523234912Lh_5,lZaY1<do10000000000000L8L000004L00000004L000004L0000004L00000004L000000000000000000000H8000000L0400000Xe^c2
20220523234912Lh_6,l_Qf24lo100000H`0H00000L8L00000000000004L00000000000000L4000000L0400000L0400000L400000000000000H4400000L04000000L400000L0400000L0400000L0400000L0400000L0400000L0400000LL800000L0400000L04000000L400000L04000000L400000L40000000L4000004D800000`bfR1
20220523234912Lh_7,XdQR38ho10000004L0000000000000L8L000000L400000L4000000L040000000000000L0400000000000000L400000L4000000L400000000000000L0400000L04000000L40000004L0000004L00000L04000000L4000004L0000000L400000L4000000L04000000L400000LL8000000L400000T]nf0
20220523234912Lh_8,ddil28ho100000L8L0000004L0000004L0000004L000000000000000000000L40000000HTQN\Oln1d0TQN\Oln1d0TQN\Oln1d0TQN\Oln1d08000000000000004L000004L0000008H00000004L000004L000000000000004L00000004L000004L0000004L000000hZnm0
20220523234912Lh_9,ldib2<do100000L8L0000004L000000000000004L0000040L0000004L0000004L0000000000000000000000L4000004H4000000L400000000000000L400000L04000000L400000L4000000000000000L4000004L000000T[nW1
20220621185332Bh_1,`^Xj0<do100000L8L00000L8L0000000000000000000000L400000000000000000000000000000000000000000000004L00000000000000000000004L00000000000004L00000000000000000000004L0000000L40000000000000000000004H400000\ago2
20220621185332Bh_2,\_ho2<do100000L40000000000000000000000000000000000000004L000000000000040L0000004L000004L00000040L000000000000040L0000004L0000040L000000000000040L000004L00000004L0000040L000000000000004L0000004L0000040L0000004L0000040L000004L00000004L0000040L00000000000000000000040L0000000000000000000004L0000000000000000000000000000004L0000000000000004L00000000000004L00000004L000000000000040L000000000000004L000004L0000000000000040L000004L00000004L000004L00000040L000004L00000040L000004L0000004L000000`]Wa0
20220621185332Bh_3,\fXg18ho100000L40000000000000000000000lJH`ZN8`e1H`ZN8`e1H`ZN8`e1H`ZN8`e10XZN0he10XZN0he10XZN0he10XZN0he18PZNDTf1<lYNDTf1<lYNDTf1<lYNDXf1<dYNHXf18hYNHXf18hYNHXf18hYNH\f18\YNHhf18XYNHhf18XYNHhf18XYNHlf18PYNLlf14TYNLlf14TYNLlf14TYNLlf18PYNHPg18PYNHPg18PYNHPg18PYNHTg18hXNHXg18hXNHXg18hXNHXg18hXNH\g18\XNLdg14\XNLdg14\XNLdg14\XNLhg14PXN0Ph10PXN0Ph10PXN0Ph10PXN0Th10hWN0Xh10hWN0Xh10hWN0Xh10hWN0`h10TWN0Pi10PWN0Pi10PWN0Pi10PWN0Ti10dVN0`i10`VN0`i10`VN0`i10`VN0`i14\VNHhi18XVNHhi18XVNHhi18XVNHPj14hUN0Xj10hUN0Xj10hUN0Xj10hUN0\j10\UN0hj10XUN0hj10XUN0hj10XUN0lj10lTN4Tk1LlTN4Tk1LlTN4Tk1LlTN4Xk1L`TN4dk1L\TN4dk1L\TN4dk1L\TN4hk18PSN<Tm1DlRN<Tm1DlRN<Tm1DlRN<Xm1P14000008D4000004H4000008@800000T\oQ2
20220621185332Bh_4,daPT1`0`o10000008H0000040L0000044H0000040L0000000000000L8L00000L4000000L\Oh0000000H800000\^_i2
20220621185332Bh_5,TfP`2<do100000H<L00000L0400000L4000000LL800000LL800000L0400000L0400000L4000000L0400000LL8000000L400000000000004D800000T[_\1
20220621185332Bh_6,XhPX34lo10000008H0000004L0000044H0000008H0000008H000004<@0000080H000008LL00000<HL00000`0@0000008LL000004L00000004L00000000000000000000000000000000000000L400000L40000000000000000000000lU_b0
20220621185332Bh_7,hYig1P1Po100000DP1\O00000L8L00000Hd0D00000Hh0@00000H<L00000LTNXTNHhk18XTNHhk18XTNHhk18XTNHhk1@dUNL\j14dUNL\j14dUNL\j14dUNLXj1LXVN0hi10XVN0hi10XVN0hi10XVN0hi1LdVNL\i14dVNL\i14dVNL\i14dVNL\i10lVNLTi14lVNLTi14lVNLTi14lVNLPi14XWNLdh14\WNLdh14\WNLdh14\WNLdh10`WN0`h10`WN0`h10`WN0`h10`WN0`h1LhWN4Th1LlWN4Th1LlWN4Th1LlWN4Ph1LXXN0hg10XXN0hg10XXN0hg10XXN0hg1L`XN0`g10`XN0`g10`XN0`g10`XN0\g14dXN0Xg10hXN0Xg10hXN0Xg10hXN0Tg10TYNLlf14TYNLlf14TYNLlf14TYNLlf14TYNLlf14TYNLlf14TYNLlf14TYNLhf14`YNH`f18`YNH`f18`YNH`f18`YNH\f18hYNLTf14lYNLTf14lYNLTf14lYNLTf10PZN0Pf10PZN0Pf10PZN0Pf10PZN0le14TZNLle14TZNLle14TZNLle14TZNLhe14\ZNLde14\ZNLde14\ZNLde14\ZNLde14\ZNLde14\ZNLde14\ZNLde14\ZNL`e14hZNHXe18hZNHXe18hZNHXe18hZNHTe18T[NDld1<T[NDld1<T[NDld1<T[NDld1<\500000L0400000000000000L4000000L400000000000004H400000Pifo1
20220626185332Bh_1,l^XT24lo100000H<L0000000000000L8L0000000000000L04000000L400000L40000000L40000000000000000000000L4000004L0000000000000040L000004L00000000000000L40000000000000004L000000000000040L0000004L0000004L000004L0000000L4000000L4000004H400000Tagd1
20220626185332Bh_2,dbhX18ho10000004L000000000000000000000000000000000000004L000000000000004L000000000000040L00000000000000L400000000000000000000040L0000000000000000000004L00000004L0000000000000000000000000000040L00000000000004L0000000000000004L000004L0000004L000000`\g_2
20220626185332Bh_3,hfPk18ho10000004L000000000000000000000L8L0000000000000000000004L00000004L000000000000000000000000000000L40000040L00000000000004L00000004L00000000000004L00000004L000004L00000004L0000040L0000004L000004L00000040L0000040L000000000000004L000004L00000004L000004L00000004L0000040L0000004L0000040L0000044H0000040L000008LL000008LL000004L0000004L00000040L0000040L000004H400000\Vgi1
20220626185332Bh_4,XgXo08ho100000L`0D0000004L0000004L000000000000040L0000048D0000008H0000048D0000008H0000040L000008LL0000044H0000040L0000040L000008LL00000<D0000008LL00000<D000000<HL0000040L000004L0000000000000004L00000000000000000000000000000L4000000000000000L400000LL80000000000000L0400000000000000L400000L40000000L4000000L4000000H800000\Vof2
20220626185332Bh_5,dZQU1<do100000L8L00000L0400000@`0000000@<400000H4400000L0400000@Ld000000HL<00000H4400000H4400000L@d0000000D<000000D<00000\h^g2
20220626185332Bh_6,dXYn24`08`n1H`QN8`n1H`QN8`n1H`QN8`n1h0L00000000000000L400000L4000000L0400000@<400000L04000000D<000000H8000004\O`000000Thnn0
20220626185332Bh_7,h[Ya18ho1000000000000004L000000000000000000000000000000000000004L000004L00000000000000L400000000000000L0400000L40000000L400000L040000000000000L0400000L40000000L4000000H800000ld^Y2
20220714185352Th_1,`[`Y1<do100000L8L0000000000000H4400000L4000000H4400000L4000000L0400000H4400000L4000000L0400000L0400000L@d000000L0400000L0400000L04000000L4000000L400000L04000004H400000df_a2
20220714185352Th_2,X_XS3<do10000004L00000L<H0000040L00000000000000L400000L04000000H800000000000000H800000l`Wj0
20220714185352Th_3,\_`^18ho10000008H0000004L0000004L0000040L0000040L000004L00000040L000000000000040L0000040L0000040L000000000000040L0000040L0000040L000004L0000000000000040L0000088@0000004L0000004L000004L00000000000000000000004L0000000L4000000000000040L000000000000004L0000040L0000004L0000004L0000004L0000040L0000004L0000004L00000000000000L400000000000004L000000000000000000000004L0000000000000000000000000000000000000000000000000000004L00000000000000000000004L000000L40000000000000000000000000000000000000000000004L0000000000000004L000004L000000000000000000000004L000000000000040L000000000000004L00000000000004L00000004L000000000000040L0000004L000000000000004L00000000000004L000000000000000000000040L0000004L0000040L000004L00000004L000004L0000004L0000000L40000040L000004L00000004L0000040L0000040L00000000000004L00000040L0000040L0000040L000008LL0000080H0000044H0000084D0000080H0000044H00000<0D000008LL000008LL000008H0000008H0000004H4000004L000000lXgd1
20220714185352Th_4,lhhl2h0Xo100000Dl0@00000Dd0H00000H<L00000LdN\SNL\l14dSNL\l14dSNL\l14dSNLTl10hTN@Xk1`0hTN@Xk1`0hTN@Xk1`0hTN@lj1d0`UN\O\j1d0dUN\O\j1d0dUN\O\j1d0dUN\Oli1l0`VNTO\i1l0dVNTO\i1l0dVNTO\i1l0dVNTO\i1d0PWNXOPi1h0PWNXOPi1h0PWNXOPi1h0PWNXOPi1d0TWN@hh1`0XWN@hh1`0XWN@hh1`0XWN@dh18hWN0Ph10PXN0Ph10PXN0Ph10PXN0Ph1HXXN8hg1HXXN8hg1HXXN8hg1HXXN8hg1D`XNH`L<hj1LhXNH`L<hj1LhXNH`L<hj1LhXNH`L<hj1LTYN<df1D\YN<df1D\YN<df1D\YN<df1D`YN`0Xf1@hYN`0Xf1@hYN`0Xf1@hYN`0Xf1\OPZNh0he1XOXZNh0he1XOXZNh0he1XOXZNh0he1XO`ZNT1ld1lNT[NT1ld1lNT[NT1ld1lNT[NT1hd1lNd[Nl0\d1TOd[Nl0\d1TOd[Nl0\d1TOd[Nl0\d1XOh[N`0Xd1@h[N`0Xd1@h[N`0Xd1@h[N`0\d1@d[N<\d1Dd[N<\d1Dd[N<\d1Dd[N<dd1L\[NDdd1<\[NDdd1<\[NDdd1<\[NDhd1<\5000004L0000008H00000040L000004H400000`Xgl0
20220714185352Th_5,Po``2<do100000L400000040L000000000000004L0000000000000000000000L400000L4000000L04000000L400000L4000000H4400000L0400000L0400000L04000000L4000000L400000L4000000000000000000000000000000L04000000L400000L40000000L4000000L400000\RgX1
20220714185352Th_6,PXak0`0`o100000L8L00000L0400000H8000000H4400000H4400000LL800000LH<00000L0400000LL8000000L400000L40000000L400000000000004D800000`ifP3
20220714185352Th_7,\\aR2<do100000H8000000H8000000H8000000H8000000L0400000L0400000LL800000H0800000LL800000H0800000H4400000H0800000H4400000XO`0800000H0800000LL800000L0400000H0800000L04000000H8000004H4000000L4000004L00000000000000L400000000000000L04000000H800000LL8000000H8000000H800000Th^e1
20220714185352Th_8,`ZYf2<do10000004L000000L40000000000000\O4TQNLln14TQNLln14TQNLln14TQNLln1d000000000000000L04000000\Od0000000L400000L4000000000000000L40000000000000\fVV1
20220714185352Th_9,l]aW14lo100000L8L00000000000000000000000000000000000000000000000000000L4000000L40000000L400000L0400000L4000000L04000000L400000L0400000L04000004D800000Pcnc2
20220714185352Th_10,XbYb14lo100000L8L0000004L00000L4000000H4400000L4000000L4000000L4000000L0400000L04000000L400000L0400000H44000000H800000L40000000L400000L4000000L4000000000000000L4000000L400000L40000000L400000L4000000L04000000L400000L0400000L0400000H0800000L0400000L40000000L400000L04000000L4000000L400000L0400000L4000000L0400000L40000000L400000L0400000000000000L400000L04000000L40000000000000000000000L400000dafQ2
20220714185352Th_11,`caY28ho100000Lh0\O0000000000000L8L0000000000000L40000000L400000L40000000L4000000L400000L04000000L400000L0400000L4000000L04000000L400000L4000000L040000004L0000000000000L040000000000000L400000000000000L040000000000000L0400000L40000000L400000L0400000H8000000L04000000L400000L040000000000000L04000000L400000L400000000000000L04000000L400000L040000000000000L4000000L40000000L400000L0400000LL8000000L40000000000000L04000000L400000L400000000000000L040000000000000L0400000L0400000L0400000L04000000L400000LL800000LL8000000@`000000Ta^V1
20220714185352Th_12,\cQm28ho100000L8L00000H8000000D<000000H8000000H4400000L4000000L04000000000000000000000L040000000000000L0400000L040000000000000L04000000L40000000000000L0400000L4000000L040000000000000L0400000H4400000H4400000L040000000000000L4000000000000000L40000000000000L40000000L400000L4000000L40000000L4000000L4000000L4000000L400000L0400000LL8000000L4000004D8000000H8000000L4000004H400000X`^g0
20220728185352Th_1,\_hj2d0\o100000L4000000H4400000L0400000L0400000LL80000000000000L0400000L04000000L400000000000000000000000000000000000004L0000000000000004L0000040L0000004L0000044H00000000000004L00000040L0000000000000000000004L00000004L0000040L0000004L0000040L0000040L000008D4000004H400000T`ol0
20220728185352Th_2,\da`2h0Xo100000L400000004L000000000000000000000L400000004L0000000000000L0400000H8000000L0400000H4400000L0400000LPOlQN4\n1LdQN4\n1LdQN4\n1LdQN4X[P\1
